# Wavefront OBJ file written 2026-08-03T01:34:47
o ensamble_todo_v2_cfd_2

# points : 2790
# faces  : 5580
# zones  : 1
#   0  patch0  (nFaces: 5580)

# <points count="2790">
v 0.152802 0.0508617 0.00327727
v 0.152796 0.0495276 0.003392
v 0.201295 0.0506892 0.00306294
v 0.152795 0.0508464 0.0032773
v 0.141494 0.0414311 0.00332725
v 0.141494 0.0889627 0.00332725
v 0.204644 0.0498422 0.00300145
v 0.201737 0.05138 0.00295301
v 0.186841 0.0609136 0.00301884
v 0.171872 0.0704936 0.003085
v 0.185166 0.0492185 0.00328327
v 0.205755 0.0486478 0.00329993
v 0.15279 0.0482314 0.00372893
v 0.185163 0.0474001 0.00387596
v 0.152784 0.0470098 0.00427726
v 0.210111 0.046655 0.00410801
v 0.185161 0.0457765 0.00488714
v 0.152476 0.0482227 0.00370028
v 0.152471 0.0469963 0.00425063
v 0.152779 0.0458989 0.00502508
v 0.152465 0.0458811 0.00500124
v 0.152774 0.0449301 0.00594976
v 0.185162 0.0449639 0.00564176
v 0.185163 0.0442898 0.00646609
v 0.21421 0.0447809 0.00559527
v 0.21221 0.0456954 0.00475418
v 0.213243 0.0455842 0.00478581
v 0.210466 0.0469664 0.00387315
v 0.213417 0.0457024 0.00461121
v 0.207586 0.0483935 0.00328962
v 0.21065 0.0471466 0.0036877
v 0.213587 0.0458022 0.00442217
v 0.210829 0.0473055 0.00347918
v 0.207781 0.0486354 0.00310889
v 0.204853 0.0501433 0.00283957
v 0.20797 0.0488545 0.0028948
v 0.205054 0.0504223 0.00263269
v 0.208149 0.0490481 0.00265023
v 0.211001 0.0474415 0.00324974
v 0.211164 0.0475533 0.0030017
v 0.213913 0.045944 0.00400662
v 0.213753 0.0458829 0.00422013
v 0.216246 0.0444658 0.00562489
v 0.216403 0.0444819 0.00545822
v 0.216581 0.0444816 0.00525522
v 0.217511 0.0438304 0.00639583
v 0.217561 0.0439769 0.00564774
v 0.217565 0.0437908 0.00647755
v 0.217355 0.0438341 0.0065332
v 0.217196 0.0438252 0.00666648
v 0.216085 0.0444349 0.00578544
v 0.215921 0.0443892 0.00593903
v 0.215754 0.0443291 0.00608485
v 0.217035 0.0438038 0.00679512
v 0.216871 0.0437699 0.00691855
v 0.216036 0.0439472 0.00667546
v 0.185165 0.0437326 0.00737337
v 0.217571 0.043247 0.00804283
v 0.217556 0.0436327 0.00457146
v 0.217577 0.0428865 0.00924411
v 0.185168 0.0433021 0.00834732
v 0.152766 0.0431248 0.00949617
v 0.152767 0.0435225 0.00821724
v 0.15277 0.0441297 0.00702349
v 0.152457 0.0441046 0.00700729
v 0.152454 0.0434948 0.00820571
v 0.152156 0.0440278 0.00695901
v 0.152153 0.0434108 0.00817128
v 0.151976 0.0439534 0.00691245
v 0.152159 0.0448409 0.00586872
v 0.15198 0.0447754 0.00581017
v 0.151984 0.0457703 0.004861
v 0.152164 0.0458249 0.00492987
v 0.152461 0.0449083 0.00592943
v 0.152169 0.0469531 0.00417067
v 0.151989 0.0469109 0.00409348
v 0.151995 0.0481651 0.00353075
v 0.151739 0.0481053 0.00335781
v 0.151733 0.0468228 0.00393323
v 0.151517 0.0467118 0.0037321
v 0.151728 0.0456565 0.00471809
v 0.151512 0.0455132 0.00453873
v 0.151723 0.0446392 0.00568868
v 0.151508 0.0444677 0.00553624
v 0.15172 0.0437985 0.00681585
v 0.151504 0.0436039 0.00669465
v 0.151974 0.0433296 0.00813807
v 0.151718 0.0431606 0.00806917
v 0.151502 0.0429483 0.00798269
v 0.151339 0.043377 0.00655356
v 0.151342 0.0442679 0.00535877
v 0.151233 0.0440471 0.00516304
v 0.151237 0.0451614 0.00409961
v 0.151346 0.0453461 0.00432991
v 0.151352 0.0465822 0.00349792
v 0.151345 0.0469539 0.00328371
v 0.151188 0.0456038 0.00328441
v 0.151718 0.0482642 0.00328206
v 0.152483 0.0495239 0.00336214
v 0.152175 0.0481937 0.00361404
v 0.151182 0.0441923 0.00443403
v 0.151181 0.0440426 0.00328444
v 0.151001 0.0417941 0.00328524
v 0.151171 0.0417941 0.00328448
v 0.151171 0.0413735 0.00695153
v 0.151178 0.0430243 0.00583063
v 0.151229 0.0431265 0.00639794
v 0.151175 0.0421443 0.00742447
v 0.151174 0.0415842 0.00915693
v 0.151227 0.042428 0.00777095
v 0.15123 0.0419844 0.00924507
v 0.15123 0.0404561 0.0145418
v 0.151172 0.0406178 0.010621
v 0.151174 0.0398671 0.0149568
v 0.151172 0.0395275 0.0142384
v 0.151049 0.0395362 0.0142152
v 0.151033 0.0406127 0.0106438
v 0.151017 0.0413674 0.00699086
v 0.151001 0.0414311 0.00328524
v 0.151019 0.0390317 0.0075596
v 0.150994 0.0396654 0.00179977
v 0.150972 0.0414311 -0.00305273
v 0.141466 0.0414311 -0.00301071
v 0.138311 0.0414311 0.000172278
v 0.138311 0.057275 0.000172278
v 0.138415 0.0414311 -0.000648393
v 0.138422 0.057275 0.000991994
v 0.138422 0.0414311 0.000991994
v 0.138742 0.0731188 0.00175489
v 0.138422 0.0731188 0.000991994
v 0.138742 0.057275 0.00175489
v 0.138742 0.0889627 0.00175489
v 0.139249 0.0889627 0.00240898
v 0.139249 0.0731188 0.00240898
v 0.139907 0.0889627 0.00290969
v 0.139907 0.0731188 0.00290969
v 0.139249 0.057275 0.00240898
v 0.139907 0.057275 0.00290969
v 0.139249 0.0414311 0.00240898
v 0.138742 0.0414311 0.00175489
v 0.139907 0.0414311 0.00290969
v 0.140673 0.057275 0.0032229
v 0.140673 0.0414311 0.0032229
v 0.140673 0.0731188 0.0032229
v 0.140673 0.0889627 0.0032229
v 0.1407 0.0897829 0.00311847
v 0.141493 0.0897829 0.00321927
v 0.141492 0.0905472 0.00290269
v 0.141935 0.0896535 0.00321732
v 0.140781 0.0905472 0.00281232
v 0.142346 0.0902973 0.00289892
v 0.142202 0.0905472 0.00280604
v 0.142069 0.0912035 0.00232016
v 0.141489 0.0912035 0.00239908
v 0.142609 0.0912035 0.00209392
v 0.142278 0.0917071 0.00152698
v 0.142697 0.0908501 0.00239374
v 0.141896 0.0917071 0.00168696
v 0.157314 0.0807173 0.00283276
v 0.142966 0.0912743 0.00173622
v 0.157666 0.0812701 0.00232758
v 0.157934 0.0816943 0.00167007
v 0.172283 0.0711373 0.0027666
v 0.172634 0.0716901 0.00226143
v 0.187252 0.0615573 0.00270044
v 0.202148 0.0520237 0.0026346
v 0.187603 0.0621101 0.00219527
v 0.205414 0.0508972 0.00209852
v 0.202499 0.0525765 0.00212943
v 0.205242 0.0506749 0.00238432
v 0.208317 0.0492138 0.00237837
v 0.208496 0.0493701 0.00202776
v 0.211343 0.0476523 0.00268898
v 0.211497 0.0477123 0.00237697
v 0.208645 0.049477 0.00167189
v 0.205594 0.0511149 0.0017198
v 0.205737 0.0512731 0.00132774
v 0.202768 0.0530007 0.00147191
v 0.188039 0.062801 0.000772697
v 0.187872 0.0625343 0.00153775
v 0.202935 0.0532674 0.000706859
v 0.17307 0.072381 0.000838855
v 0.172903 0.0721143 0.00160391
v 0.158102 0.0819609 0.000905013
v 0.143133 0.0915409 0.000971172
v 0.158095 0.0819609 -0.000735373
v 0.143188 0.0916319 0.000150721
v 0.142605 0.0917071 0.00127372
v 0.142855 0.0917071 0.000944452
v 0.143012 0.0917071 0.000561603
v 0.142273 0.0920237 0.000367051
v 0.1423 0.0920237 0.000154646
v 0.143064 0.0917071 0.000151268
v 0.142271 0.0920237 -5.75118e-05
v 0.143008 0.0917071 -0.00025859
v 0.143126 0.0915409 -0.000669215
v 0.142188 0.0920237 -0.000254965
v 0.142848 0.0917071 -0.000640039
v 0.142057 0.0920237 -0.000424256
v 0.14148 0.0921317 0.000158271
v 0.141476 0.0920237 -0.000661922
v 0.141688 0.0920237 -0.000634913
v 0.141887 0.0920237 -0.000553849
v 0.142192 0.0920237 0.000565229
v 0.142062 0.0920237 0.000735672
v 0.141893 0.0920237 0.000866767
v 0.141695 0.0920237 0.000949579
v 0.141483 0.0920237 0.000978465
v 0.141271 0.0920237 0.000951455
v 0.141073 0.0920237 0.000870392
v 0.140902 0.0920237 0.000740799
v 0.140771 0.0920237 0.000571507
v 0.140688 0.0920237 0.000374055
v 0.140659 0.0920237 0.000161897
v 0.140686 0.0920237 -5.05086e-05
v 0.140767 0.0920237 -0.000248686
v 0.140897 0.0920237 -0.000419129
v 0.141066 0.0920237 -0.000550224
v 0.141264 0.0920237 -0.000633036
v 0.141473 0.0917071 -0.00142622
v 0.141883 0.0917071 -0.00137404
v 0.14205 0.0912035 -0.00200875
v 0.142591 0.0912035 -0.00178728
v 0.142266 0.0917071 -0.00121744
v 0.142952 0.0912743 -0.00143276
v 0.142595 0.0917071 -0.000967085
v 0.157921 0.0816943 -0.00149892
v 0.142678 0.0908501 -0.00208788
v 0.157646 0.0812701 -0.00215404
v 0.173063 0.072381 -0.000801531
v 0.172889 0.0721143 -0.00156508
v 0.188032 0.062801 -0.00086769
v 0.187858 0.0625343 -0.00163123
v 0.203 0.053221 -0.000933848
v 0.20299 0.0533583 -0.000113592
v 0.205934 0.0514384 0.000475306
v 0.206838 0.0508961 0.000134818
v 0.203062 0.0533119 -0.000113912
v 0.208874 0.0495652 0.000911352
v 0.210623 0.0484761 0.00096578
v 0.206881 0.0508668 -0.000390883
v 0.205964 0.0513721 -0.000932299
v 0.208891 0.0495134 -0.00136818
v 0.210635 0.0484624 -0.0012376
v 0.214261 0.0461519 0.00246032
v 0.214241 0.0461503 -0.00273163
v 0.211755 0.0476922 -0.00217139
v 0.215941 0.0450594 -0.00376989
v 0.214515 0.0459357 -0.00338246
v 0.216945 0.0443864 -0.00501514
v 0.214389 0.0459559 -0.00362468
v 0.216812 0.0444287 -0.00519873
v 0.216671 0.0444562 -0.00537971
v 0.214253 0.0459555 -0.00386203
v 0.21164 0.0476856 -0.00246672
v 0.211509 0.0476519 -0.00275406
v 0.208787 0.0494767 -0.00171061
v 0.208664 0.0494059 -0.00204113
v 0.205875 0.0513015 -0.00131665
v 0.205761 0.0511896 -0.00168432
v 0.202826 0.0529543 -0.00169739
v 0.208524 0.0493019 -0.00235555
v 0.205624 0.0510383 -0.00202955
v 0.211211 0.0475046 -0.0032935
v 0.208368 0.0491662 -0.00264984
v 0.211366 0.0475913 -0.00303058
v 0.205468 0.0508502 -0.00234684
v 0.208166 0.0489669 -0.00296661
v 0.211015 0.0473692 -0.00358327
v 0.205259 0.050584 -0.00267887
v 0.207962 0.0487443 -0.00322901
v 0.21082 0.0472113 -0.00383152
v 0.210617 0.0470256 -0.00405296
v 0.213383 0.0456038 -0.00498872
v 0.213575 0.0457227 -0.00478532
v 0.215819 0.0443439 -0.00627307
v 0.216003 0.0444027 -0.00610482
v 0.213763 0.0458182 -0.0045652
v 0.216908 0.043778 -0.00709055
v 0.21709 0.0438095 -0.00694766
v 0.216185 0.0444432 -0.00592737
v 0.213954 0.0458932 -0.00431519
v 0.216372 0.0444659 -0.00572999
v 0.217268 0.0438254 -0.00679851
v 0.217454 0.043825 -0.006634
v 0.214108 0.0459346 -0.00409277
v 0.216524 0.0444686 -0.0055571
v 0.21751 0.0439761 -0.00588581
v 0.217506 0.0437871 -0.00670796
v 0.217535 0.0438714 -0.00015437
v 0.217514 0.0435997 -0.00487842
v 0.217499 0.0432274 -0.00825368
v 0.230406 0.0438087 -0.000727589
v 0.230406 0.0435593 -0.00472409
v 0.230406 0.0429461 -0.00868114
v 0.217494 0.0428207 -0.00954572
v 0.230406 0.0419742 -0.0125657
v 0.152766 0.0431648 -0.00931263
v 0.185112 0.0432905 -0.0084078
v 0.152765 0.0435585 -0.00802802
v 0.185119 0.0437216 -0.00743532
v 0.152765 0.0441637 -0.0068285
v 0.215953 0.0439387 -0.00691518
v 0.185126 0.0442792 -0.00652952
v 0.152767 0.0449627 -0.00574829
v 0.152454 0.0446558 -0.00606899
v 0.152453 0.0439872 -0.00706711
v 0.152452 0.0434764 -0.00815444
v 0.152151 0.0433914 -0.00812182
v 0.152152 0.043908 -0.00702176
v 0.151973 0.0438316 -0.0069782
v 0.151972 0.0433093 -0.00809042
v 0.152154 0.0445842 -0.00601191
v 0.151717 0.0431388 -0.0080253
v 0.151643 0.0427159 -0.0092158
v 0.151972 0.0429607 -0.0092686
v 0.151643 0.041059 -0.014958
v 0.15139 0.0407517 -0.014846
v 0.15139 0.0423963 -0.00914683
v 0.15123 0.0403933 -0.0147154
v 0.15123 0.0420234 -0.00906638
v 0.151336 0.0426753 -0.00784855
v 0.151502 0.0429247 -0.00794362
v 0.151718 0.0436729 -0.00688793
v 0.151503 0.0434735 -0.00677478
v 0.15172 0.0443719 -0.00584381
v 0.151338 0.0432414 -0.00664315
v 0.151505 0.044192 -0.00570179
v 0.15134 0.0439823 -0.00553661
v 0.151227 0.0424 -0.0077437
v 0.151229 0.0429852 -0.00649801
v 0.151174 0.0416228 -0.00897994
v 0.151175 0.0421819 -0.00722986
v 0.151171 0.0413027 -0.00668224
v 0.151178 0.0430672 -0.00562009
v 0.150972 0.0417586 -0.00305273
v 0.151171 0.0417586 -0.00305361
v 0.151171 0.0405173 -0.0103122
v 0.150947 0.040858 -0.00892234
v 0.150968 0.0394538 -0.00399095
v 0.151181 0.0440592 -0.00305365
v 0.151182 0.0442452 -0.00421043
v 0.151188 0.0456723 -0.00305368
v 0.151368 0.047131 -0.00305448
v 0.151239 0.0457523 -0.00347639
v 0.151235 0.0446806 -0.0043397
v 0.151231 0.043751 -0.00535453
v 0.151343 0.0448818 -0.00455454
v 0.151348 0.0459188 -0.00371909
v 0.151512 0.0460696 -0.00393932
v 0.151508 0.045064 -0.00474948
v 0.151517 0.0471853 -0.00328925
v 0.15173 0.0472847 -0.00349616
v 0.151726 0.046199 -0.00412875
v 0.151985 0.0473637 -0.00366145
v 0.151981 0.046302 -0.00428005
v 0.151722 0.0452205 -0.00491712
v 0.151977 0.0453451 -0.00505098
v 0.152159 0.0463515 -0.00435318
v 0.152156 0.0454051 -0.00511565
v 0.151975 0.0445152 -0.00595717
v 0.152456 0.0454672 -0.00518315
v 0.152459 0.0464028 -0.00442957
v 0.15277 0.0459331 -0.00481915
v 0.152773 0.0470461 -0.00406659
v 0.152463 0.0474409 -0.00382491
v 0.152778 0.0482705 -0.00351356
v 0.152467 0.0485586 -0.00338455
v 0.152163 0.0474017 -0.00374138
v 0.152168 0.0485324 -0.0032958
v 0.151989 0.0485069 -0.00321092
v 0.152472 0.0497298 -0.00311693
v 0.152783 0.0495708 -0.00317537
v 0.152782 0.0508939 -0.00306073
v 0.151747 0.0484225 -0.00305616
v 0.152789 0.0509093 -0.00306076
v 0.141466 0.0889627 -0.00301071
v 0.20134 0.0506428 -0.00327535
v 0.171845 0.0704936 -0.003037
v 0.186814 0.0609136 -0.00310316
v 0.201782 0.0513336 -0.00316932
v 0.204578 0.0496319 -0.00330714
v 0.205757 0.0486179 -0.00354515
v 0.185167 0.049205 -0.00335262
v 0.185155 0.0473882 -0.0039441
v 0.21007 0.0466397 -0.00437012
v 0.185141 0.0457658 -0.00495332
v 0.214135 0.0447741 -0.00585151
v 0.213186 0.0454627 -0.00517353
v 0.210409 0.0468145 -0.00424485
v 0.207526 0.0482116 -0.00363346
v 0.215631 0.0442673 -0.00643102
v 0.216725 0.043731 -0.00722641
v 0.207747 0.0484912 -0.00345247
v 0.204816 0.0499762 -0.00315329
v 0.202196 0.0519774 -0.00285456
v 0.205044 0.0502956 -0.0029425
v 0.202552 0.0525302 -0.00235251
v 0.187227 0.0615573 -0.0027884
v 0.187583 0.0621101 -0.00228635
v 0.172259 0.0711373 -0.00272224
v 0.172615 0.0716901 -0.00222019
v 0.15729 0.0807173 -0.00265608
v 0.142321 0.0902973 -0.00258992
v 0.141908 0.0896535 -0.00290469
v 0.156877 0.0800735 -0.00297084
v 0.141467 0.0905472 -0.00258615
v 0.142178 0.0905472 -0.00249577
v 0.14147 0.0912035 -0.00208254
v 0.14089 0.0912035 -0.00200362
v 0.141063 0.0917071 -0.00137042
v 0.140681 0.0917071 -0.00121044
v 0.140351 0.0912035 -0.00177737
v 0.140354 0.0917071 -0.000957181
v 0.140104 0.0917071 -0.000627909
v 0.139888 0.0912035 -0.00141922
v 0.140097 0.0905472 -0.0022124
v 0.139534 0.0912035 -0.000953556
v 0.13953 0.0905472 -0.00177375
v 0.139937 0.0897829 -0.00248587
v 0.139305 0.0897829 -0.00199662
v 0.139097 0.0905472 -0.00120343
v 0.139313 0.0912035 -0.000412126
v 0.138826 0.0905472 -0.00054032
v 0.138822 0.0897829 -0.00136051
v 0.139229 0.0889627 -0.00207263
v 0.138728 0.0889627 -0.00141409
v 0.138519 0.0897829 -0.000620906
v 0.139229 0.0731188 -0.00207263
v 0.138728 0.0731188 -0.00141409
v 0.138415 0.0889627 -0.000648393
v 0.138415 0.0731188 -0.000648393
v 0.138311 0.0889627 0.000172278
v 0.138419 0.0897829 0.0001718
v 0.138526 0.0897829 0.000963585
v 0.138735 0.0905472 0.000170401
v 0.138832 0.0905472 0.000880296
v 0.139318 0.0912035 0.000747802
v 0.139544 0.0912035 0.00128725
v 0.139109 0.0905472 0.00154099
v 0.140111 0.0917071 0.000956582
v 0.140364 0.0917071 0.00128363
v 0.139902 0.0912035 0.00174977
v 0.140693 0.0917071 0.00153398
v 0.140368 0.0912035 0.00210382
v 0.141076 0.0917071 0.00169059
v 0.141486 0.0917071 0.00174276
v 0.140909 0.0912035 0.00232529
v 0.140118 0.0905472 0.00254107
v 0.139961 0.0897829 0.00281594
v 0.139325 0.0897829 0.00233229
v 0.139548 0.0905472 0.00210745
v 0.138835 0.0897829 0.00170049
v 0.138422 0.0889627 0.000991994
v 0.138311 0.0731188 0.000172278
v 0.138415 0.057275 -0.000648393
v 0.138728 0.0414311 -0.00141409
v 0.138728 0.057275 -0.00141409
v 0.139229 0.0414311 -0.00207263
v 0.139229 0.057275 -0.00207263
v 0.139883 0.057275 -0.00257915
v 0.139883 0.0414311 -0.00257915
v 0.140646 0.0414311 -0.00289911
v 0.139883 0.0731188 -0.00257915
v 0.140646 0.057275 -0.00289911
v 0.140646 0.0731188 -0.00289911
v 0.140646 0.0889627 -0.00289911
v 0.139883 0.0889627 -0.00257915
v 0.140674 0.0897829 -0.00279493
v 0.140758 0.0905472 -0.0024895
v 0.141466 0.0897829 -0.00290273
v 0.139951 0.0917071 0.000575133
v 0.139239 0.0912035 0.000168175
v 0.139895 0.0917071 0.000165275
v 0.139947 0.0917071 -0.000245061
v 0.185133 0.0449534 -0.00570662
v 0.153979 0.0394538 -0.00400426
v 0.153954 0.0384013 -0.00970246
v 0.150943 0.0384013 -0.00968915
v 0.154004 0.0396654 0.00178647
v 0.154003 0.0400062 0.0014613
v 0.153977 0.0397928 -0.00437923
v 0.153952 0.0387312 -0.0101264
v 0.234507 0.0390171 -0.00720682
v 0.234507 0.0396506 -0.00144909
v 0.234371 0.0401249 -0.0070751
v 0.234371 0.0405207 0.0042589
v 0.234507 0.039439 0.00433953
v 0.234371 0.0407191 -0.00142194
v 0.233964 0.0411051 -0.00724795
v 0.233964 0.0396964 -0.0128981
v 0.234371 0.0387497 -0.0125906
v 0.234371 0.0366204 -0.0178609
v 0.233964 0.037515 -0.0182973
v 0.234507 0.037552 -0.0128109
v 0.234507 0.0352865 -0.018142
v 0.153927 0.0368441 -0.0156578
v 0.153929 0.0365303 -0.0151867
v 0.153907 0.0338807 -0.0203401
v 0.153904 0.0341718 -0.0208555
v 0.153886 0.0305091 -0.0250527
v 0.153883 0.0307712 -0.0256088
v 0.234507 0.032269 -0.0230865
v 0.234507 0.0285637 -0.0275388
v 0.234371 0.0302786 -0.027263
v 0.234371 0.0337782 -0.0227837
v 0.233964 0.0310183 -0.027929
v 0.234371 0.0261897 -0.0312116
v 0.233964 0.0268295 -0.0319741
v 0.234507 0.0242496 -0.0314043
v 0.234371 0.021591 -0.0345528
v 0.233964 0.0221184 -0.0353969
v 0.153865 0.0267147 -0.0298162
v 0.153849 0.0220889 -0.0333881
v 0.234507 0.0194187 -0.0346004
v 0.153836 0.0169922 -0.0362485
v 0.234507 0.0141739 -0.037059
v 0.234371 0.016572 -0.0372214
v 0.234371 0.0112305 -0.0391655
v 0.233964 0.0115049 -0.0401223
v 0.233964 0.0169769 -0.0381307
v 0.233313 0.0173251 -0.0389128
v 0.233313 0.0117409 -0.0409452
v 0.232463 0.0119223 -0.0415782
v 0.232463 0.00601976 -0.0428328
v 0.233313 0.00592812 -0.0421808
v 0.233964 0.00580898 -0.041333
v 0.233313 -5.21642e-18 -0.0425953
v 0.232463 -5.29706e-18 -0.0432537
v 0.232463 -0.00601976 -0.0428328
v 0.233964 -5.11158e-18 -0.0417393
v 0.233313 -0.00592812 -0.0421808
v 0.233964 -0.00580898 -0.041333
v 0.233313 -0.0117409 -0.0409452
v 0.232463 -0.0119223 -0.0415782
v 0.232463 -0.0175929 -0.0395143
v 0.233964 -0.0115049 -0.0401223
v 0.233313 -0.0173251 -0.0389128
v 0.233964 -0.0169769 -0.0381307
v 0.233313 -0.0225721 -0.0361229
v 0.232463 -0.022921 -0.0366813
v 0.232463 -0.027803 -0.0331343
v 0.233964 -0.0221184 -0.0353969
v 0.233313 -0.0273797 -0.0326299
v 0.233964 -0.0268295 -0.0319741
v 0.233313 -0.0316545 -0.0285018
v 0.232463 -0.0321438 -0.0289424
v 0.232463 -0.035859 -0.0241872
v 0.233964 -0.0310183 -0.027929
v 0.233313 -0.0353131 -0.023819
v 0.233964 -0.0346034 -0.0233403
v 0.233313 -0.0382844 -0.0186726
v 0.232463 -0.0388762 -0.0189612
v 0.232463 -0.0411368 -0.0133661
v 0.233964 -0.037515 -0.0182973
v 0.233313 -0.0405106 -0.0131627
v 0.233964 -0.0396964 -0.0128981
v 0.233313 -0.0419482 -0.0073966
v 0.232463 -0.0425966 -0.00751093
v 0.232463 -0.0432274 -0.00150953
v 0.231471 -0.0436431 -0.00152405
v 0.231471 -0.0430062 -0.00758316
v 0.230406 -0.0435593 -0.00472409
v 0.230406 -0.0438087 -0.000727589
v 0.230406 -0.0436922 0.00327499
v 0.231471 -0.0434305 0.00456472
v 0.232463 -0.0430168 0.00452125
v 0.231471 -0.0423725 0.0105647
v 0.230406 -0.0432107 0.00725022
v 0.217556 -0.0436327 0.00457146
v 0.217577 -0.0428865 0.00924411
v 0.230406 -0.0423684 0.0111649
v 0.152766 -0.0431248 0.00949617
v 0.152766 -0.0414765 0.0151534
v 0.230406 -0.0411721 0.0149863
v 0.230406 -0.039632 0.0186826
v 0.231471 -0.0404898 0.0163589
v 0.232463 -0.0419689 0.010464
v 0.232463 -0.0401042 0.0162031
v 0.231471 -0.0378191 0.0218348
v 0.233313 -0.0413301 0.0103047
v 0.233313 -0.042362 0.00445242
v 0.233964 -0.0417138 -0.00145668
v 0.233313 -0.0425694 -0.00148656
v 0.233964 -0.0415106 0.00436294
v 0.234371 -0.0407191 -0.00142194
v 0.233964 -0.0404994 0.0100976
v 0.234371 -0.0405207 0.0042589
v 0.234507 -0.0396506 -0.00144909
v 0.234371 -0.0401249 -0.0070751
v 0.234507 -0.0390171 -0.00720682
v 0.234371 -0.0387497 -0.0125906
v 0.233964 -0.0411051 -0.00724795
v 0.234371 -0.0366204 -0.0178609
v 0.234507 -0.037552 -0.0128109
v 0.153952 -0.0387312 -0.0101264
v 0.153927 -0.0368441 -0.0156578
v 0.234507 -0.0352865 -0.018142
v 0.153929 -0.0365303 -0.0151867
v 0.153954 -0.0384013 -0.00970246
v 0.153977 -0.0397928 -0.00437923
v 0.153979 -0.0394538 -0.00400426
v 0.154003 -0.0400062 0.0014613
v 0.154004 -0.0396654 0.00178647
v 0.154029 -0.039367 0.00727067
v 0.234507 -0.039439 0.00433953
v 0.234507 -0.0383869 0.0100357
v 0.234371 -0.0395336 0.00985684
v 0.234371 -0.0377771 0.0152629
v 0.233964 -0.0387 0.0156358
v 0.233313 -0.0368886 0.0212977
v 0.233313 -0.0394937 0.0159565
v 0.233964 -0.0361473 0.0208696
v 0.233313 -0.0335656 0.0262243
v 0.234371 -0.0352852 0.0203719
v 0.233964 -0.032891 0.0256972
v 0.232463 -0.0340844 0.0266297
v 0.232463 -0.0300466 0.0311141
v 0.233313 -0.0295892 0.0306405
v 0.231471 -0.0303355 0.0314133
v 0.231471 -0.0256684 0.0353295
v 0.232463 -0.0254239 0.034993
v 0.230406 -0.0273172 0.0342564
v 0.230406 -0.0240757 0.0366073
v 0.231471 -0.0205017 0.038558
v 0.152766 -0.0279838 0.0341588
v 0.152766 -0.0231867 0.0375806
v 0.230406 -0.020633 0.0386524
v 0.152766 -0.0179766 0.0403331
v 0.230406 -0.0170181 0.0403747
v 0.230406 -0.013261 0.0417598
v 0.231471 -0.0149359 0.0410361
v 0.232463 -0.0147937 0.0406452
v 0.231471 -0.00907944 0.0427154
v 0.232463 -0.0203064 0.0381908
v 0.233313 -0.0199973 0.0376094
v 0.233313 -0.0250369 0.0344603
v 0.233964 -0.0245337 0.0337678
v 0.233964 -0.0289945 0.0300247
v 0.234371 -0.0321066 0.0250844
v 0.234371 -0.0283031 0.0293087
v 0.234507 -0.0304977 0.0253804
v 0.234507 -0.0338681 0.0206694
v 0.154077 -0.035603 0.018304
v 0.234507 -0.0365166 0.0155179
v 0.1541 -0.0325584 0.0232927
v 0.154054 -0.0378887 0.0129251
v 0.15403 -0.0390317 0.00754629
v 0.154055 -0.037566 0.0131525
v 0.154078 -0.0352997 0.0184855
v 0.151044 -0.037566 0.0131658
v 0.151019 -0.0390317 0.0075596
v 0.151001 -0.0414311 0.00328524
v 0.150994 -0.0396654 0.00179977
v 0.151017 -0.0413674 0.00699086
v 0.151033 -0.0406127 0.0106438
v 0.151172 -0.0406178 0.010621
v 0.151172 -0.0395275 0.0142384
v 0.151049 -0.0395362 0.0142152
v 0.151172 -0.0381118 0.0177513
v 0.151064 -0.0381463 0.0176767
v 0.151079 -0.036454 0.0210009
v 0.151068 -0.0352997 0.0184988
v 0.1541 -0.032281 0.0234317
v 0.15109 -0.032281 0.023445
v 0.151106 -0.0322183 0.0271331
v 0.151109 -0.0285743 0.027899
v 0.151093 -0.0344728 0.0241613
v 0.15412 -0.0285743 0.0278857
v 0.151118 -0.0297084 0.0298925
v 0.151126 -0.0242586 0.0317659
v 0.154137 -0.0242586 0.0317525
v 0.151129 -0.0269631 0.0324177
v 0.151172 -0.024121 0.0346065
v 0.151139 -0.024004 0.0346888
v 0.151172 -0.0270476 0.0323453
v 0.151174 -0.0301078 0.0301101
v 0.151174 -0.0255375 0.0340724
v 0.151172 -0.0297093 0.0298914
v 0.15123 -0.028102 0.0325337
v 0.15123 -0.0237076 0.0358624
v 0.151174 -0.020452 0.0373471
v 0.15123 -0.0189234 0.0386014
v 0.151174 -0.0149537 0.0398683
v 0.151173 -0.0176067 0.0383673
v 0.151172 -0.0209606 0.0366259
v 0.151148 -0.0208547 0.0366877
v 0.151173 -0.0141026 0.0398015
v 0.151156 -0.01754 0.0383985
v 0.151162 -0.0140863 0.0398078
v 0.151141 -0.0194259 0.0349631
v 0.151151 -0.0141792 0.0374227
v 0.154162 -0.0141792 0.0374094
v 0.151159 -0.00863022 0.0390921
v 0.154169 -0.00863022 0.0390788
v 0.151167 -0.010521 0.0409043
v 0.151173 -0.0104932 0.0409109
v 0.15117 -0.00687223 0.0416793
v 0.151163 -0.00289732 0.0399358
v 0.151172 -0.00316901 0.0421267
v 0.151173 -0.00683052 0.0416861
v 0.151174 -0.00915373 0.0415849
v 0.151174 -0.00316901 0.0424623
v 0.151173 -0.00316901 0.0421267
v 0.151369 -0.00316901 0.0421259
v 0.151369 -0.00105724 0.0422325
v 0.151173 5.81438e-19 0.0422467
v 0.151384 0.00132733 0.0456314
v 0.151384 -0.00132733 0.0456314
v 0.151369 0.00105724 0.0422325
v 0.151377 -0.00232012 0.0441031
v 0.151374 -0.00306742 0.0432342
v 0.151417 -0.00273466 0.0443746
v 0.151533 -0.0031141 0.04467
v 0.151421 -0.00383087 0.0432574
v 0.151426 -0.00157848 0.0462228
v 0.151374 -0.00316901 0.0432268
v 0.15139 -0.00858061 0.0425145
v 0.151516 -0.00429869 0.0433437
v 0.151643 -0.00864531 0.0428351
v 0.151677 -0.00478154 0.0434687
v 0.151972 -0.00869484 0.0430805
v 0.152181 -0.00574596 0.0436725
v 0.151717 -0.00483523 0.0435311
v 0.151976 -0.00511049 0.0438504
v 0.151982 -0.00380788 0.045209
v 0.151723 -0.00347474 0.0449504
v 0.151731 -0.00242094 0.0466349
v 0.151541 -0.00201041 0.0464342
v 0.151551 -0.00123665 0.0486038
v 0.15174 -0.00168215 0.0487064
v 0.151989 -0.00280017 0.0468198
v 0.152312 -0.00411274 0.0454453
v 0.152318 -0.00314721 0.0469887
v 0.151997 -0.00209369 0.0488007
v 0.151832 -0.00158451 0.0508897
v 0.152327 -0.0024703 0.0488867
v 0.152336 -0.00224083 0.0508875
v 0.152663 -0.00275458 0.0489512
v 0.152655 -0.00340917 0.0471158
v 0.153038 -0.00299033 0.0490042
v 0.15303 -0.0036264 0.0472207
v 0.153023 -0.0045337 0.0457704
v 0.153428 -0.00468135 0.0458838
v 0.153434 -0.00379449 0.0473014
v 0.153861 -0.00390983 0.0473561
v 0.153855 -0.00478267 0.0459609
v 0.153442 -0.00317273 0.0490448
v 0.152992 -0.00274445 0.0508846
v 0.153868 -0.00329791 0.0490719
v 0.153756 -0.00306103 0.0508812
v 0.154565 -0.0036214 0.0482391
v 0.15457 -0.00328313 0.0495407
v 0.153812 -0.00306103 0.0635678
v 0.154576 -0.00316901 0.0508775
v 0.154745 -0.00316901 0.0889375
v 0.214055 -0.00316901 0.0506085
v 0.199672 -0.00306103 0.0608796
v 0.184845 -0.00306103 0.0704618
v 0.2145 -0.00306103 0.0512973
v 0.205143 -0.00331783 0.0491218
v 0.218573 -0.00344403 0.0485184
v 0.217844 -0.00315678 0.0495276
v 0.218254 -0.00278437 0.0500875
v 0.214915 -0.00274445 0.0519393
v 0.200087 -0.00274445 0.0615215
v 0.218053 -0.00299215 0.0498187
v 0.221592 -0.00318926 0.0482709
v 0.221771 -0.00294917 0.0484454
v 0.218443 -0.00253685 0.0503301
v 0.218617 -0.00225351 0.0505426
v 0.221939 -0.00268463 0.0485931
v 0.222121 -0.00234613 0.0487299
v 0.224601 -0.0030227 0.0472163
v 0.22442 -0.00332554 0.0471293
v 0.224255 -0.00356683 0.0470287
v 0.226807 -0.00427781 0.0457145
v 0.226988 -0.00401942 0.0457553
v 0.22948 -0.00563644 0.0442263
v 0.229643 -0.00544785 0.0442024
v 0.227148 -0.00376541 0.0457684
v 0.224758 -0.00272113 0.0472666
v 0.227296 -0.00350425 0.0457566
v 0.229798 -0.00525562 0.0441607
v 0.23039 -0.0068341 0.0435824
v 0.230406 -0.00518653 0.0438148
v 0.229944 -0.00506095 0.0441016
v 0.228839 -0.00382529 0.0448274
v 0.227431 -0.00323827 0.04572
v 0.227127 -0.00272577 0.0459337
v 0.225022 -0.00208787 0.0472714
v 0.224899 -0.0024083 0.047285
v 0.222274 -0.00200407 0.0488208
v 0.222407 -0.0016457 0.0488728
v 0.218946 -0.00149381 0.0508986
v 0.2188 -0.00187986 0.0507495
v 0.215544 -0.00158451 0.0529135
v 0.215271 -0.00224083 0.0524905
v 0.200717 -0.00158451 0.0624957
v 0.200443 -0.00224083 0.0620727
v 0.185889 -0.00158451 0.072078
v 0.185616 -0.00224083 0.071655
v 0.171062 -0.00158451 0.0816602
v 0.18526 -0.00274445 0.0711038
v 0.170788 -0.00224083 0.0812372
v 0.156406 -0.000820201 0.0915084
v 0.171234 -0.000820201 0.0819261
v 0.156234 -0.00158451 0.0912425
v 0.156465 4.39789e-19 0.091599
v 0.171292 8.79578e-19 0.0820168
v 0.186061 -0.000820201 0.0723439
v 0.18612 -8.79578e-19 0.0724345
v 0.200889 -0.000820201 0.0627616
v 0.200947 -2.19895e-18 0.0628523
v 0.186061 0.000820201 0.0723439
v 0.171234 0.000820201 0.0819261
v 0.200889 0.000820201 0.0627616
v 0.215775 -1.24996e-32 0.0532701
v 0.215716 -0.000820201 0.0531794
v 0.219153 -0.000656267 0.0510503
v 0.219065 -0.00108334 0.0509995
v 0.222517 -0.00127627 0.0488851
v 0.22347 -0.00115882 0.0482972
v 0.219653 -0.000282581 0.0507635
v 0.22347 0.00115882 0.0482972
v 0.219653 0.000282581 0.0507635
v 0.230406 -1.24996e-32 0.0438148
v 0.227127 0.00272577 0.0459337
v 0.224967 0.00223739 0.0472817
v 0.222469 0.00144887 0.0488843
v 0.22485 0.00252286 0.047282
v 0.219116 0.000856156 0.051033
v 0.222361 0.00177727 0.0488585
v 0.224718 0.00280111 0.0472565
v 0.222236 0.00209517 0.0488008
v 0.219025 0.0012346 0.0509687
v 0.215716 0.000820201 0.0531794
v 0.218911 0.00159727 0.0508642
v 0.215544 0.00158451 0.0529135
v 0.218774 0.00193867 0.0507214
v 0.222095 0.00239884 0.0487119
v 0.218617 0.00225351 0.0505426
v 0.221939 0.00268463 0.0485931
v 0.215271 0.00224083 0.0524905
v 0.218197 0.00284918 0.0500118
v 0.214915 0.00274445 0.0519393
v 0.200087 0.00274445 0.0615215
v 0.200443 0.00224083 0.0620727
v 0.21841 0.002584 0.0502887
v 0.221538 0.0032542 0.0482153
v 0.22174 0.00299412 0.048416
v 0.224031 0.00385279 0.0468644
v 0.221327 0.00347943 0.0479847
v 0.22383 0.00407265 0.0466936
v 0.224225 0.00360836 0.0470081
v 0.226236 0.0049423 0.0454453
v 0.226429 0.00474087 0.0455572
v 0.226616 0.00452353 0.0456461
v 0.228747 0.00634979 0.0441368
v 0.228932 0.0061883 0.0441861
v 0.229113 0.00601855 0.0442179
v 0.230026 0.00712348 0.0435847
v 0.229844 0.00725608 0.043563
v 0.230402 0.00850113 0.0430473
v 0.229661 0.00738265 0.0435266
v 0.229721 0.00773219 0.0433623
v 0.22856 0.00650202 0.0440701
v 0.228926 0.00704493 0.04373
v 0.205118 0.00740227 0.0436378
v 0.205116 0.00837509 0.0432068
v 0.230401 0.00939311 0.0427961
v 0.192472 0.0093986 0.0429665
v 0.179829 0.00837824 0.0433201
v 0.179831 0.00740492 0.0437508
v 0.154544 0.00812806 0.0435302
v 0.154547 0.00693202 0.0441356
v 0.179834 0.00649827 0.0443083
v 0.15455 0.00585156 0.0449361
v 0.179837 0.00567454 0.0449824
v 0.20512 0.00649613 0.0441954
v 0.205123 0.00567289 0.0448695
v 0.227116 0.00589331 0.0445674
v 0.22604 0.005126 0.0453113
v 0.225108 0.00499624 0.0454961
v 0.223623 0.00426537 0.0464977
v 0.222989 0.00430719 0.0464759
v 0.221109 0.00366652 0.0477276
v 0.218573 0.00344403 0.0485184
v 0.217734 0.00322403 0.0493704
v 0.21797 0.00306388 0.0497037
v 0.214055 0.00316901 0.0506085
v 0.2145 0.00306103 0.0512973
v 0.199672 0.00306103 0.0608796
v 0.184845 0.00306103 0.0704618
v 0.170017 0.00306103 0.0800441
v 0.18526 0.00274445 0.0711038
v 0.154745 0.00316901 0.0889375
v 0.154576 0.00316901 0.0508775
v 0.153868 0.00306103 0.0762544
v 0.153924 0.00306103 0.0889411
v 0.153956 0.00295673 0.0897611
v 0.154748 0.00306103 0.0897576
v 0.15519 0.00306103 0.0896263
v 0.154752 0.00274445 0.0905219
v 0.155605 0.00274445 0.0902682
v 0.170432 0.00274445 0.080686
v 0.170788 0.00224083 0.0812372
v 0.185616 0.00224083 0.071655
v 0.200717 0.00158451 0.0624957
v 0.185889 0.00158451 0.072078
v 0.171062 0.00158451 0.0816602
v 0.156234 0.00158451 0.0912425
v 0.155961 0.00224083 0.0908195
v 0.155462 0.00265093 0.0905188
v 0.155335 0.00216448 0.0911757
v 0.155875 0.00194062 0.0911733
v 0.155167 0.00153052 0.0916801
v 0.155549 0.00137222 0.0916784
v 0.15497 0.000792254 0.0919975
v 0.155168 0.000710315 0.0919966
v 0.155877 0.00112042 0.0916769
v 0.155338 0.00057997 0.0919959
v 0.156129 0.000792254 0.0916758
v 0.154759 -1.94046e-19 0.0921064
v 0.155468 0.000410101 0.0919953
v 0.156287 0.000410101 0.0916751
v 0.15555 0.000212284 0.0919949
v 0.155578 5.02228e-20 0.0919948
v 0.156341 4.48854e-19 0.0916749
v 0.156287 -0.000410101 0.0916751
v 0.156129 -0.000792254 0.0916758
v 0.15555 -0.000212284 0.0919949
v 0.155468 -0.000410101 0.0919953
v 0.155877 -0.00112042 0.0916769
v 0.155338 -0.00057997 0.0919959
v 0.155549 -0.00137222 0.0916784
v 0.155167 -0.00153052 0.0916801
v 0.155335 -0.00216448 0.0911757
v 0.155875 -0.00194062 0.0911733
v 0.155168 -0.000710315 0.0919966
v 0.15497 -0.000792254 0.0919975
v 0.154758 -0.000820201 0.0919985
v 0.154757 -0.00158451 0.0916819
v 0.154347 -0.00153052 0.0916837
v 0.154175 -0.00216448 0.0911808
v 0.154755 -0.00224083 0.0911783
v 0.154041 -0.00265093 0.0905251
v 0.153379 -0.00237676 0.090528
v 0.153634 -0.00194062 0.0911832
v 0.152811 -0.00194062 0.0905305
v 0.15317 -0.00158451 0.0911853
v 0.153964 -0.00137222 0.0916854
v 0.154546 -0.000792254 0.0919994
v 0.154348 -0.000710315 0.0920003
v 0.153636 -0.00112042 0.0916868
v 0.154178 -0.00057997 0.092001
v 0.153385 -0.000792254 0.0916879
v 0.154048 -0.000410101 0.0920016
v 0.15259 -0.00057997 0.0911878
v 0.153226 -0.000410101 0.0916886
v 0.152814 -0.00112042 0.0911868
v 0.152375 -0.00137222 0.0905325
v 0.152101 -0.000710315 0.0905337
v 0.151791 -0.000792254 0.0897707
v 0.151687 1.87434e-19 0.0897712
v 0.152007 1.68049e-19 0.0905341
v 0.151576 -1.24996e-32 0.0889515
v 0.151684 0.000820201 0.088951
v 0.151791 0.000792254 0.0897707
v 0.152 0.00158451 0.0889496
v 0.151944 0.00158451 0.076263
v 0.151627 0.000820201 0.0762644
v 0.151888 0.00158451 0.0635763
v 0.15152 -1.24996e-32 0.0762648
v 0.151571 0.000820201 0.0635777
v 0.151463 -1.24996e-32 0.0635782
v 0.151515 0.000820201 0.0508911
v 0.151832 0.00158451 0.0508897
v 0.151605 0.00138653 0.0486384
v 0.152336 0.00224083 0.0508875
v 0.151793 0.00177947 0.0487287
v 0.151596 0.00214852 0.0465018
v 0.152035 0.00214311 0.048812
v 0.151784 0.00251061 0.0466786
v 0.151588 0.00323543 0.0447644
v 0.151458 0.00289972 0.0445031
v 0.151466 0.00176638 0.0463148
v 0.151392 0.000596613 0.047303
v 0.151476 0.000971828 0.0485427
v 0.151392 -0.000596613 0.047303
v 0.151399 -0.000150479 0.0490751
v 0.151399 0.000150479 0.0490751
v 0.151407 -1.24996e-32 0.0508916
v 0.151436 -0.000767924 0.0484955
v 0.151515 -0.000820201 0.0508911
v 0.151571 -0.000820201 0.0635777
v 0.151944 -0.00158451 0.076263
v 0.151627 -0.000820201 0.0762644
v 0.151888 -0.00158451 0.0635763
v 0.152 -0.00158451 0.0889496
v 0.152504 -0.00224083 0.0889474
v 0.152448 -0.00224083 0.0762607
v 0.15316 -0.00274445 0.0889445
v 0.153104 -0.00274445 0.0762578
v 0.152392 -0.00224083 0.0635741
v 0.153048 -0.00274445 0.0635712
v 0.153868 -0.00306103 0.0762544
v 0.153924 -0.00306103 0.0889411
v 0.153956 -0.00295673 0.0897611
v 0.154748 -0.00306103 0.0897576
v 0.154752 -0.00274445 0.0905219
v 0.15519 -0.00306103 0.0896263
v 0.155605 -0.00274445 0.0902682
v 0.155462 -0.00265093 0.0905188
v 0.155961 -0.00224083 0.0908195
v 0.170432 -0.00274445 0.080686
v 0.170017 -0.00306103 0.0800441
v 0.153218 -0.00265093 0.0897644
v 0.152584 -0.00216448 0.0897672
v 0.152097 -0.00153052 0.0897694
v 0.151684 -0.000820201 0.088951
v 0.151457 0.00403832 0.0432889
v 0.151377 0.00232012 0.0441031
v 0.151392 0.00355761 0.0432299
v 0.151374 0.00306742 0.0432342
v 0.151374 0.00316901 0.0432268
v 0.15139 0.00858061 0.0425145
v 0.15123 0.00850514 0.0421406
v 0.15123 0.013828 0.0407057
v 0.15139 0.0139507 0.0410669
v 0.151643 0.00864531 0.0428351
v 0.151643 0.0140558 0.0413765
v 0.15123 0.0189234 0.0386014
v 0.15139 0.0190913 0.0389439
v 0.151174 0.0149537 0.0398683
v 0.151174 0.020452 0.0373471
v 0.15123 0.0237076 0.0358624
v 0.151174 0.0255375 0.0340724
v 0.15123 0.028102 0.0325337
v 0.15139 0.023918 0.0361806
v 0.15139 0.0283514 0.0328223
v 0.151643 0.0192353 0.0392376
v 0.151643 0.0240983 0.0364534
v 0.151972 0.0242364 0.0366623
v 0.151643 0.0285652 0.0330698
v 0.151972 0.0193455 0.0394624
v 0.151972 0.0287288 0.0332593
v 0.15139 0.0323186 0.0289243
v 0.151643 0.0325623 0.0291424
v 0.152355 0.0243228 0.0367929
v 0.151972 0.0327488 0.0293094
v 0.152355 0.0288312 0.0333778
v 0.152766 0.0279838 0.0341588
v 0.152766 0.0231867 0.0375806
v 0.152355 0.0194144 0.039603
v 0.152766 0.0179766 0.0403331
v 0.152355 0.0141867 0.0417618
v 0.152766 0.0124465 0.0423675
v 0.152355 0.00872582 0.043234
v 0.151972 0.0141364 0.0416136
v 0.151972 0.00869484 0.0430805
v 0.151744 0.00494052 0.0435109
v 0.152214 0.00579746 0.0436781
v 0.152766 0.00669474 0.0436475
v 0.152306 0.0053702 0.0441356
v 0.152013 0.00515306 0.0438807
v 0.152312 0.00411274 0.0454453
v 0.152702 0.00437344 0.0456469
v 0.152696 0.00558392 0.0443861
v 0.153124 0.00457579 0.0458028
v 0.153131 0.00367432 0.0472438
v 0.152708 0.00344397 0.0471326
v 0.153588 0.00384287 0.0473245
v 0.153138 0.00304233 0.0490158
v 0.153595 0.00322524 0.0490563
v 0.153756 0.00306103 0.0508812
v 0.154076 0.00333673 0.04908
v 0.154069 0.0039456 0.0473728
v 0.154565 0.0036214 0.0482391
v 0.15457 0.00328313 0.0495407
v 0.179856 0.00331794 0.0492357
v 0.205134 0.00390961 0.0473046
v 0.179848 0.00391011 0.047418
v 0.205143 0.00331783 0.0491218
v 0.205127 0.00491929 0.0456819
v 0.17984 0.00492046 0.0457949
v 0.154559 0.00417578 0.0470152
v 0.154555 0.0049262 0.0459029
v 0.154062 0.00481409 0.0459845
v 0.153582 0.00472386 0.0459163
v 0.153576 0.0058712 0.0447213
v 0.154057 0.00594517 0.0448064
v 0.154053 0.00729884 0.0438804
v 0.153572 0.00724433 0.0437819
v 0.154542 0.00940405 0.0431369
v 0.153115 0.00715487 0.0436188
v 0.153119 0.00574981 0.04458
v 0.153812 0.00306103 0.0635678
v 0.153048 0.00274445 0.0635712
v 0.152992 0.00274445 0.0508846
v 0.152716 0.00279235 0.0489597
v 0.152318 0.00314721 0.0469887
v 0.152327 0.0024703 0.0488867
v 0.152026 0.00284571 0.046842
v 0.152019 0.00384789 0.0452401
v 0.151776 0.00355352 0.0450116
v 0.15177 0.00491173 0.0435969
v 0.152448 0.00224083 0.0762607
v 0.153104 0.00274445 0.0762578
v 0.152392 0.00224083 0.0635741
v 0.152504 0.00224083 0.0889474
v 0.152584 0.00216448 0.0897672
v 0.15316 0.00274445 0.0889445
v 0.152097 0.00153052 0.0897694
v 0.152375 0.00137222 0.0905325
v 0.152101 0.000710315 0.0905337
v 0.152811 0.00194062 0.0905305
v 0.15259 0.00057997 0.0911878
v 0.152814 0.00112042 0.0911868
v 0.15317 0.00158451 0.0911853
v 0.153226 0.000410101 0.0916886
v 0.153385 0.000792254 0.0916879
v 0.154048 0.000410101 0.0920016
v 0.153636 0.00112042 0.0916868
v 0.153966 0.000212284 0.092002
v 0.154178 0.00057997 0.092001
v 0.154348 0.000710315 0.0920003
v 0.153964 0.00137222 0.0916854
v 0.153634 0.00194062 0.0911832
v 0.154347 0.00153052 0.0916837
v 0.154175 0.00216448 0.0911808
v 0.154755 0.00224083 0.0911783
v 0.154041 0.00265093 0.0905251
v 0.154757 0.00158451 0.0916819
v 0.154546 0.000792254 0.0919994
v 0.154758 0.000820201 0.0919985
v 0.153379 0.00237676 0.090528
v 0.153218 0.00265093 0.0897644
v 0.153938 5.02228e-20 0.0920021
v 0.153172 9.70231e-20 0.0916889
v 0.153966 -0.000212284 0.092002
v 0.152514 1.37211e-19 0.0911882
v 0.230406 0.013261 0.0417598
v 0.230406 0.00939311 0.0427961
v 0.230402 0.00848874 0.0429846
v 0.230406 0.00706891 0.0432408
v 0.231471 0.00907944 0.0427154
v 0.231471 0.00304624 0.0435633
v 0.232463 0.00301723 0.0431484
v 0.231471 0.0149359 0.0410361
v 0.232463 0.00899296 0.0423086
v 0.232463 0.0147937 0.0406452
v 0.233313 0.00885606 0.0416645
v 0.233313 0.0029713 0.0424916
v 0.233313 0.0145685 0.0400265
v 0.233964 0.00291158 0.0416376
v 0.233964 0.00867808 0.0408272
v 0.233964 0.0142757 0.0392221
v 0.234371 0.00284215 0.0406446
v 0.234371 0.00847113 0.0398535
v 0.233313 0.0199973 0.0376094
v 0.234371 0.0139352 0.0382867
v 0.233964 0.0195954 0.0368536
v 0.234507 0.0168412 0.0359255
v 0.234371 0.0191281 0.0359747
v 0.234507 0.0114309 0.0379948
v 0.233964 0.0245337 0.0337678
v 0.234371 0.0239487 0.0329625
v 0.234507 0.0218925 0.0330906
v 0.154151 0.0195928 0.0349099
v 0.154137 0.0244671 0.0316851
v 0.234507 0.0264773 0.0295504
v 0.234371 0.0283031 0.0293087
v 0.234507 0.0304977 0.0253804
v 0.154119 0.0288198 0.027785
v 0.15412 0.0285743 0.0278857
v 0.1541 0.032281 0.0234317
v 0.1541 0.0325584 0.0232927
v 0.154078 0.0352997 0.0184855
v 0.154077 0.035603 0.018304
v 0.234507 0.0338681 0.0206694
v 0.234507 0.0365166 0.0155179
v 0.234371 0.0352852 0.0203719
v 0.234371 0.0321066 0.0250844
v 0.234371 0.0377771 0.0152629
v 0.233964 0.0361473 0.0208696
v 0.233964 0.0387 0.0156358
v 0.233313 0.0394937 0.0159565
v 0.233964 0.0404994 0.0100976
v 0.233313 0.0413301 0.0103047
v 0.232463 0.0419689 0.010464
v 0.232463 0.0430168 0.00452125
v 0.233313 0.042362 0.00445242
v 0.233964 0.0415106 0.00436294
v 0.233313 0.0425694 -0.00148656
v 0.232463 0.0432274 -0.00150953
v 0.231471 0.0436431 -0.00152405
v 0.231471 0.0430062 -0.00758316
v 0.232463 0.0425966 -0.00751093
v 0.231471 0.0415323 -0.0134947
v 0.232463 0.0411368 -0.0133661
v 0.233313 0.0419482 -0.0073966
v 0.233964 0.0417138 -0.00145668
v 0.233313 0.0405106 -0.0131627
v 0.233313 0.0382844 -0.0186726
v 0.232463 0.0388762 -0.0189612
v 0.231471 0.03925 -0.0191435
v 0.231471 0.0362038 -0.0244198
v 0.232463 0.035859 -0.0241872
v 0.233313 0.0353131 -0.023819
v 0.231471 0.0324529 -0.0292207
v 0.232463 0.0321438 -0.0289424
v 0.233313 0.0316545 -0.0285018
v 0.232463 0.027803 -0.0331343
v 0.231471 0.0280703 -0.0334529
v 0.230406 0.0261646 -0.0351447
v 0.231471 0.0231414 -0.037034
v 0.230406 0.0292639 -0.0326092
v 0.230406 0.0228468 -0.0373866
v 0.232463 0.022921 -0.0366813
v 0.231471 0.0177621 -0.0398942
v 0.230406 0.0193381 -0.0393163
v 0.152766 0.0225925 -0.0379408
v 0.152766 0.0172044 -0.0406685
v 0.230406 0.015668 -0.0409176
v 0.152766 0.0114945 -0.0426356
v 0.230406 0.0118669 -0.0421771
v 0.231471 0.012037 -0.041978
v 0.232463 0.0175929 -0.0395143
v 0.230406 0.00796678 -0.0430844
v 0.231471 0.00607764 -0.0432447
v 0.233313 0.0225721 -0.0361229
v 0.233313 0.0273797 -0.0326299
v 0.230406 0.0040001 -0.0436318
v 0.231471 -5.34799e-18 -0.0436697
v 0.230406 1.40919e-17 -0.0438148
v 0.231471 -0.00607764 -0.0432447
v 0.230406 -0.0040001 -0.0436318
v 0.230018 -7.09289e-18 -0.0438165
v 0.23002 -0.00472412 -0.0435611
v 0.230406 -0.00796678 -0.0430844
v 0.230023 -0.00939317 -0.0427978
v 0.230406 -0.0118669 -0.0421771
v 0.231471 -0.012037 -0.041978
v 0.230406 -0.015668 -0.0409176
v 0.231471 -0.0177621 -0.0398942
v 0.230406 -0.0193381 -0.0393163
v 0.231471 -0.0231414 -0.037034
v 0.230406 -0.0228468 -0.0373866
v 0.230406 -0.0261646 -0.0351447
v 0.231471 -0.0280703 -0.0334529
v 0.152766 -0.0225925 -0.0379408
v 0.152766 -0.027558 -0.0345033
v 0.230406 -0.0292639 -0.0326092
v 0.152355 -0.0225658 -0.0378959
v 0.152766 -0.0172044 -0.0406685
v 0.152355 -0.0275254 -0.0344625
v 0.152355 -0.0319702 -0.0303846
v 0.151972 -0.0318567 -0.0302767
v 0.151972 -0.0274277 -0.0343402
v 0.151643 -0.0316752 -0.0301042
v 0.151643 -0.0272715 -0.0341446
v 0.151972 -0.0224857 -0.0377614
v 0.151643 -0.0223576 -0.0375463
v 0.15139 -0.0314382 -0.0298789
v 0.15139 -0.0270674 -0.033889
v 0.15139 -0.0221903 -0.0372653
v 0.151643 -0.0170255 -0.0402457
v 0.151972 -0.0171231 -0.0404763
v 0.152355 -0.0171841 -0.0406205
v 0.152132 -0.0122563 -0.0422882
v 0.151821 -0.0125232 -0.0420247
v 0.152458 -0.0119119 -0.042491
v 0.152327 -0.0112674 -0.0423635
v 0.151935 -0.0112742 -0.0420309
v 0.152327 -0.010224 -0.0424056
v 0.152751 -0.01025 -0.0426616
v 0.152752 -0.0112621 -0.0426207
v 0.152766 -0.0114945 -0.0426356
v 0.153211 -0.010269 -0.0428483
v 0.153694 -0.00957193 -0.0430662
v 0.15321 -0.00955065 -0.0429547
v 0.153692 -0.00880665 -0.0432548
v 0.153209 -0.00877464 -0.0431459
v 0.152751 -0.00951519 -0.0427704
v 0.152326 -0.0094664 -0.0425178
v 0.152749 -0.00872131 -0.0429659
v 0.151935 -0.0101903 -0.0420747
v 0.151934 -0.0094032 -0.0421912
v 0.152325 -0.00864794 -0.0427193
v 0.151933 -0.00855291 -0.0424006
v 0.152321 -0.00703701 -0.0433883
v 0.152745 -0.00715877 -0.0436148
v 0.152739 -0.0057544 -0.0445744
v 0.153204 -0.00724733 -0.0437803
v 0.153198 -0.00587473 -0.0447184
v 0.153688 -0.00730056 -0.0438807
v 0.15368 -0.00594718 -0.044806
v 0.154181 -0.00693202 -0.0441372
v 0.153671 -0.00481607 -0.0459833
v 0.154174 -0.00585154 -0.0449378
v 0.179409 -0.00629053 -0.0444633
v 0.154185 -0.00812808 -0.0435319
v 0.179404 -0.00793995 -0.0434967
v 0.204715 -0.00793702 -0.0433835
v 0.204719 -0.00628851 -0.0443503
v 0.179415 -0.00492048 -0.0457968
v 0.154166 -0.00492618 -0.0459047
v 0.179419 -0.00428764 -0.0467069
v 0.204725 -0.00491931 -0.0456837
v 0.204729 -0.00428688 -0.0465937
v 0.179423 -0.00380489 -0.0476555
v 0.154158 -0.00417576 -0.0470171
v 0.154148 -0.00362139 -0.048241
v 0.153661 -0.00394722 -0.0473709
v 0.153189 -0.00472734 -0.045912
v 0.153179 -0.00384574 -0.047319
v 0.153648 -0.00333763 -0.0490778
v 0.153167 -0.00322687 -0.0490499
v 0.154127 -0.00316901 -0.0508796
v 0.154137 -0.00328313 -0.0495427
v 0.179432 -0.00324077 -0.0497031
v 0.179428 -0.00345385 -0.0486603
v 0.204738 -0.00345366 -0.0485465
v 0.204743 -0.00324072 -0.049589
v 0.214116 -0.00316901 -0.0506082
v 0.218055 -0.00323913 -0.0492786
v 0.218403 -0.00340644 -0.0486633
v 0.153959 -0.00316901 -0.0887347
v 0.184477 -0.00306103 -0.0703642
v 0.199516 -0.00306103 -0.0608326
v 0.214555 -0.00306103 -0.051301
v 0.221685 -0.0037361 -0.0475447
v 0.214964 -0.00274445 -0.0519465
v 0.21829 -0.00307681 -0.0496083
v 0.218515 -0.00286097 -0.0499124
v 0.221898 -0.00354682 -0.0477943
v 0.218727 -0.00259568 -0.0501852
v 0.222105 -0.00332123 -0.0480175
v 0.222302 -0.00306252 -0.0482113
v 0.225588 -0.00428008 -0.0461619
v 0.225395 -0.00449233 -0.0460215
v 0.227051 -0.00518084 -0.0451771
v 0.22686 -0.00536067 -0.0450559
v 0.225197 -0.0046828 -0.0458577
v 0.226598 -0.00549186 -0.0449461
v 0.222616 -0.00414302 -0.0467522
v 0.228431 -0.00619756 -0.0442966
v 0.228421 -0.00645429 -0.0441191
v 0.228617 -0.0060369 -0.0443765
v 0.23002 -0.00766397 -0.0433934
v 0.228801 -0.00586567 -0.0444384
v 0.230018 -0.00613937 -0.0440115
v 0.229462 -0.00512778 -0.0445021
v 0.229316 -0.00530849 -0.0445124
v 0.230017 -0.00533991 -0.0442079
v 0.229165 -0.00548459 -0.0445074
v 0.22898 -0.00568502 -0.0444818
v 0.230016 -0.00452378 -0.0442826
v 0.229732 -0.00475641 -0.0444359
v 0.229601 -0.00494343 -0.0444766
v 0.228169 -0.00366811 -0.0454201
v 0.228042 -0.00389362 -0.0454468
v 0.226515 -0.00278393 -0.046461
v 0.228436 -0.00334986 -0.0452839
v 0.22676 -0.00239031 -0.0463466
v 0.223213 -0.00101959 -0.0485945
v 0.22676 0.00239031 -0.0463466
v 0.228436 0.00334986 -0.0452839
v 0.22823 0.00355067 -0.045399
v 0.229797 0.0046592 -0.044409
v 0.230016 0.00452378 -0.0442826
v 0.230017 0.00543282 -0.0441907
v 0.230018 0.00623304 -0.0439818
v 0.229342 0.00527693 -0.0445117
v 0.229655 0.00486836 -0.044462
v 0.229503 0.00507473 -0.0444963
v 0.229165 0.00548459 -0.0445074
v 0.22761 0.0045401 -0.0454145
v 0.227788 0.00429345 -0.0454473
v 0.227946 0.00405147 -0.0454545
v 0.226144 0.00350348 -0.0464351
v 0.225966 0.00378369 -0.0463715
v 0.222498 0.00275636 -0.0483815
v 0.222333 0.00301815 -0.0482395
v 0.225805 0.00400931 -0.0462936
v 0.222157 0.00325672 -0.0480711
v 0.225638 0.00422133 -0.0461945
v 0.227451 0.00474084 -0.0453664
v 0.227288 0.00493186 -0.0453
v 0.225465 0.00441797 -0.0460751
v 0.221974 0.00346928 -0.0478782
v 0.221784 0.00365328 -0.0476631
v 0.218372 0.00300476 -0.0497216
v 0.218164 0.00317094 -0.0494338
v 0.214555 0.00306103 -0.051301
v 0.214116 0.00316901 -0.0506082
v 0.218403 0.00340644 -0.0486633
v 0.154127 0.00316901 -0.0508796
v 0.204743 0.00324072 -0.049589
v 0.153959 0.00316901 -0.0887347
v 0.199516 0.00306103 -0.0608326
v 0.184477 0.00306103 -0.0703642
v 0.179432 0.00324077 -0.0497031
v 0.179428 0.00345385 -0.0486603
v 0.204738 0.00345365 -0.0485465
v 0.179423 0.00380489 -0.0476555
v 0.154148 0.00362139 -0.048241
v 0.154137 0.00328313 -0.0495427
v 0.15344 0.00329924 -0.0490679
v 0.153306 0.00306103 -0.050876
v 0.152542 0.00274445 -0.0508726
v 0.153251 0.00306103 -0.0634943
v 0.152486 0.00274445 -0.063491
v 0.153195 0.00306103 -0.0761127
v 0.152431 0.00274445 -0.0761093
v 0.15183 0.00224083 -0.0634881
v 0.151886 0.00224083 -0.0508697
v 0.151774 0.00224083 -0.0761064
v 0.152375 0.00274445 -0.0887277
v 0.153139 0.00306103 -0.0887311
v 0.153163 0.00295673 -0.0895514
v 0.153956 0.00306103 -0.0895549
v 0.153952 0.00274445 -0.0903192
v 0.154398 0.00306103 -0.0894275
v 0.153242 0.00265093 -0.090316
v 0.154808 0.00274445 -0.090073
v 0.154663 0.00265093 -0.0903223
v 0.154529 0.00216448 -0.0909781
v 0.153949 0.00224083 -0.0909755
v 0.155159 0.00224083 -0.0906274
v 0.15507 0.00194062 -0.0909805
v 0.154739 0.00137222 -0.0914826
v 0.154357 0.00153052 -0.0914809
v 0.154158 0.000792254 -0.0917966
v 0.153947 0.00158451 -0.0914791
v 0.154356 0.000710315 -0.0917975
v 0.153945 -1.10905e-17 -0.0919037
v 0.153946 0.000820201 -0.0917957
v 0.153734 0.000792254 -0.0917948
v 0.153537 0.00153052 -0.0914773
v 0.153369 0.00216448 -0.0909729
v 0.152829 0.00194062 -0.0909706
v 0.153155 0.00137222 -0.0914756
v 0.152365 0.00158451 -0.0909685
v 0.152012 0.00194062 -0.0903106
v 0.15258 0.00237676 -0.0903131
v 0.152425 0.00265093 -0.0895481
v 0.151791 0.00216448 -0.0895453
v 0.151718 0.00224083 -0.0887248
v 0.151271 0.00158451 -0.0761042
v 0.151215 0.00158451 -0.0887226
v 0.150954 0.000820201 -0.0761028
v 0.15101 0.000820201 -0.0634844
v 0.151326 0.00158451 -0.0634858
v 0.151382 0.00158451 -0.0508675
v 0.151066 0.000820201 -0.0508661
v 0.15131 0.00168439 -0.0486837
v 0.151122 0.00123825 -0.0485794
v 0.151007 0.000768763 -0.0484699
v 0.150958 -6.26053e-18 -0.0508656
v 0.150967 -0.000208233 -0.0487295
v 0.150967 0.000208233 -0.0487295
v 0.151066 -0.000820201 -0.0508661
v 0.150902 -7.80585e-18 -0.0634839
v 0.15101 -0.000820201 -0.0634844
v 0.150846 -9.35117e-18 -0.0761023
v 0.151382 -0.00158451 -0.0508675
v 0.150954 -0.000820201 -0.0761028
v 0.151326 -0.00158451 -0.0634858
v 0.151271 -0.00158451 -0.0761042
v 0.151886 -0.00224083 -0.0508697
v 0.15183 -0.00224083 -0.0634881
v 0.151774 -0.00224083 -0.0761064
v 0.151215 -0.00158451 -0.0887226
v 0.150898 -0.000820201 -0.0887212
v 0.15079 -1.08965e-17 -0.0887207
v 0.150895 -1.07091e-17 -0.0895414
v 0.150999 -0.000792254 -0.0895418
v 0.151208 -1.07284e-17 -0.0903071
v 0.150999 0.000792254 -0.0895418
v 0.151301 0.000710315 -0.0903075
v 0.151785 0.00057997 -0.0909659
v 0.152009 0.00112042 -0.0909669
v 0.151576 0.00137222 -0.0903087
v 0.151305 0.00153052 -0.0895432
v 0.150898 0.000820201 -0.0887212
v 0.152575 0.000792254 -0.0914731
v 0.152827 0.00112042 -0.0914742
v 0.153536 0.000710315 -0.0917939
v 0.153366 0.00057997 -0.0917931
v 0.153235 0.000410101 -0.0917926
v 0.153154 0.000212284 -0.0917922
v 0.152417 0.000410101 -0.0914724
v 0.151709 -1.07593e-17 -0.0909656
v 0.152363 -1.07995e-17 -0.0914721
v 0.151785 -0.00057997 -0.0909659
v 0.151301 -0.000710315 -0.0903075
v 0.151305 -0.00153052 -0.0895432
v 0.151576 -0.00137222 -0.0903087
v 0.151791 -0.00216448 -0.0895453
v 0.152012 -0.00194062 -0.0903106
v 0.152009 -0.00112042 -0.0909669
v 0.152575 -0.000792254 -0.0914731
v 0.152365 -0.00158451 -0.0909685
v 0.152417 -0.000410101 -0.0914724
v 0.153154 -0.000212284 -0.0917922
v 0.153126 -1.08463e-17 -0.0917921
v 0.153235 -0.000410101 -0.0917926
v 0.153366 -0.00057997 -0.0917931
v 0.152827 -0.00112042 -0.0914742
v 0.152829 -0.00194062 -0.0909706
v 0.153155 -0.00137222 -0.0914756
v 0.153369 -0.00216448 -0.0909729
v 0.153242 -0.00265093 -0.090316
v 0.15258 -0.00237676 -0.0903131
v 0.152425 -0.00265093 -0.0895481
v 0.153163 -0.00295673 -0.0895514
v 0.153139 -0.00306103 -0.0887311
v 0.152375 -0.00274445 -0.0887277
v 0.153195 -0.00306103 -0.0761127
v 0.152431 -0.00274445 -0.0761093
v 0.151718 -0.00224083 -0.0887248
v 0.153251 -0.00306103 -0.0634943
v 0.153306 -0.00306103 -0.050876
v 0.152486 -0.00274445 -0.063491
v 0.152542 -0.00274445 -0.0508726
v 0.152287 -0.0027949 -0.0489458
v 0.151897 -0.0024725 -0.0488692
v 0.151907 -0.00315119 -0.0469725
v 0.151615 -0.00284949 -0.0468232
v 0.151605 -0.00214524 -0.048792
v 0.151624 -0.00385249 -0.0452229
v 0.151373 -0.00251397 -0.0466574
v 0.151381 -0.00355756 -0.0449918
v 0.151388 -0.00491582 -0.0435788
v 0.151201 -0.00465422 -0.0432693
v 0.151184 -0.00316901 -0.0447911
v 0.151194 -0.00323869 -0.0447423
v 0.151177 -0.00491838 -0.0429661
v 0.151206 -0.00634782 -0.0421114
v 0.151173 -0.00707474 -0.0416482
v 0.15117 -0.0068033 -0.0409919
v 0.151181 -0.00316901 -0.0440511
v 0.15117 -0.00316901 -0.041428
v 0.150992 -0.00316901 -0.0431029
v 0.151066 -0.00290202 -0.0444792
v 0.150985 -0.00182662 -0.0447707
v 0.150999 -0.00105724 -0.041534
v 0.150999 -0.00316901 -0.0414273
v 0.150803 -0.00296917 -0.0414411
v 0.150999 0.00105724 -0.041534
v 0.150803 0.00296917 -0.0414411
v 0.150999 0.00316901 -0.0414273
v 0.150992 0.00316901 -0.0431029
v 0.150985 0.00182662 -0.0447707
v 0.150976 -0.00082459 -0.0466706
v 0.150976 0.00082459 -0.0466706
v 0.151017 0.00157984 -0.0461974
v 0.151132 0.00201295 -0.0464105
v 0.15114 0.00311708 -0.0446473
v 0.151026 0.00273624 -0.0443498
v 0.151184 0.00316901 -0.0447911
v 0.151177 0.00491569 -0.0429683
v 0.151335 0.00485129 -0.0435024
v 0.151181 0.00316901 -0.0440511
v 0.151328 0.0034789 -0.0449302
v 0.15132 0.00242449 -0.0466133
v 0.151587 0.00381291 -0.0451918
v 0.151594 0.00512527 -0.0438269
v 0.151578 0.00280446 -0.0468009
v 0.151916 0.00411762 -0.0454309
v 0.151568 0.0020964 -0.0487805
v 0.151907 0.00315119 -0.0469725
v 0.152254 0.00434784 -0.0456119
v 0.152261 0.0055639 -0.0443475
v 0.151923 0.00537516 -0.0441232
v 0.152267 0.00701844 -0.0433537
v 0.151929 0.00687934 -0.0430956
v 0.152271 0.00863675 -0.0426818
v 0.151933 0.00855291 -0.0424006
v 0.151599 0.00669513 -0.0427541
v 0.151341 0.00649313 -0.0423802
v 0.151603 0.00844186 -0.0420287
v 0.151173 0.00707205 -0.0416494
v 0.151344 0.00832007 -0.0416213
v 0.151172 0.00949421 -0.0409262
v 0.151346 0.00924832 -0.0413926
v 0.151604 0.00932933 -0.0418101
v 0.151605 0.0101508 -0.0416885
v 0.151935 0.0101903 -0.0420747
v 0.151934 0.0094032 -0.0421912
v 0.152273 0.01022 -0.0423666
v 0.152273 0.00945895 -0.0424793
v 0.15265 0.0102446 -0.0426083
v 0.152649 0.00950505 -0.0427178
v 0.153056 0.0102636 -0.0427949
v 0.153056 0.00954052 -0.042902
v 0.152648 0.00870605 -0.0429146
v 0.152643 0.00713345 -0.0435677
v 0.153054 0.0087594 -0.0430944
v 0.152637 0.00572002 -0.0445334
v 0.15305 0.00722202 -0.0437329
v 0.153479 0.00728222 -0.0438459
v 0.153484 0.00879563 -0.0432171
v 0.153043 0.00584032 -0.0446771
v 0.154189 0.0094041 -0.0431385
v 0.154185 0.00812808 -0.0435319
v 0.153485 0.00956461 -0.0430277
v 0.179404 0.00793994 -0.0434968
v 0.154181 0.00693202 -0.0441372
v 0.192106 0.00939865 -0.0429681
v 0.204715 0.00793701 -0.0433835
v 0.179409 0.00629052 -0.0444633
v 0.204719 0.00628851 -0.0443503
v 0.204725 0.00491931 -0.0456837
v 0.228421 0.00645429 -0.0441191
v 0.226598 0.00549186 -0.0449461
v 0.222616 0.00414302 -0.0467522
v 0.204729 0.00428688 -0.0465937
v 0.179415 0.00492048 -0.0457968
v 0.179419 0.00428763 -0.0467069
v 0.154166 0.00492618 -0.0459047
v 0.154174 0.00585154 -0.0449378
v 0.153463 0.00478543 -0.0459585
v 0.154158 0.00417576 -0.0470171
v 0.153453 0.00391212 -0.0473528
v 0.153013 0.00317462 -0.0490371
v 0.153025 0.00379774 -0.0472948
v 0.152608 0.00299254 -0.0489931
v 0.15262 0.00363025 -0.0472108
v 0.153035 0.00468528 -0.0458785
v 0.152234 0.00275689 -0.0489367
v 0.151897 0.0024725 -0.0488692
v 0.152245 0.00341325 -0.0471026
v 0.152629 0.00453836 -0.0457622
v 0.153472 0.00592219 -0.0447756
v 0.204733 0.00380445 -0.0475421
v 0.225289 0.00459758 -0.0459362
v 0.226949 0.00527959 -0.0451145
v 0.22712 0.00511185 -0.0452159
v 0.228517 0.00612467 -0.0443357
v 0.228684 0.00597613 -0.044401
v 0.23002 0.00766397 -0.0433934
v 0.23002 0.00472412 -0.0435611
v 0.230023 0.00939317 -0.0427978
v 0.228848 0.00581936 -0.0444515
v 0.229008 0.00565522 -0.044487
v 0.153486 0.0102764 -0.0429222
v 0.15265 0.0112632 -0.0425672
v 0.152274 0.0112682 -0.0423243
v 0.152448 0.0119243 -0.0424854
v 0.152355 0.0171841 -0.0406205
v 0.152108 0.0122784 -0.042271
v 0.151972 0.0171231 -0.0404763
v 0.151794 0.0125443 -0.041997
v 0.151605 0.0112822 -0.0416427
v 0.151935 0.0112742 -0.0420309
v 0.151346 0.0101076 -0.0412653
v 0.151346 0.011291 -0.0412175
v 0.151362 0.0127746 -0.0413954
v 0.151174 0.0120218 -0.0408481
v 0.151543 0.0127123 -0.0416953
v 0.15129 0.0127528 -0.0412403
v 0.151259 0.0127213 -0.0411652
v 0.151235 0.0126747 -0.0410968
v 0.151215 0.0126136 -0.0410368
v 0.151201 0.0125419 -0.0409874
v 0.151184 0.012379 -0.0409165
v 0.151174 0.0173717 -0.0388757
v 0.15117 0.0140255 -0.0391303
v 0.15117 0.0104402 -0.0402259
v 0.150814 0.0145488 -0.0389393
v 0.15117 0.0068033 -0.0409919
v 0.150807 0.00884787 -0.0406015
v 0.150829 0.0168475 -0.0355885
v 0.150825 0.0199575 -0.0364877
v 0.15117 0.0175073 -0.0377145
v 0.15082 0.0114352 -0.0376585
v 0.15117 0.020841 -0.0359961
v 0.151174 0.0224101 -0.0362061
v 0.15117 0.023983 -0.0340045
v 0.151174 0.0270467 -0.0328872
v 0.15117 0.0268937 -0.0317761
v 0.150839 0.0249652 -0.0332961
v 0.150841 0.0219007 -0.0327525
v 0.150856 0.0294714 -0.0294286
v 0.150857 0.0264872 -0.029211
v 0.153852 0.0219007 -0.0327658
v 0.153839 0.0168475 -0.0356018
v 0.15383 0.0114352 -0.0376718
v 0.153827 0.0115334 -0.0383363
v 0.153824 0.00577919 -0.0389317
v 0.153822 0.00582884 -0.0396071
v 0.153823 4.86086e-18 -0.0393547
v 0.150814 0.00577919 -0.0389184
v 0.150812 4.86086e-18 -0.0393414
v 0.153824 -0.00577919 -0.0389317
v 0.153822 -0.00582884 -0.0396071
v 0.15382 4.55042e-13 -0.0400337
v 0.150814 -0.00577919 -0.0389184
v 0.150807 -0.00884787 -0.0406015
v 0.15082 -0.0114352 -0.0376585
v 0.15383 -0.0114352 -0.0376718
v 0.150814 -0.0145488 -0.0389393
v 0.153839 -0.0168475 -0.0356018
v 0.150829 -0.0168475 -0.0355885
v 0.150841 -0.0219007 -0.0327525
v 0.153852 -0.0219007 -0.0327658
v 0.150825 -0.0199575 -0.0364877
v 0.153849 -0.0220889 -0.0333881
v 0.153865 -0.0267147 -0.0298162
v 0.153867 -0.0264872 -0.0292243
v 0.153883 -0.0307712 -0.0256088
v 0.153886 -0.0305091 -0.0250527
v 0.150857 -0.0264872 -0.029211
v 0.150839 -0.0249652 -0.0332961
v 0.150875 -0.0305091 -0.0250394
v 0.150856 -0.0294714 -0.0294286
v 0.15117 -0.023983 -0.0340045
v 0.15117 -0.0268937 -0.0317761
v 0.151174 -0.0270467 -0.0328872
v 0.15117 -0.0295418 -0.0293602
v 0.15123 -0.0268293 -0.033591
v 0.151174 -0.0224101 -0.0362061
v 0.15123 -0.0311617 -0.0296161
v 0.151174 -0.0311982 -0.0289787
v 0.15123 -0.0349112 -0.0250873
v 0.15139 -0.035221 -0.0253099
v 0.15123 -0.0380077 -0.0200893
v 0.151174 -0.0347903 -0.0245505
v 0.15117 -0.0362325 -0.0206869
v 0.151174 -0.0377586 -0.019682
v 0.15117 -0.0319767 -0.026721
v 0.15117 -0.0342232 -0.0238196
v 0.151171 -0.0379688 -0.0173626
v 0.150898 -0.036629 -0.0199885
v 0.150921 -0.0391366 -0.0146057
v 0.150919 -0.0365303 -0.0151734
v 0.150896 -0.0338807 -0.0203268
v 0.150876 -0.0333856 -0.0249628
v 0.150943 -0.0384013 -0.00968915
v 0.150947 -0.040858 -0.00892234
v 0.150968 -0.0394538 -0.00399095
v 0.150972 -0.0417586 -0.00305273
v 0.150972 -0.0414311 -0.00305273
v 0.141494 -0.0414311 0.00332725
v 0.138311 -0.0414311 0.000172278
v 0.141466 -0.0414311 -0.00301071
v 0.151188 -0.0456723 -0.00305368
v 0.151345 -0.0470221 -0.00305437
v 0.151181 -0.0440592 -0.00305365
v 0.151716 -0.0483332 -0.00305602
v 0.138415 -0.0414311 -0.000648393
v 0.152789 -0.0509093 -0.00306076
v 0.141466 -0.0889627 -0.00301071
v 0.138728 -0.0414311 -0.00141409
v 0.139229 -0.0414311 -0.00207263
v 0.139883 -0.0414311 -0.00257915
v 0.140646 -0.0414311 -0.00289911
v 0.140646 -0.057275 -0.00289911
v 0.152471 -0.0495669 -0.00314409
v 0.151988 -0.0482031 -0.00331328
v 0.151734 -0.048143 -0.00314015
v 0.151515 -0.0467456 -0.00351911
v 0.151729 -0.0468568 -0.00371978
v 0.15135 -0.046616 -0.00328582
v 0.151724 -0.0456881 -0.00451008
v 0.15151 -0.0455446 -0.00433123
v 0.151979 -0.0458023 -0.0046529
v 0.151976 -0.0448067 -0.00560825
v 0.151721 -0.04467 -0.00548703
v 0.151973 -0.0439856 -0.00671713
v 0.151718 -0.0438304 -0.00662098
v 0.151506 -0.0444983 -0.00533518
v 0.151503 -0.0436355 -0.00650048
v 0.151345 -0.0453774 -0.00412329
v 0.151341 -0.0442984 -0.0051586
v 0.151717 -0.0431954 -0.00788102
v 0.151338 -0.0434085 -0.00636031
v 0.151502 -0.0429829 -0.00779537
v 0.151972 -0.0429607 -0.0092686
v 0.151643 -0.0427159 -0.0092158
v 0.151336 -0.0427354 -0.00769569
v 0.15139 -0.0423963 -0.00914683
v 0.151227 -0.0424622 -0.00758576
v 0.151229 -0.0431579 -0.00620577
v 0.151175 -0.042182 -0.00722992
v 0.151178 -0.0430674 -0.00562024
v 0.151232 -0.0440777 -0.00496395
v 0.151182 -0.044246 -0.00421113
v 0.151237 -0.0451928 -0.00389412
v 0.151171 -0.0417586 -0.00305361
v 0.151171 -0.0413027 -0.00668224
v 0.151171 -0.0405173 -0.0103122
v 0.151174 -0.0416228 -0.00897994
v 0.15123 -0.0420234 -0.00906638
v 0.151174 -0.0400498 -0.0144606
v 0.15123 -0.0403933 -0.0147154
v 0.151171 -0.0394028 -0.0138895
v 0.15139 -0.0407517 -0.014846
v 0.15139 -0.038345 -0.0202675
v 0.151643 -0.041059 -0.014958
v 0.151643 -0.0386341 -0.0204203
v 0.151972 -0.0388554 -0.0205373
v 0.151643 -0.0354865 -0.0255008
v 0.151972 -0.0356898 -0.0256469
v 0.152355 -0.035817 -0.0257382
v 0.152766 -0.032008 -0.0304205
v 0.152355 -0.0389939 -0.0206105
v 0.152766 -0.0358594 -0.0257687
v 0.230406 -0.0347053 -0.0267446
v 0.230406 -0.0370021 -0.0234645
v 0.152766 -0.03904 -0.0206349
v 0.230406 -0.0389897 -0.0199883
v 0.230406 -0.0406518 -0.0163453
v 0.152766 -0.0414904 -0.0151151
v 0.152355 -0.0414414 -0.0150973
v 0.151972 -0.0412942 -0.0150437
v 0.152766 -0.0431648 -0.00931263
v 0.152355 -0.0431138 -0.00930162
v 0.151972 -0.0433647 -0.00794932
v 0.152152 -0.0434462 -0.00798227
v 0.152152 -0.0440604 -0.00676357
v 0.152452 -0.0435306 -0.00801649
v 0.152765 -0.0435586 -0.00802807
v 0.152453 -0.0441378 -0.0068119
v 0.152155 -0.0448725 -0.00566685
v 0.152455 -0.0449407 -0.00572791
v 0.152765 -0.0441637 -0.00682844
v 0.185126 -0.0442792 -0.00652952
v 0.152767 -0.0449635 -0.00574897
v 0.185119 -0.0437216 -0.00743532
v 0.185112 -0.0432905 -0.0084078
v 0.215953 -0.0439387 -0.00691518
v 0.217499 -0.0432274 -0.00825368
v 0.216811 -0.0437548 -0.00716395
v 0.215719 -0.0443052 -0.00635868
v 0.214135 -0.0447741 -0.00585151
v 0.213278 -0.0455312 -0.00508973
v 0.21007 -0.0466397 -0.00437012
v 0.185141 -0.0457658 -0.00495332
v 0.185133 -0.0449534 -0.00570662
v 0.152773 -0.0470462 -0.00406685
v 0.15277 -0.0459332 -0.00481904
v 0.185155 -0.0473882 -0.0039441
v 0.152778 -0.048271 -0.00351521
v 0.205757 -0.0486179 -0.00354515
v 0.185167 -0.049205 -0.00335262
v 0.152783 -0.049571 -0.00317619
v 0.152466 -0.0482615 -0.00348461
v 0.152462 -0.0470317 -0.00403863
v 0.152167 -0.0482319 -0.00339708
v 0.152458 -0.0459143 -0.00479404
v 0.152162 -0.0469878 -0.00395766
v 0.151983 -0.0469452 -0.00388009
v 0.152158 -0.0458573 -0.00472199
v 0.20134 -0.0506428 -0.00327535
v 0.20469 -0.0497952 -0.00324264
v 0.20763 -0.048345 -0.00355449
v 0.201782 -0.0513336 -0.00316932
v 0.207827 -0.048587 -0.00337554
v 0.2049 -0.0500962 -0.00308266
v 0.186814 -0.0609136 -0.00310316
v 0.202196 -0.0519774 -0.00285456
v 0.205103 -0.0503752 -0.00287762
v 0.187227 -0.0615573 -0.0027884
v 0.208198 -0.0490002 -0.00292019
v 0.208017 -0.0488063 -0.00316315
v 0.205293 -0.0506279 -0.002631
v 0.210872 -0.0472559 -0.00376828
v 0.211046 -0.0473923 -0.00354024
v 0.213793 -0.0458316 -0.00452767
v 0.211211 -0.0475046 -0.0032935
v 0.213954 -0.0458932 -0.00431519
v 0.216372 -0.0444659 -0.00572999
v 0.216551 -0.0444675 -0.00552536
v 0.214135 -0.0459399 -0.00405164
v 0.216713 -0.0444497 -0.00532685
v 0.217454 -0.043825 -0.006634
v 0.21751 -0.0439762 -0.00588543
v 0.216867 -0.0444133 -0.00512425
v 0.214294 -0.0459578 -0.00379288
v 0.211393 -0.0476042 -0.00298154
v 0.211549 -0.0476646 -0.00267061
v 0.214442 -0.0459501 -0.00352655
v 0.214576 -0.045917 -0.0032551
v 0.211689 -0.0476916 -0.00234728
v 0.217011 -0.0443585 -0.00491889
v 0.208702 -0.0494302 -0.00194547
v 0.208832 -0.0494958 -0.00157239
v 0.21181 -0.0476848 -0.00201555
v 0.208937 -0.0495189 -0.00118677
v 0.210635 -0.0484624 -0.0012376
v 0.214241 -0.0461503 -0.00273163
v 0.214261 -0.0461519 0.00246032
v 0.215941 -0.0450594 -0.00376989
v 0.214467 -0.0459844 0.00307109
v 0.215975 -0.0450581 0.00350769
v 0.2117 -0.0477393 0.00187597
v 0.210623 -0.0484761 0.00096578
v 0.214343 -0.0460052 0.00331384
v 0.211586 -0.0477331 0.00217199
v 0.20883 -0.0495598 0.00109257
v 0.208728 -0.0495235 0.00143577
v 0.205899 -0.0514185 0.000679558
v 0.206838 -0.0508961 0.000134818
v 0.206881 -0.0508668 -0.000390883
v 0.203062 -0.0533119 -0.000113912
v 0.20299 -0.0533583 -0.000113592
v 0.206001 -0.0513922 -0.000727769
v 0.203 -0.053221 -0.000933848
v 0.205914 -0.0513353 -0.00116184
v 0.188032 -0.062801 -0.00086769
v 0.202826 -0.0529543 -0.00169739
v 0.205797 -0.0512267 -0.00157833
v 0.205651 -0.0510684 -0.00196908
v 0.20855 -0.0493231 -0.00230011
v 0.205468 -0.0508502 -0.00234684
v 0.202552 -0.0525302 -0.00235251
v 0.208368 -0.0491662 -0.00264984
v 0.187858 -0.0625343 -0.00163123
v 0.187583 -0.0621101 -0.00228635
v 0.172889 -0.0721143 -0.00156508
v 0.172615 -0.0716901 -0.00222019
v 0.172259 -0.0711373 -0.00272224
v 0.157646 -0.0812701 -0.00215404
v 0.157921 -0.0816943 -0.00149892
v 0.142952 -0.0912743 -0.00143276
v 0.143126 -0.0915409 -0.000669215
v 0.158095 -0.0819609 -0.000735373
v 0.143188 -0.0916319 0.000150721
v 0.173063 -0.072381 -0.000801531
v 0.158102 -0.0819609 0.000905013
v 0.143008 -0.0917071 -0.00025859
v 0.143064 -0.0917071 0.000151268
v 0.143012 -0.0917071 0.000561603
v 0.143133 -0.0915409 0.000971172
v 0.142855 -0.0917071 0.000944452
v 0.142966 -0.0912743 0.00173622
v 0.142278 -0.0917071 0.00152698
v 0.142609 -0.0912035 0.00209392
v 0.142605 -0.0917071 0.00127372
v 0.157934 -0.0816943 0.00167007
v 0.142697 -0.0908501 0.00239374
v 0.142069 -0.0912035 0.00232016
v 0.141896 -0.0917071 0.00168696
v 0.141695 -0.0920237 0.000949579
v 0.141483 -0.0920237 0.000978465
v 0.141486 -0.0917071 0.00174276
v 0.14148 -0.0921317 0.000158271
v 0.141271 -0.0920237 0.000951455
v 0.141073 -0.0920237 0.000870392
v 0.141076 -0.0917071 0.00169059
v 0.140909 -0.0912035 0.00232529
v 0.140693 -0.0917071 0.00153398
v 0.141489 -0.0912035 0.00239908
v 0.140368 -0.0912035 0.00210382
v 0.140364 -0.0917071 0.00128363
v 0.140902 -0.0920237 0.000740799
v 0.140771 -0.0920237 0.000571507
v 0.140111 -0.0917071 0.000956582
v 0.140688 -0.0920237 0.000374055
v 0.139902 -0.0912035 0.00174977
v 0.139544 -0.0912035 0.00128725
v 0.139951 -0.0917071 0.000575133
v 0.140659 -0.0920237 0.000161897
v 0.139895 -0.0917071 0.000165275
v 0.139318 -0.0912035 0.000747802
v 0.140686 -0.0920237 -5.05086e-05
v 0.139947 -0.0917071 -0.000245061
v 0.139239 -0.0912035 0.000168175
v 0.138832 -0.0905472 0.000880296
v 0.139313 -0.0912035 -0.000412126
v 0.138735 -0.0905472 0.000170401
v 0.138526 -0.0897829 0.000963585
v 0.138419 -0.0897829 0.0001718
v 0.138826 -0.0905472 -0.00054032
v 0.139534 -0.0912035 -0.000953556
v 0.139097 -0.0905472 -0.00120343
v 0.138519 -0.0897829 -0.000620906
v 0.138311 -0.0889627 0.000172278
v 0.138415 -0.0889627 -0.000648393
v 0.138822 -0.0897829 -0.00136051
v 0.138311 -0.0731188 0.000172278
v 0.138415 -0.0731188 -0.000648393
v 0.138728 -0.0889627 -0.00141409
v 0.138728 -0.0731188 -0.00141409
v 0.139229 -0.0889627 -0.00207263
v 0.139305 -0.0897829 -0.00199662
v 0.13953 -0.0905472 -0.00177375
v 0.140097 -0.0905472 -0.0022124
v 0.139937 -0.0897829 -0.00248587
v 0.140351 -0.0912035 -0.00177737
v 0.14089 -0.0912035 -0.00200362
v 0.140758 -0.0905472 -0.0024895
v 0.141063 -0.0917071 -0.00137042
v 0.141473 -0.0917071 -0.00142622
v 0.14147 -0.0912035 -0.00208254
v 0.141688 -0.0920237 -0.000634913
v 0.141883 -0.0917071 -0.00137404
v 0.141476 -0.0920237 -0.000661922
v 0.141887 -0.0920237 -0.000553849
v 0.142266 -0.0917071 -0.00121744
v 0.14205 -0.0912035 -0.00200875
v 0.142591 -0.0912035 -0.00178728
v 0.142595 -0.0917071 -0.000967085
v 0.142057 -0.0920237 -0.000424256
v 0.142188 -0.0920237 -0.000254965
v 0.142848 -0.0917071 -0.000640039
v 0.142271 -0.0920237 -5.75118e-05
v 0.1423 -0.0920237 0.000154646
v 0.142273 -0.0920237 0.000367051
v 0.142192 -0.0920237 0.000565229
v 0.142062 -0.0920237 0.000735672
v 0.141893 -0.0920237 0.000866767
v 0.142678 -0.0908501 -0.00208788
v 0.142321 -0.0902973 -0.00258992
v 0.15729 -0.0807173 -0.00265608
v 0.142178 -0.0905472 -0.00249577
v 0.171845 -0.0704936 -0.003037
v 0.156877 -0.0800735 -0.00297084
v 0.141908 -0.0896535 -0.00290469
v 0.141467 -0.0905472 -0.00258615
v 0.141466 -0.0897829 -0.00290273
v 0.140646 -0.0889627 -0.00289911
v 0.140674 -0.0897829 -0.00279493
v 0.139883 -0.0889627 -0.00257915
v 0.139229 -0.0731188 -0.00207263
v 0.139883 -0.0731188 -0.00257915
v 0.139229 -0.057275 -0.00207263
v 0.140646 -0.0731188 -0.00289911
v 0.139883 -0.057275 -0.00257915
v 0.138728 -0.057275 -0.00141409
v 0.138415 -0.057275 -0.000648393
v 0.138311 -0.057275 0.000172278
v 0.138422 -0.057275 0.000991994
v 0.138422 -0.0414311 0.000991994
v 0.138742 -0.0414311 0.00175489
v 0.139249 -0.0414311 0.00240898
v 0.138742 -0.057275 0.00175489
v 0.138422 -0.0731188 0.000991994
v 0.138742 -0.0731188 0.00175489
v 0.139249 -0.057275 0.00240898
v 0.139249 -0.0731188 0.00240898
v 0.138742 -0.0889627 0.00175489
v 0.138422 -0.0889627 0.000991994
v 0.138835 -0.0897829 0.00170049
v 0.139249 -0.0889627 0.00240898
v 0.139325 -0.0897829 0.00233229
v 0.139109 -0.0905472 0.00154099
v 0.139548 -0.0905472 0.00210745
v 0.140118 -0.0905472 0.00254107
v 0.139961 -0.0897829 0.00281594
v 0.140673 -0.0889627 0.0032229
v 0.139907 -0.0889627 0.00290969
v 0.1407 -0.0897829 0.00311847
v 0.141494 -0.0889627 0.00332725
v 0.141493 -0.0897829 0.00321927
v 0.140781 -0.0905472 0.00281232
v 0.141492 -0.0905472 0.00290269
v 0.141935 -0.0896535 0.00321732
v 0.142346 -0.0902973 0.00289892
v 0.142202 -0.0905472 0.00280604
v 0.157314 -0.0807173 0.00283276
v 0.157666 -0.0812701 0.00232758
v 0.172283 -0.0711373 0.0027666
v 0.156904 -0.0800735 0.00315116
v 0.172634 -0.0716901 0.00226143
v 0.187872 -0.0625343 0.00153775
v 0.172903 -0.0721143 0.00160391
v 0.187603 -0.0621101 0.00219527
v 0.187252 -0.0615573 0.00270044
v 0.202499 -0.0525765 0.00212943
v 0.202768 -0.0530007 0.00147191
v 0.202935 -0.0532674 0.000706859
v 0.205813 -0.051348 0.0010647
v 0.205702 -0.0512363 0.00143338
v 0.205569 -0.0510852 0.00177983
v 0.20847 -0.0493492 0.0020828
v 0.208317 -0.0492138 0.00237837
v 0.205414 -0.0508972 0.00209852
v 0.211164 -0.0475533 0.0030017
v 0.208117 -0.0490151 0.00269662
v 0.21097 -0.0474187 0.00329273
v 0.213723 -0.0458697 0.00425761
v 0.213538 -0.0457749 0.00447895
v 0.210777 -0.0472613 0.00354253
v 0.207915 -0.0487928 0.00296081
v 0.210576 -0.0470761 0.00376564
v 0.213346 -0.0456567 0.00468369
v 0.213151 -0.0455162 0.00486996
v 0.215668 -0.0442925 0.00615689
v 0.215853 -0.0443666 0.00599904
v 0.216969 -0.0437916 0.00684574
v 0.216037 -0.044423 0.00583119
v 0.216786 -0.0437476 0.00698011
v 0.216036 -0.0439472 0.00667546
v 0.217571 -0.043247 0.00804283
v 0.185168 -0.0433021 0.00834732
v 0.185165 -0.0437326 0.00737337
v 0.217565 -0.0437907 0.00647786
v 0.217149 -0.0438202 0.00670467
v 0.217326 -0.0438334 0.00655765
v 0.152767 -0.0435223 0.00821719
v 0.152454 -0.0434407 0.00834211
v 0.15277 -0.0441298 0.00702354
v 0.152456 -0.0439546 0.00725949
v 0.152355 -0.0430738 0.00948494
v 0.151972 -0.0429209 0.00945127
v 0.152153 -0.043356 0.00830924
v 0.151972 -0.0413585 0.0148662
v 0.151643 -0.0411229 0.0147815
v 0.151643 -0.0426764 0.00939743
v 0.151974 -0.0432742 0.00827757
v 0.151717 -0.0431039 0.0082118
v 0.151975 -0.0437999 0.00717037
v 0.152155 -0.0438759 0.0072141
v 0.15139 -0.042357 0.0093271
v 0.151502 -0.04289 0.00812926
v 0.151719 -0.0436415 0.00707958
v 0.151978 -0.0444857 0.00615466
v 0.151722 -0.0443428 0.00604092
v 0.151504 -0.0434425 0.00696566
v 0.151507 -0.0441632 0.00589821
v 0.151726 -0.0451924 0.0051197
v 0.151982 -0.0453165 0.00525378
v 0.151986 -0.0462731 0.00448793
v 0.15173 -0.0461706 0.00433656
v 0.15151 -0.0450362 0.00495143
v 0.151514 -0.0460415 0.00414656
v 0.151344 -0.0448541 0.00475554
v 0.151341 -0.0439537 0.00573206
v 0.151231 -0.0437224 0.00554882
v 0.151235 -0.0446529 0.00453949
v 0.151349 -0.0458909 0.00392536
v 0.151239 -0.0457244 0.00368138
v 0.151188 -0.0456038 0.00328441
v 0.151182 -0.0441915 0.00443337
v 0.151181 -0.0440426 0.00328444
v 0.151178 -0.0430242 0.00583051
v 0.151171 -0.0417941 0.00328448
v 0.151171 -0.0413735 0.00695153
v 0.151001 -0.0417941 0.00328524
v 0.151175 -0.0421441 0.00742441
v 0.151174 -0.0415842 0.00915693
v 0.15123 -0.0404561 0.0145418
v 0.151174 -0.0398671 0.0149568
v 0.15123 -0.0419844 0.00924507
v 0.151227 -0.0423657 0.00792713
v 0.151229 -0.0429544 0.00668676
v 0.151338 -0.0432105 0.00683304
v 0.151336 -0.0426408 0.00803315
v 0.15123 -0.0382626 0.0195994
v 0.151174 -0.0373456 0.0204549
v 0.15123 -0.0354398 0.0243348
v 0.151174 -0.0340704 0.0255402
v 0.151172 -0.034387 0.0242845
v 0.151172 -0.0363884 0.0211147
v 0.151172 -0.0321441 0.0272206
v 0.15123 -0.0320343 0.0286699
v 0.15139 -0.0357543 0.0245507
v 0.15139 -0.0323186 0.0289243
v 0.15139 -0.0386021 0.0197734
v 0.151643 -0.0360239 0.0247358
v 0.151643 -0.0388932 0.0199225
v 0.151972 -0.039116 0.0200366
v 0.152355 -0.0392554 0.020108
v 0.151972 -0.0362303 0.0248775
v 0.152355 -0.0415059 0.0149191
v 0.152355 -0.0363594 0.0249662
v 0.152766 -0.0390896 0.0205408
v 0.230406 -0.0377609 0.0222228
v 0.152766 -0.0360067 0.0255624
v 0.230406 -0.0355743 0.0255774
v 0.230406 -0.0330906 0.0287183
v 0.152766 -0.0322827 0.0301289
v 0.152355 -0.0328655 0.0294138
v 0.151972 -0.0327488 0.0293094
v 0.151972 -0.0287288 0.0332593
v 0.152355 -0.0288312 0.0333778
v 0.152355 -0.0243228 0.0367929
v 0.151972 -0.0242364 0.0366623
v 0.151972 -0.0193455 0.0394624
v 0.151643 -0.0192353 0.0392376
v 0.151643 -0.0240983 0.0364534
v 0.15139 -0.023918 0.0361806
v 0.151643 -0.0285652 0.0330698
v 0.15139 -0.0190913 0.0389439
v 0.15139 -0.0283514 0.0328223
v 0.151643 -0.0325623 0.0291424
v 0.15123 -0.013828 0.0407057
v 0.15139 -0.0139507 0.0410669
v 0.15123 -0.00850514 0.0421406
v 0.151643 -0.0140558 0.0413765
v 0.151972 -0.0141364 0.0416136
v 0.152355 -0.0141867 0.0417618
v 0.152355 -0.0194144 0.039603
v 0.152355 -0.00872582 0.043234
v 0.152766 -0.0124465 0.0423675
v 0.230406 -0.00939311 0.0427961
v 0.230401 -0.00939311 0.0427961
v 0.192472 -0.0093986 0.0429665
v 0.154542 -0.00940405 0.0431369
v 0.152766 -0.00669474 0.0436475
v 0.153014 -0.00712944 0.0435723
v 0.152306 -0.00536241 0.0441422
v 0.153018 -0.00571061 0.0445437
v 0.152643 -0.00555268 0.044362
v 0.152649 -0.00434287 0.0456233
v 0.153423 -0.00583304 0.0446836
v 0.153418 -0.00721865 0.0437352
v 0.153849 -0.00591742 0.0447786
v 0.153845 -0.00727986 0.0438462
v 0.154547 -0.00693202 0.0441356
v 0.15455 -0.00585156 0.0449361
v 0.179834 -0.00649826 0.0443083
v 0.154555 -0.0049262 0.0459029
v 0.179837 -0.00567453 0.0449824
v 0.205123 -0.00567289 0.0448695
v 0.205127 -0.00491929 0.0456819
v 0.17984 -0.00492046 0.0457949
v 0.225108 -0.00499624 0.0454961
v 0.227116 -0.00589331 0.0445674
v 0.20512 -0.00649613 0.0441954
v 0.226131 -0.00504318 0.045376
v 0.223719 -0.00417958 0.0465914
v 0.222989 -0.00430719 0.0464759
v 0.221211 -0.00358474 0.0478498
v 0.205134 -0.0039096 0.0473047
v 0.179848 -0.00391011 0.047418
v 0.154559 -0.00417578 0.0470152
v 0.179856 -0.00331793 0.0492357
v 0.223903 -0.00399592 0.0467585
v 0.221404 -0.003402 0.0480716
v 0.224082 -0.003791 0.0469047
v 0.226646 -0.0044871 0.0456583
v 0.226479 -0.00468538 0.0455827
v 0.229142 -0.00599046 0.0442214
v 0.228979 -0.00614457 0.0441962
v 0.226307 -0.0048712 0.0454885
v 0.228814 -0.00629223 0.0441567
v 0.228647 -0.00643269 0.0441031
v 0.22991 -0.00720865 0.0435726
v 0.230073 -0.00708782 0.0435879
v 0.230402 -0.00850113 0.0430473
v 0.229746 -0.00732479 0.0435453
v 0.229721 -0.00773219 0.0433623
v 0.228926 -0.00704493 0.04373
v 0.205118 -0.00740227 0.0436378
v 0.205116 -0.00837508 0.0432068
v 0.179829 -0.00837824 0.0433201
v 0.154544 -0.00812806 0.0435302
v 0.179831 -0.00740492 0.0437509
v 0.230402 -0.00848874 0.0429846
v 0.230405 -0.00426462 0.0436067
v 0.230405 -0.00689204 0.0435625
v 0.230233 -0.0069628 0.0435912
v 0.230406 -0.00472409 0.0435593
v 0.231471 -0.00304624 0.0435633
v 0.232463 -0.00301723 0.0431484
v 0.232463 -0.00899296 0.0423086
v 0.233313 -0.0145685 0.0400265
v 0.233313 -0.00885606 0.0416645
v 0.233964 -0.0142757 0.0392221
v 0.233964 -0.0195954 0.0368536
v 0.234371 -0.0191281 0.0359747
v 0.234371 -0.0239487 0.0329625
v 0.234507 -0.0218925 0.0330906
v 0.234507 -0.0264773 0.0295504
v 0.154137 -0.0244671 0.0316851
v 0.154119 -0.0288198 0.027785
v 0.154151 -0.0195928 0.0349099
v 0.154151 -0.0194259 0.0349498
v 0.154162 -0.014301 0.0373906
v 0.234507 -0.0168412 0.0359255
v 0.234507 -0.0114309 0.0379948
v 0.234371 -0.0139352 0.0382867
v 0.234371 -0.00847113 0.0398535
v 0.233964 -0.00867808 0.0408272
v 0.233313 -0.0029713 0.0424916
v 0.233964 -0.00291158 0.0416376
v 0.234371 -0.00284215 0.0406446
v 0.234507 -1.24996e-32 0.0396771
v 0.234507 -0.00577703 0.0392543
v 0.154173 -0.00292222 0.0399253
v 0.154169 -0.00870436 0.0390744
v 0.154173 -0.00289732 0.0399225
v 0.154173 0.00292222 0.0399253
v 0.154173 0.00289732 0.0399225
v 0.154169 0.00863022 0.0390788
v 0.154169 0.00870436 0.0390744
v 0.234507 0.00577703 0.0392543
v 0.154162 0.0141792 0.0374094
v 0.154162 0.014301 0.0373906
v 0.154151 0.0194259 0.0349498
v 0.151151 0.0141792 0.0374227
v 0.154137 0.0242586 0.0317525
v 0.151141 0.0194259 0.0349631
v 0.151156 0.01754 0.0383985
v 0.151162 0.0140863 0.0398078
v 0.151167 0.010521 0.0409043
v 0.151159 0.00863022 0.0390921
v 0.15117 0.00687223 0.0416793
v 0.151173 0.0104932 0.0409109
v 0.151173 0.0141026 0.0398015
v 0.151173 0.0176067 0.0383673
v 0.151148 0.0208547 0.0366877
v 0.151172 0.0209606 0.0366259
v 0.151139 0.024004 0.0346888
v 0.151172 0.024121 0.0346065
v 0.151172 0.0270476 0.0323453
v 0.151129 0.0269631 0.0324177
v 0.151118 0.0297084 0.0298925
v 0.151174 0.0301078 0.0301101
v 0.151172 0.0297093 0.0298914
v 0.15123 0.0320343 0.0286699
v 0.151174 0.0340704 0.0255402
v 0.151172 0.0321441 0.0272206
v 0.151106 0.0322183 0.0271331
v 0.151172 0.034387 0.0242845
v 0.151174 0.0373456 0.0204549
v 0.151093 0.0344728 0.0241613
v 0.151172 0.0363884 0.0211147
v 0.15123 0.0354398 0.0243348
v 0.15123 0.0382626 0.0195994
v 0.151172 0.0381118 0.0177513
v 0.151079 0.036454 0.0210009
v 0.151064 0.0381463 0.0176767
v 0.151068 0.0352997 0.0184988
v 0.151044 0.037566 0.0131658
v 0.154055 0.037566 0.0131525
v 0.15403 0.0390317 0.00754629
v 0.154054 0.0378887 0.0129251
v 0.154029 0.039367 0.00727067
v 0.234507 0.0383869 0.0100357
v 0.234371 0.0395336 0.00985684
v 0.15109 0.032281 0.023445
v 0.151109 0.0285743 0.027899
v 0.151126 0.0242586 0.0317659
v 0.15139 0.0357543 0.0245507
v 0.15139 0.0386021 0.0197734
v 0.151643 0.0360239 0.0247358
v 0.15139 0.0408151 0.0146708
v 0.151643 0.0388932 0.0199225
v 0.151972 0.0362303 0.0248775
v 0.151643 0.0411229 0.0147815
v 0.151972 0.039116 0.0200366
v 0.152355 0.0363594 0.0249662
v 0.152355 0.0392554 0.020108
v 0.151972 0.0413585 0.0148662
v 0.152355 0.0415059 0.0149191
v 0.152766 0.0414765 0.0151534
v 0.152766 0.0390896 0.0205408
v 0.152766 0.0360067 0.0255624
v 0.230406 0.0377609 0.0222228
v 0.230406 0.039632 0.0186826
v 0.230406 0.0355743 0.0255774
v 0.231471 0.0378191 0.0218348
v 0.231471 0.0344122 0.0268857
v 0.232463 0.0340844 0.0266297
v 0.232463 0.0374588 0.0216269
v 0.231471 0.0404898 0.0163589
v 0.233313 0.0335656 0.0262243
v 0.232463 0.0401042 0.0162031
v 0.233313 0.0368886 0.0212977
v 0.233964 0.032891 0.0256972
v 0.233964 0.0289945 0.0300247
v 0.233313 0.0295892 0.0306405
v 0.233313 0.0250369 0.0344603
v 0.232463 0.0300466 0.0311141
v 0.231471 0.0303355 0.0314133
v 0.232463 0.0254239 0.034993
v 0.231471 0.0256684 0.0353295
v 0.232463 0.0203064 0.0381908
v 0.231471 0.0205017 0.038558
v 0.230406 0.0170181 0.0403747
v 0.230406 0.0240757 0.0366073
v 0.230406 0.020633 0.0386524
v 0.230406 0.0273172 0.0342564
v 0.230406 0.0303306 0.0316194
v 0.230406 0.0330906 0.0287183
v 0.152766 0.0322827 0.0301289
v 0.152355 0.0328655 0.0294138
v 0.231471 0.0423725 0.0105647
v 0.230406 0.0432107 0.00725022
v 0.231471 0.0434305 0.00456472
v 0.230406 0.0423684 0.0111649
v 0.230406 0.0411721 0.0149863
v 0.230406 0.0436922 0.00327499
v 0.152355 0.0430738 0.00948494
v 0.151972 0.0429209 0.00945127
v 0.151643 0.0426764 0.00939743
v 0.151337 0.042701 0.00788201
v 0.15139 0.042357 0.0093271
v 0.151174 0.00915373 0.0415849
v 0.151173 0.00683052 0.0416861
v 0.151174 0.00316901 0.0424623
v 0.151173 0.00316901 0.0421267
v 0.151172 0.00316901 0.0421267
v 0.151228 0.00316901 0.0428609
v 0.151369 0.00316901 0.0421259
v 0.151163 0.00289732 0.0399358
v 0.2293 -0.00583068 0.0442321
v 0.151228 -0.00316901 0.0428609
v 0.230406 -0.0303306 0.0316194
v 0.231471 -0.0344122 0.0268857
v 0.232463 -0.0374588 0.0216269
v 0.15139 -0.0408151 0.0146708
v 0.151371 -0.0470701 0.0032836
v 0.151755 -0.0483686 0.0032819
v 0.151519 -0.0471559 0.00350124
v 0.151735 -0.047255 0.00370866
v 0.151991 -0.0473335 0.0038739
v 0.151996 -0.0484745 0.00342719
v 0.152176 -0.0484997 0.00351156
v 0.152171 -0.0473711 0.00395343
v 0.152473 -0.0474096 0.00403588
v 0.152166 -0.0463222 0.00456081
v 0.152478 -0.0485252 0.00359898
v 0.152468 -0.0463727 0.00463639
v 0.152162 -0.045376 0.00531834
v 0.152463 -0.0454373 0.00538533
v 0.152779 -0.0458989 0.00502517
v 0.152784 -0.0470097 0.00427705
v 0.15279 -0.048231 0.00372731
v 0.185163 -0.0474001 0.00387596
v 0.185161 -0.0457765 0.00488714
v 0.185166 -0.0492185 0.00328327
v 0.205755 -0.0486478 0.00329993
v 0.210111 -0.046655 0.00410801
v 0.207483 -0.0482607 0.00336922
v 0.204533 -0.0496797 0.0030667
v 0.201295 -0.0506892 0.00306294
v 0.171872 -0.0704936 0.003085
v 0.152802 -0.0508617 0.00327727
v 0.186841 -0.0609136 0.00301884
v 0.201737 -0.05138 0.00295301
v 0.152796 -0.0495274 0.00339119
v 0.152483 -0.0496938 0.00333407
v 0.202148 -0.0520237 0.0026346
v 0.204996 -0.0503431 0.00269777
v 0.204769 -0.0500238 0.00291066
v 0.207703 -0.04854 0.00318619
v 0.21037 -0.0468655 0.00395934
v 0.21221 -0.0456954 0.00475418
v 0.21421 -0.0447809 0.00559527
v 0.185162 -0.0449639 0.00564176
v 0.152774 -0.0449293 0.00594908
v 0.185163 -0.0442898 0.00646609
v 0.152459 -0.044625 0.00626629
v 0.152158 -0.0445543 0.00620943
v 0.205209 -0.0506313 0.00243218
v 0.217511 -0.0438304 0.00639583
v 0.217561 -0.0439769 0.00564812
v 0.217535 -0.0438714 -0.00015437
v 0.217557 -0.0440491 0.00480421
v 0.216972 -0.0443971 0.00474862
v 0.21684 -0.0444405 0.00493068
v 0.2167 -0.0444692 0.00511025
v 0.214209 -0.0460053 0.00355184
v 0.216554 -0.044483 0.00528641
v 0.216403 -0.0444819 0.00545822
v 0.214065 -0.0459848 0.00378334
v 0.213913 -0.045944 0.00400662
v 0.211458 -0.0476998 0.00246017
v 0.211317 -0.0476396 0.00273767
v 0.208608 -0.0494529 0.00176724
v 0.216217 -0.0444613 0.00565444
v 0.217514 -0.0440491 -0.00504883
v 0.217506 -0.0437872 -0.00670763
v 0.217514 -0.0435997 -0.00487842
v 0.217138 -0.0438153 -0.00690875
v 0.217297 -0.0438265 -0.00677352
v 0.216052 -0.0444152 -0.00605868
v 0.216214 -0.044448 -0.0058975
v 0.213625 -0.0457503 -0.00472859
v 0.213454 -0.04565 -0.00491642
v 0.210692 -0.0470966 -0.0039753
v 0.210507 -0.046916 -0.00415916
v 0.215887 -0.0443675 -0.00621269
v 0.216975 -0.0437913 -0.00703909
v 0.230406 -0.0429461 -0.00868114
v 0.217494 -0.0428207 -0.00954572
v 0.230406 -0.0419742 -0.0125657
v 0.231471 -0.0415323 -0.0134947
v 0.231471 -0.03925 -0.0191435
v 0.231471 -0.0362038 -0.0244198
v 0.231471 -0.0324529 -0.0292207
v 0.230406 -0.0321187 -0.0298013
v 0.188039 -0.062801 0.000772697
v 0.17307 -0.072381 0.000838855
v 0.140673 -0.0731188 0.0032229
v 0.140673 -0.057275 0.0032229
v 0.139907 -0.0731188 0.00290969
v 0.139907 -0.057275 0.00290969
v 0.139907 -0.0414311 0.00290969
v 0.140673 -0.0414311 0.0032229
v 0.141264 -0.0920237 -0.000633036
v 0.141066 -0.0920237 -0.000550224
v 0.140681 -0.0917071 -0.00121044
v 0.139888 -0.0912035 -0.00141922
v 0.140354 -0.0917071 -0.000957181
v 0.140897 -0.0920237 -0.000419129
v 0.140104 -0.0917071 -0.000627909
v 0.140767 -0.0920237 -0.000248686
v 0.153907 -0.0338807 -0.0203401
v 0.153904 -0.0341718 -0.0208555
v 0.234507 -0.032269 -0.0230865
v 0.234507 -0.0285637 -0.0275388
v 0.234371 -0.0337782 -0.0227837
v 0.234371 -0.0302786 -0.027263
v 0.234371 -0.0261897 -0.0312116
v 0.234507 -0.0242496 -0.0314043
v 0.234371 -0.021591 -0.0345528
v 0.234371 -0.016572 -0.0372214
v 0.234507 -0.0194187 -0.0346004
v 0.234507 -0.0141739 -0.037059
v 0.153836 -0.0169922 -0.0362485
v 0.153827 -0.0115334 -0.0383363
v 0.234507 -0.00862699 -0.0387278
v 0.234507 -0.00289624 -0.0395712
v 0.234371 -0.00567045 -0.0403474
v 0.234371 -0.0112305 -0.0391655
v 0.234371 4.98969e-18 -0.0407439
v 0.234371 0.00567045 -0.0403474
v 0.234507 0.00289624 -0.0395712
v 0.234507 0.00862699 -0.0387278
v 0.15123 -0.0219951 -0.0369375
v 0.15117 -0.020841 -0.0359961
v 0.151174 -0.0173717 -0.0388757
v 0.15117 -0.0175073 -0.0377145
v 0.15117 -0.0140255 -0.0391303
v 0.151174 -0.0120218 -0.0408481
v 0.15117 -0.0104402 -0.0402259
v 0.151184 -0.0123888 -0.0409197
v 0.151203 -0.0125555 -0.0409955
v 0.151212 -0.0112973 -0.0409118
v 0.151172 -0.00949663 -0.0409258
v 0.151212 -0.0100765 -0.0409611
v 0.151211 -0.00919005 -0.0410924
v 0.15121 -0.00823245 -0.0413284
v 0.151397 -0.00834875 -0.0417172
v 0.151398 -0.00926741 -0.0414909
v 0.151399 -0.0101178 -0.0413649
v 0.151641 -0.00933893 -0.0418596
v 0.15164 -0.00845629 -0.042077
v 0.151929 -0.00687934 -0.0430956
v 0.151636 -0.00671906 -0.0427985
v 0.151394 -0.00654071 -0.0424682
v 0.151631 -0.00515773 -0.0438653
v 0.151923 -0.00537516 -0.0441232
v 0.152315 -0.00558911 -0.0443774
v 0.152307 -0.00437859 -0.0456362
v 0.151916 -0.00411762 -0.0454309
v 0.152298 -0.00344827 -0.04712
v 0.152721 -0.00367808 -0.0472347
v 0.15271 -0.00304451 -0.0490056
v 0.152731 -0.00458034 -0.0457953
v 0.151642 -0.0101559 -0.0417386
v 0.151399 -0.0112889 -0.0413176
v 0.151642 -0.0112812 -0.0416931
v 0.151377 -0.0127738 -0.0414246
v 0.151566 -0.0126997 -0.0417265
v 0.151466 -0.0127495 -0.0415796
v 0.15139 -0.0168981 -0.0399445
v 0.15123 -0.0167495 -0.0395932
v 0.1513 -0.0127595 -0.0412639
v 0.151337 -0.0127727 -0.0413445
v 0.151219 -0.0126273 -0.0410484
v 0.151267 -0.0127314 -0.0411851
v 0.15124 -0.0126873 -0.0411126
v 0.153867 0.0264872 -0.0292243
v 0.150875 0.0305091 -0.0250394
v 0.150876 0.0333856 -0.0249628
v 0.150896 0.0338807 -0.0203268
v 0.150898 0.036629 -0.0199885
v 0.150919 0.0365303 -0.0151734
v 0.15117 0.0342232 -0.0238196
v 0.151171 0.0379688 -0.0173626
v 0.150921 0.0391366 -0.0146057
v 0.15117 0.0362325 -0.0206869
v 0.151174 0.0347903 -0.0245505
v 0.15117 0.0319767 -0.026721
v 0.15117 0.0295418 -0.0293602
v 0.151174 0.0311982 -0.0289787
v 0.15123 0.0311617 -0.0296161
v 0.15123 0.0349112 -0.0250873
v 0.15139 0.035221 -0.0253099
v 0.15139 0.038345 -0.0202675
v 0.15123 0.0380077 -0.0200893
v 0.151174 0.0377586 -0.019682
v 0.151174 0.0400498 -0.0144606
v 0.151171 0.0394028 -0.0138895
v 0.151643 0.0386341 -0.0204203
v 0.151972 0.0388554 -0.0205373
v 0.151972 0.0412942 -0.0150437
v 0.151643 0.0354865 -0.0255008
v 0.151972 0.0356898 -0.0256469
v 0.151643 0.0316752 -0.0301042
v 0.15139 0.0314382 -0.0298789
v 0.152355 0.035817 -0.0257382
v 0.152355 0.0389939 -0.0206105
v 0.151972 0.0318567 -0.0302767
v 0.152355 0.0319702 -0.0303846
v 0.151972 0.0274277 -0.0343402
v 0.151643 0.0272715 -0.0341446
v 0.151643 0.0223576 -0.0375463
v 0.15139 0.0221903 -0.0372653
v 0.15139 0.0270674 -0.033889
v 0.15123 0.0219951 -0.0369375
v 0.15123 0.0268293 -0.033591
v 0.15123 0.0167495 -0.0395932
v 0.15139 0.0168981 -0.0399445
v 0.151446 0.0127574 -0.0415458
v 0.151643 0.0170255 -0.0402457
v 0.151324 0.0127698 -0.0413176
v 0.151972 0.0224857 -0.0377614
v 0.152355 0.0225658 -0.0378959
v 0.152355 0.0275254 -0.0344625
v 0.152766 0.027558 -0.0345033
v 0.152766 0.032008 -0.0304205
v 0.152766 0.0358594 -0.0257687
v 0.230406 0.0347053 -0.0267446
v 0.230406 0.0321187 -0.0298013
v 0.230406 0.0370021 -0.0234645
v 0.230406 0.0389897 -0.0199883
v 0.152766 0.03904 -0.0206349
v 0.152766 0.0414904 -0.0151151
v 0.230406 0.0406518 -0.0163453
v 0.152355 0.0414414 -0.0150973
v 0.152355 0.0431138 -0.00930162
v 0.15117 0.00316901 -0.041428
v 0.151057 -0.00176836 -0.0462901
v 0.151047 -0.000973116 -0.0485175
v 0.151176 -0.00138818 -0.0486144
v 0.151186 -0.00215127 -0.0464786
v 0.151363 -0.00178141 -0.0487065
v 0.153956 -0.00306103 -0.0895549
v 0.154398 -0.00306103 -0.0894275
v 0.153952 -0.00274445 -0.0903192
v 0.154808 -0.00274445 -0.090073
v 0.154663 -0.00265093 -0.0903223
v 0.153949 -0.00224083 -0.0909755
v 0.153947 -0.00158451 -0.0914791
v 0.154529 -0.00216448 -0.0909781
v 0.153537 -0.00153052 -0.0914773
v 0.153536 -0.000710315 -0.0917939
v 0.153734 -0.000792254 -0.0917948
v 0.153946 -0.000820201 -0.0917957
v 0.154357 -0.00153052 -0.0914809
v 0.154158 -0.000792254 -0.0917966
v 0.154739 -0.00137222 -0.0914826
v 0.154356 -0.000710315 -0.0917975
v 0.155068 -0.00112042 -0.0914841
v 0.154526 -0.00057997 -0.0917983
v 0.155319 -0.000792254 -0.0914852
v 0.154656 -0.000410101 -0.0917988
v 0.155478 -0.000410101 -0.0914859
v 0.155598 -0.000820201 -0.0913202
v 0.155428 -0.00158451 -0.0910528
v 0.15507 -0.00194062 -0.0909805
v 0.155159 -0.00224083 -0.0906274
v 0.170637 -0.000820201 -0.0817886
v 0.170468 -0.00158451 -0.0815212
v 0.185676 -0.000820201 -0.0722569
v 0.170198 -0.00224083 -0.0810958
v 0.185507 -0.00158451 -0.0719895
v 0.200773 7.65858e-19 -0.0628165
v 0.200715 -0.000820201 -0.0627253
v 0.185734 -4.36766e-18 -0.0723481
v 0.200715 0.000820201 -0.0627253
v 0.170695 -9.72107e-18 -0.0818798
v 0.185676 0.000820201 -0.0722569
v 0.170637 0.000820201 -0.0817886
v 0.185507 0.00158451 -0.0719895
v 0.200546 0.00158451 -0.0624579
v 0.215585 0.00158451 -0.0529263
v 0.215315 0.00224083 -0.0525009
v 0.200276 0.00224083 -0.0620325
v 0.214964 0.00274445 -0.0519465
v 0.199925 0.00274445 -0.0614782
v 0.185237 0.00224083 -0.0715641
v 0.170468 0.00158451 -0.0815212
v 0.184886 0.00274445 -0.0710098
v 0.170198 0.00224083 -0.0810958
v 0.155428 0.00158451 -0.0910528
v 0.155598 0.000820201 -0.0913202
v 0.155068 0.00112042 -0.0914841
v 0.155319 0.000792254 -0.0914852
v 0.155478 0.000410101 -0.0914859
v 0.155656 -1.07748e-17 -0.0914114
v 0.155532 -1.07995e-17 -0.0914861
v 0.154766 -1.08463e-17 -0.0917993
v 0.154738 -0.000212284 -0.0917992
v 0.154738 0.000212284 -0.0917992
v 0.154656 0.000410101 -0.0917988
v 0.154526 0.00057997 -0.0917983
v 0.169847 0.00274445 -0.0805414
v 0.169438 0.00306103 -0.0798958
v 0.21876 0.00254882 -0.0502258
v 0.218572 0.00279625 -0.0499869
v 0.218934 0.00226635 -0.0504345
v 0.219116 0.00189506 -0.0506369
v 0.222677 0.00242288 -0.0485123
v 0.222829 0.0020864 -0.0485986
v 0.226301 0.00322624 -0.0464668
v 0.226444 0.0029401 -0.0464705
v 0.228094 0.00380319 -0.0454383
v 0.226572 0.00264797 -0.0464462
v 0.222961 0.00173446 -0.048647
v 0.223072 0.00137206 -0.0486568
v 0.219385 0.0011046 -0.0508797
v 0.219264 0.00151172 -0.0507823
v 0.219476 0.000681358 -0.0509273
v 0.215755 0.000820201 -0.0531937
v 0.215812 -6.5217e-18 -0.0532849
v 0.219437 -0.000879025 -0.0509115
v 0.215755 -0.000820201 -0.0531937
v 0.219537 0.000250068 -0.0509244
v 0.219537 -0.000250068 -0.0509244
v 0.223024 -0.00154101 -0.0486571
v 0.223213 0.00101959 -0.0485945
v 0.222916 -0.00186328 -0.0486339
v 0.226394 -0.00304448 -0.0464724
v 0.226261 -0.00329933 -0.0464612
v 0.222792 -0.00217561 -0.0485798
v 0.219344 -0.00125419 -0.0508501
v 0.219228 -0.00161402 -0.050749
v 0.219091 -0.00195314 -0.0506097
v 0.222652 -0.00247446 -0.0484953
v 0.226118 -0.00354641 -0.0464275
v 0.225966 -0.00378369 -0.0463715
v 0.222498 -0.00275636 -0.0483815
v 0.22761 -0.0045401 -0.0454145
v 0.227762 -0.00433108 -0.045444
v 0.227423 -0.0047757 -0.0453559
v 0.227239 -0.00498531 -0.0452774
v 0.225776 -0.00404822 -0.0462775
v 0.227906 -0.00411511 -0.0454548
v 0.218934 -0.00226635 -0.0504345
v 0.215315 -0.00224083 -0.0525009
v 0.199925 -0.00274445 -0.0614782
v 0.200276 -0.00224083 -0.0620325
v 0.215585 -0.00158451 -0.0529263
v 0.200546 -0.00158451 -0.0624579
v 0.185237 -0.00224083 -0.0715641
v 0.169847 -0.00274445 -0.0805414
v 0.184886 -0.00274445 -0.0710098
v 0.169438 -0.00306103 -0.0798958
v 0.204733 -0.00380445 -0.0475421
v 0.192106 -0.00939865 -0.0429681
v 0.154189 -0.0094041 -0.0431385
v 0.233964 0.0346034 -0.0233403
v 0.230406 0.0023655 0.0437509
v 0.230406 0.00472409 0.0435593
v 0.230405 0.00426462 0.0436067
v 0.230406 0.00518653 0.0438148
v 0.230405 0.00689217 0.0435625
v 0.228839 0.00382529 0.0448274
v 0.23039 0.0068341 0.0435824
v 0.229877 0.00515158 0.0441312
v 0.22737 0.00336225 0.0457401
v 0.229742 0.0053257 0.0441779
v 0.227244 0.00359968 0.0457638
v 0.229601 0.00549749 0.0442103
v 0.227107 0.00383252 0.0457674
v 0.229453 0.0056661 0.0442284
v 0.226961 0.00405912 0.0457509
v 0.2293 0.00583068 0.0442321
v 0.230204 0.00698551 0.0435915
v 0.226807 0.00427781 0.0457145
v 0.224574 0.00306952 0.0472054
v 0.22442 0.00332554 0.0471293
v 0.156406 0.000820201 0.0915084
v 0.217514 0.0440491 -0.00504883
v 0.217557 0.0440491 0.00480421
v 0.215975 0.0450581 0.00350769
v 0.217038 0.0443688 0.0046535
v 0.216894 0.0444247 0.00485711
v 0.214395 0.0459992 0.00321588
v 0.214527 0.0459656 0.00294387
v 0.211634 0.0477389 0.00205274
v 0.211753 0.0477318 0.00172029
v 0.208772 0.0495423 0.00129778
v 0.205851 0.0513816 0.000910177
v 0.214249 0.0460074 0.00348292
v 0.214091 0.04599 0.00374253
v 0.216742 0.0444624 0.00505811
v 0.156904 0.0800735 0.00315116
# </points>

# <faces count="5580">
g patch0
f 1 2 3
f 1 4 2
f 5 4 1
f 5 1 6
f 6 1 3
f 3 7 8
f 8 9 3
f 3 9 10
f 3 2 11
f 3 10 6
f 3 11 12
f 12 7 3
f 13 11 2
f 13 14 11
f 12 11 14
f 15 14 13
f 16 14 17
f 12 14 16
f 15 17 14
f 13 18 15
f 15 18 19
f 15 19 20
f 20 17 15
f 20 21 22
f 20 19 21
f 22 23 20
f 20 23 17
f 22 24 23
f 25 23 24
f 26 23 25
f 26 17 23
f 25 27 26
f 26 27 28
f 26 28 16
f 16 17 26
f 27 29 28
f 16 28 30
f 28 31 30
f 29 31 28
f 32 33 31
f 29 32 31
f 31 33 34
f 31 34 30
f 7 34 35
f 30 34 7
f 35 34 36
f 34 33 36
f 37 35 36
f 37 36 38
f 38 36 39
f 33 39 36
f 38 39 40
f 40 39 41
f 42 41 39
f 33 42 39
f 32 43 42
f 43 44 42
f 42 44 41
f 32 42 33
f 45 44 46
f 41 44 45
f 43 46 44
f 46 47 45
f 48 46 49
f 47 46 48
f 49 46 43
f 48 49 50
f 50 49 51
f 49 43 51
f 50 51 52
f 52 51 29
f 51 32 29
f 51 43 32
f 27 53 52
f 52 29 27
f 52 54 50
f 53 54 52
f 55 54 53
f 55 53 56
f 56 53 25
f 25 53 27
f 25 24 56
f 56 24 57
f 56 57 58
f 56 58 55
f 59 48 58
f 48 50 58
f 58 50 54
f 59 58 60
f 58 61 60
f 58 54 55
f 58 57 61
f 62 61 63
f 60 61 62
f 63 61 57
f 63 57 64
f 64 65 63
f 63 65 66
f 63 66 62
f 66 65 67
f 62 66 68
f 67 68 66
f 67 69 68
f 67 70 71
f 71 69 67
f 65 70 67
f 70 72 71
f 73 72 70
f 74 70 65
f 73 70 74
f 21 73 74
f 75 73 21
f 75 76 73
f 76 72 73
f 77 76 75
f 77 78 76
f 76 78 79
f 76 79 72
f 79 80 81
f 79 78 80
f 72 79 81
f 80 82 81
f 81 82 83
f 81 83 71
f 72 81 71
f 82 84 83
f 71 83 69
f 83 85 69
f 83 84 85
f 85 84 86
f 87 85 88
f 69 85 87
f 88 85 86
f 89 88 86
f 89 86 90
f 90 86 91
f 84 91 86
f 90 91 92
f 92 91 93
f 94 93 91
f 84 94 91
f 82 94 84
f 82 95 94
f 94 95 93
f 96 93 95
f 96 95 80
f 80 95 82
f 97 93 96
f 5 97 96
f 96 80 98
f 5 96 98
f 98 80 78
f 98 4 5
f 4 98 99
f 99 98 77
f 98 78 77
f 2 4 99
f 2 99 13
f 13 99 18
f 18 99 100
f 99 77 100
f 100 77 75
f 100 75 19
f 19 18 100
f 101 93 97
f 102 101 97
f 102 97 5
f 103 102 5
f 104 102 103
f 104 101 102
f 105 106 104
f 103 105 104
f 104 106 101
f 92 106 107
f 101 106 92
f 106 108 107
f 108 106 105
f 108 109 110
f 107 108 110
f 108 105 109
f 110 109 111
f 109 112 111
f 109 113 114
f 114 112 109
f 109 105 113
f 114 113 115
f 116 115 113
f 116 113 117
f 117 113 118
f 118 113 105
f 118 105 103
f 119 118 103
f 120 118 119
f 120 117 118
f 121 119 122
f 120 119 121
f 122 119 123
f 119 5 124
f 103 5 119
f 123 119 124
f 124 125 126
f 124 127 125
f 123 124 126
f 124 5 128
f 128 127 124
f 129 130 127
f 130 125 127
f 129 127 131
f 128 131 127
f 132 130 129
f 132 129 133
f 133 129 134
f 134 129 131
f 133 134 135
f 135 134 136
f 136 134 137
f 134 131 137
f 136 137 138
f 139 138 137
f 139 137 140
f 140 137 131
f 140 5 139
f 140 131 128
f 128 5 140
f 139 5 141
f 141 138 139
f 141 142 138
f 143 142 141
f 141 5 143
f 5 142 143
f 144 138 142
f 6 144 142
f 6 142 5
f 144 136 138
f 145 136 144
f 145 144 6
f 146 135 145
f 135 136 145
f 147 145 6
f 146 145 147
f 148 146 147
f 147 149 148
f 147 6 149
f 150 146 148
f 148 149 151
f 148 151 152
f 153 148 152
f 154 150 148
f 154 148 153
f 153 155 156
f 153 157 155
f 158 153 156
f 158 154 153
f 152 157 153
f 151 159 157
f 152 151 157
f 157 160 155
f 157 161 160
f 157 159 161
f 160 161 162
f 163 161 159
f 164 162 161
f 164 161 163
f 9 165 163
f 165 164 163
f 9 163 10
f 163 159 10
f 8 165 9
f 166 165 8
f 165 167 164
f 166 167 165
f 168 169 166
f 169 167 166
f 166 8 37
f 168 166 170
f 170 166 37
f 171 168 170
f 170 37 38
f 38 171 170
f 171 172 168
f 173 172 171
f 40 173 171
f 40 171 38
f 172 174 175
f 173 174 172
f 172 175 176
f 168 172 176
f 176 175 177
f 177 178 176
f 176 169 168
f 176 178 169
f 178 179 180
f 181 179 178
f 177 181 178
f 178 180 169
f 180 179 182
f 169 180 167
f 167 180 183
f 180 182 183
f 183 162 164
f 183 184 162
f 182 184 183
f 167 183 164
f 185 162 184
f 182 186 184
f 187 184 186
f 185 184 187
f 160 162 185
f 188 160 185
f 188 185 189
f 189 185 190
f 185 187 190
f 189 190 191
f 191 190 192
f 190 193 192
f 190 187 193
f 192 193 194
f 193 187 195
f 194 193 195
f 195 187 196
f 197 194 195
f 195 196 198
f 198 197 195
f 199 197 198
f 199 200 197
f 197 200 194
f 201 200 202
f 203 202 200
f 203 200 199
f 191 200 204
f 191 192 200
f 192 194 200
f 204 200 205
f 205 200 206
f 206 200 207
f 207 200 208
f 208 200 209
f 209 200 210
f 210 200 211
f 211 200 212
f 212 200 213
f 213 200 214
f 214 200 215
f 215 200 216
f 216 200 217
f 217 200 218
f 218 200 219
f 219 200 201
f 220 219 201
f 220 201 221
f 221 201 202
f 222 220 221
f 223 222 221
f 223 221 224
f 224 221 202
f 224 225 223
f 224 202 203
f 226 224 203
f 226 225 224
f 198 225 226
f 225 227 228
f 223 225 228
f 225 186 227
f 196 186 225
f 198 196 225
f 228 227 229
f 230 227 186
f 231 229 227
f 231 227 230
f 232 231 230
f 179 230 182
f 179 232 230
f 230 186 182
f 232 233 231
f 234 233 232
f 234 232 235
f 235 232 179
f 235 179 181
f 181 236 235
f 235 237 238
f 235 238 234
f 235 236 237
f 237 239 240
f 237 236 239
f 241 237 240
f 238 237 241
f 242 241 243
f 242 238 241
f 243 241 244
f 241 240 244
f 244 245 246
f 244 240 245
f 243 244 247
f 247 244 246
f 246 245 248
f 249 246 248
f 247 246 249
f 249 248 250
f 251 247 249
f 252 249 250
f 251 249 252
f 252 253 251
f 251 253 254
f 251 254 255
f 255 247 251
f 255 254 256
f 255 256 257
f 257 243 255
f 255 243 247
f 257 256 258
f 257 258 259
f 259 242 257
f 257 242 243
f 259 258 260
f 261 234 259
f 259 260 261
f 259 234 242
f 258 262 260
f 261 260 263
f 262 263 260
f 264 265 262
f 266 264 262
f 266 262 258
f 262 265 263
f 265 267 263
f 265 268 267
f 269 268 265
f 264 269 265
f 270 267 268
f 270 268 271
f 271 268 272
f 269 272 268
f 271 272 273
f 273 272 274
f 272 275 274
f 269 275 272
f 275 276 274
f 277 276 275
f 278 275 269
f 277 275 278
f 279 276 277
f 280 279 277
f 280 277 281
f 281 277 278
f 281 278 282
f 283 281 282
f 283 284 281
f 284 280 281
f 285 284 283
f 286 283 282
f 287 283 286
f 287 285 283
f 285 288 289
f 253 288 285
f 253 285 287
f 285 289 284
f 290 289 288
f 291 292 289
f 284 289 292
f 291 289 290
f 290 293 291
f 291 293 294
f 291 294 295
f 291 295 296
f 296 292 291
f 296 295 297
f 296 297 298
f 296 298 299
f 299 292 296
f 299 300 301
f 299 298 300
f 301 292 299
f 301 300 302
f 301 303 292
f 304 303 301
f 301 302 304
f 304 302 305
f 305 302 306
f 306 302 307
f 302 300 307
f 307 308 309
f 310 307 309
f 307 300 308
f 306 307 310
f 311 310 312
f 313 310 311
f 313 306 310
f 310 309 312
f 314 312 315
f 311 312 314
f 312 316 315
f 312 309 316
f 316 317 315
f 315 317 318
f 315 318 319
f 314 315 319
f 319 318 320
f 319 320 321
f 321 322 319
f 319 322 323
f 319 323 314
f 314 323 324
f 325 324 323
f 322 325 323
f 325 326 324
f 327 328 325
f 328 326 325
f 327 325 322
f 329 328 327
f 330 331 327
f 331 329 327
f 330 327 322
f 332 330 321
f 333 330 332
f 333 331 330
f 321 330 322
f 334 333 332
f 334 335 333
f 335 331 333
f 334 336 337
f 337 335 334
f 334 332 338
f 338 339 334
f 334 339 336
f 340 336 339
f 340 122 336
f 122 123 336
f 336 123 341
f 336 341 337
f 341 342 337
f 123 343 341
f 343 342 341
f 123 344 343
f 344 345 343
f 343 345 346
f 343 346 342
f 342 346 347
f 346 348 347
f 349 346 345
f 349 348 346
f 349 350 348
f 348 351 329
f 348 350 351
f 329 347 348
f 344 350 349
f 344 352 350
f 352 353 350
f 350 353 354
f 350 354 351
f 355 354 353
f 356 354 355
f 354 356 357
f 351 354 357
f 351 357 328
f 328 357 326
f 357 358 326
f 357 356 358
f 358 359 360
f 356 359 358
f 326 358 361
f 358 360 361
f 313 361 360
f 313 360 362
f 362 360 363
f 359 363 360
f 364 363 365
f 362 363 364
f 365 363 366
f 359 366 363
f 365 366 367
f 367 366 368
f 369 368 366
f 369 366 359
f 355 369 356
f 355 370 369
f 369 370 368
f 356 369 359
f 370 371 372
f 355 371 370
f 372 368 370
f 373 368 372
f 373 372 374
f 374 372 375
f 375 372 371
f 123 374 375
f 375 371 355
f 355 353 375
f 375 353 352
f 375 352 344
f 375 344 123
f 123 376 374
f 374 376 373
f 377 378 376
f 377 376 123
f 378 373 376
f 378 379 380
f 377 379 378
f 378 380 381
f 382 378 381
f 382 383 378
f 378 383 384
f 384 373 378
f 384 383 385
f 385 367 384
f 384 367 373
f 385 386 387
f 387 365 385
f 383 386 385
f 385 365 367
f 386 388 387
f 388 386 389
f 390 386 391
f 389 386 390
f 391 386 383
f 389 390 273
f 273 274 389
f 389 274 392
f 389 392 388
f 388 392 303
f 303 392 393
f 276 393 392
f 276 392 274
f 303 393 292
f 292 393 279
f 279 393 276
f 391 394 390
f 391 395 394
f 391 383 382
f 382 395 391
f 395 396 397
f 382 396 395
f 397 394 395
f 397 396 398
f 270 397 398
f 271 397 270
f 271 394 397
f 396 399 398
f 398 399 400
f 398 400 261
f 261 263 398
f 398 263 267
f 398 267 270
f 400 399 401
f 261 400 233
f 233 400 402
f 400 401 402
f 233 402 231
f 402 229 231
f 402 403 229
f 401 403 402
f 404 229 403
f 405 403 406
f 404 403 405
f 401 406 403
f 405 407 404
f 404 407 408
f 404 408 228
f 228 229 404
f 407 409 408
f 228 408 222
f 408 409 222
f 410 411 409
f 407 410 409
f 409 220 222
f 409 411 220
f 411 410 412
f 218 411 412
f 219 411 218
f 411 219 220
f 412 410 413
f 218 412 217
f 412 413 414
f 217 412 414
f 216 414 415
f 414 416 415
f 414 413 416
f 217 414 216
f 413 417 416
f 415 416 418
f 416 419 418
f 416 417 419
f 419 420 421
f 417 420 419
f 419 421 422
f 418 419 422
f 423 422 424
f 422 425 424
f 418 422 423
f 422 421 425
f 421 426 425
f 425 426 427
f 424 425 428
f 425 427 428
f 426 429 427
f 427 429 430
f 427 430 431
f 428 427 431
f 431 430 432
f 431 432 433
f 434 431 433
f 428 431 434
f 434 433 435
f 436 428 434
f 437 434 435
f 436 434 437
f 438 436 437
f 439 437 440
f 437 435 440
f 438 437 439
f 441 438 439
f 442 439 443
f 439 440 443
f 441 439 442
f 210 442 444
f 211 442 210
f 211 441 442
f 442 443 444
f 210 444 209
f 444 443 445
f 444 445 446
f 209 444 446
f 208 446 447
f 446 448 447
f 446 445 448
f 209 446 208
f 445 449 448
f 447 448 154
f 448 150 154
f 448 449 150
f 449 450 150
f 449 451 450
f 445 452 449
f 452 451 449
f 451 132 133
f 453 132 451
f 452 453 451
f 451 133 450
f 453 454 132
f 435 454 453
f 440 435 453
f 440 453 452
f 435 433 454
f 433 455 454
f 454 455 130
f 454 130 132
f 433 432 455
f 130 455 125
f 455 456 125
f 455 432 456
f 126 125 456
f 126 456 457
f 457 456 458
f 432 458 456
f 457 458 459
f 459 458 460
f 430 460 458
f 432 430 458
f 430 429 460
f 429 461 460
f 459 460 462
f 462 460 461
f 462 461 463
f 429 464 461
f 464 465 461
f 463 461 465
f 463 465 123
f 123 465 466
f 464 466 465
f 123 466 377
f 377 466 467
f 467 466 468
f 468 466 464
f 468 464 426
f 421 468 426
f 420 468 421
f 420 467 468
f 467 469 377
f 469 467 420
f 470 471 469
f 377 469 471
f 417 469 420
f 470 469 417
f 407 471 470
f 470 410 407
f 413 470 417
f 410 470 413
f 405 471 407
f 377 471 405
f 462 463 123
f 426 464 429
f 123 459 462
f 123 457 459
f 126 457 123
f 443 440 452
f 443 452 445
f 450 135 146
f 450 133 135
f 150 450 146
f 207 447 158
f 447 154 158
f 208 447 207
f 472 438 441
f 212 441 211
f 212 472 441
f 472 473 438
f 474 473 472
f 213 472 212
f 213 474 472
f 474 423 473
f 214 475 474
f 475 423 474
f 214 474 213
f 215 415 475
f 415 418 475
f 215 475 214
f 475 418 423
f 473 436 438
f 473 424 436
f 423 424 473
f 424 428 436
f 216 415 215
f 405 406 377
f 379 406 401
f 377 406 379
f 401 399 379
f 396 380 399
f 399 380 379
f 381 396 382
f 381 380 396
f 273 390 394
f 273 394 271
f 304 388 303
f 387 388 476
f 476 388 304
f 476 364 387
f 476 305 364
f 304 305 476
f 387 364 365
f 367 368 373
f 364 305 362
f 362 306 313
f 362 305 306
f 326 361 324
f 311 324 361
f 311 361 313
f 329 351 328
f 345 344 349
f 342 347 335
f 335 347 331
f 331 347 329
f 337 342 335
f 340 477 121
f 121 122 340
f 340 478 477
f 479 478 340
f 340 339 479
f 121 477 480
f 481 480 477
f 481 477 482
f 482 477 478
f 482 478 483
f 483 484 482
f 482 484 485
f 482 485 481
f 485 484 486
f 487 488 485
f 481 485 488
f 487 485 489
f 489 485 486
f 489 486 490
f 490 486 491
f 486 492 491
f 486 484 492
f 492 493 494
f 491 492 494
f 492 495 493
f 484 495 492
f 495 496 493
f 497 496 495
f 483 495 484
f 497 495 483
f 483 498 497
f 497 498 499
f 497 499 500
f 500 496 497
f 500 499 501
f 500 501 502
f 502 503 500
f 500 503 496
f 502 504 503
f 503 504 505
f 496 503 506
f 506 503 505
f 506 505 507
f 505 504 508
f 507 505 509
f 505 508 509
f 504 510 508
f 508 511 512
f 509 508 512
f 508 510 511
f 513 510 504
f 514 510 513
f 514 515 510
f 510 515 511
f 516 515 514
f 515 517 518
f 516 517 515
f 511 515 518
f 518 519 520
f 521 518 520
f 518 517 519
f 511 518 521
f 512 521 522
f 512 511 521
f 522 521 523
f 521 520 523
f 522 523 524
f 524 523 525
f 523 526 525
f 523 520 526
f 520 527 526
f 526 528 529
f 525 526 529
f 526 527 528
f 529 528 530
f 527 531 528
f 528 532 530
f 528 531 532
f 531 533 532
f 532 534 535
f 530 532 535
f 532 533 534
f 535 534 536
f 533 537 534
f 534 538 536
f 534 537 538
f 537 539 538
f 538 540 541
f 536 538 541
f 538 539 540
f 541 540 542
f 539 543 540
f 540 544 542
f 540 543 544
f 543 545 544
f 544 546 547
f 542 544 547
f 544 545 546
f 547 546 548
f 545 549 546
f 546 550 548
f 546 549 550
f 549 551 550
f 550 552 553
f 548 550 553
f 550 551 552
f 553 552 554
f 551 555 552
f 552 556 554
f 552 555 556
f 555 557 556
f 556 557 558
f 556 558 559
f 554 556 559
f 558 560 559
f 559 560 561
f 554 559 562
f 559 561 562
f 563 561 564
f 563 562 561
f 564 561 565
f 565 561 566
f 560 566 561
f 567 568 566
f 569 566 568
f 567 566 560
f 565 566 569
f 570 565 569
f 570 569 571
f 571 569 572
f 569 568 572
f 571 572 573
f 573 572 574
f 574 572 575
f 572 568 575
f 574 575 576
f 575 577 576
f 575 568 577
f 578 577 568
f 579 580 577
f 576 577 580
f 579 577 578
f 578 568 567
f 581 579 578
f 582 578 567
f 581 578 582
f 583 582 584
f 585 582 583
f 585 581 582
f 582 567 584
f 586 585 583
f 587 581 585
f 588 587 585
f 588 585 586
f 589 586 590
f 589 588 586
f 590 586 583
f 591 589 590
f 592 591 590
f 590 583 593
f 592 590 593
f 557 592 593
f 594 592 557
f 594 595 592
f 595 591 592
f 596 591 595
f 597 595 598
f 596 595 597
f 598 595 594
f 597 599 596
f 596 599 600
f 596 600 601
f 601 591 596
f 601 600 602
f 601 602 603
f 603 589 601
f 601 589 591
f 603 602 604
f 603 604 605
f 605 606 603
f 603 606 589
f 607 608 606
f 605 607 606
f 606 588 589
f 606 608 588
f 607 609 608
f 609 610 608
f 608 587 588
f 608 610 587
f 610 611 612
f 613 611 610
f 610 612 587
f 609 613 610
f 613 614 611
f 615 616 613
f 616 614 613
f 615 613 609
f 614 617 611
f 614 618 617
f 616 619 614
f 619 618 614
f 618 620 617
f 618 621 620
f 619 622 618
f 622 621 618
f 623 620 621
f 623 621 624
f 622 625 621
f 624 621 625
f 626 624 627
f 626 623 624
f 627 624 628
f 624 625 628
f 627 628 629
f 629 628 630
f 628 625 630
f 629 630 631
f 630 632 631
f 630 625 632
f 633 634 632
f 631 632 634
f 633 632 635
f 635 632 625
f 636 633 635
f 637 635 622
f 635 625 622
f 636 635 637
f 638 636 637
f 639 637 619
f 637 622 619
f 638 637 639
f 640 639 616
f 639 619 616
f 641 639 640
f 641 638 639
f 642 641 640
f 640 616 615
f 643 640 615
f 642 640 643
f 644 643 645
f 646 643 644
f 646 642 643
f 643 615 645
f 645 609 607
f 647 645 607
f 645 615 609
f 644 645 647
f 647 607 605
f 605 648 647
f 647 648 649
f 647 649 644
f 644 649 650
f 651 650 649
f 651 649 652
f 652 649 648
f 653 652 654
f 653 655 652
f 655 656 652
f 652 648 654
f 652 656 651
f 656 657 658
f 655 657 656
f 656 658 659
f 651 656 659
f 659 658 660
f 659 660 661
f 651 659 661
f 661 660 662
f 663 661 662
f 651 661 663
f 663 650 651
f 663 664 650
f 665 664 663
f 663 662 665
f 665 666 667
f 665 668 666
f 665 669 664
f 665 662 668
f 667 669 665
f 667 666 670
f 671 672 667
f 667 673 671
f 667 672 669
f 667 670 673
f 673 674 675
f 673 676 674
f 670 676 673
f 671 673 675
f 676 677 678
f 679 677 676
f 670 679 676
f 676 678 674
f 677 680 678
f 678 680 681
f 678 681 682
f 674 678 682
f 682 683 684
f 682 681 683
f 685 682 684
f 674 682 686
f 686 682 685
f 687 686 685
f 685 684 688
f 689 685 688
f 687 685 689
f 689 688 690
f 691 687 689
f 692 689 690
f 691 689 692
f 692 693 691
f 694 695 692
f 692 696 694
f 692 695 693
f 692 690 696
f 696 688 697
f 690 688 696
f 696 697 698
f 694 696 698
f 699 698 700
f 698 701 700
f 694 698 699
f 698 697 701
f 697 702 701
f 701 702 703
f 701 703 704
f 700 701 704
f 704 705 706
f 704 703 705
f 700 704 707
f 707 704 706
f 708 706 709
f 710 706 708
f 707 706 710
f 706 711 709
f 705 712 706
f 706 712 711
f 713 711 712
f 709 711 713
f 714 713 715
f 716 713 714
f 716 709 713
f 713 712 715
f 715 712 717
f 717 718 715
f 715 718 719
f 714 715 719
f 719 718 720
f 719 720 721
f 719 721 714
f 721 722 723
f 721 720 722
f 721 723 724
f 714 721 724
f 724 723 725
f 725 726 724
f 724 726 727
f 724 727 714
f 728 727 726
f 714 727 729
f 729 727 728
f 730 729 728
f 731 730 728
f 731 728 732
f 732 728 726
f 732 733 734
f 732 726 733
f 731 732 735
f 735 732 734
f 735 736 731
f 735 737 736
f 734 737 735
f 737 738 736
f 739 738 737
f 737 740 739
f 734 740 737
f 739 741 738
f 742 741 739
f 739 740 742
f 742 743 744
f 740 743 742
f 744 745 742
f 742 745 741
f 746 745 747
f 744 747 745
f 741 745 748
f 746 748 745
f 748 749 741
f 750 749 748
f 750 748 746
f 751 749 750
f 746 752 750
f 750 752 753
f 750 753 751
f 751 754 749
f 755 754 751
f 751 753 755
f 756 755 757
f 756 754 755
f 755 753 757
f 757 758 759
f 760 758 757
f 757 759 756
f 757 761 762
f 762 763 757
f 757 763 760
f 757 753 761
f 764 765 760
f 765 766 760
f 760 766 758
f 760 763 767
f 760 767 764
f 764 767 768
f 764 768 769
f 764 769 770
f 770 765 764
f 771 770 772
f 771 765 770
f 772 770 769
f 773 772 774
f 773 771 772
f 774 772 775
f 772 769 775
f 769 776 775
f 775 776 777
f 775 777 778
f 774 775 778
f 778 777 779
f 778 779 780
f 781 778 780
f 781 774 778
f 782 781 783
f 782 774 781
f 781 780 784
f 783 781 784
f 780 785 784
f 784 785 786
f 784 786 787
f 784 787 783
f 787 786 788
f 787 788 789
f 783 787 789
f 789 788 790
f 789 790 791
f 792 789 791
f 783 789 792
f 793 782 792
f 782 783 792
f 792 791 794
f 793 792 794
f 795 793 794
f 795 796 793
f 793 796 773
f 793 773 782
f 797 798 796
f 795 797 796
f 796 798 771
f 796 771 773
f 797 799 798
f 798 799 800
f 798 800 765
f 798 765 771
f 800 799 801
f 765 800 766
f 766 800 802
f 800 801 802
f 801 803 802
f 766 802 804
f 802 805 804
f 802 803 805
f 806 803 807
f 808 803 806
f 808 805 803
f 801 807 803
f 806 807 809
f 809 807 810
f 811 810 807
f 811 807 801
f 812 810 811
f 799 813 811
f 813 812 811
f 799 811 801
f 814 815 812
f 815 816 812
f 812 816 810
f 813 814 812
f 814 817 815
f 818 817 814
f 818 814 819
f 819 814 813
f 820 818 819
f 819 813 797
f 821 819 797
f 820 819 821
f 821 797 795
f 795 794 821
f 794 822 821
f 821 822 820
f 794 791 822
f 791 823 822
f 822 823 824
f 822 824 820
f 825 824 823
f 818 824 826
f 820 824 818
f 826 824 825
f 827 828 825
f 828 829 825
f 825 823 827
f 825 829 830
f 825 830 826
f 829 831 830
f 826 830 832
f 832 830 833
f 833 830 831
f 831 834 833
f 833 835 836
f 833 834 835
f 832 833 836
f 837 836 838
f 837 832 836
f 838 836 835
f 838 839 837
f 840 839 838
f 838 835 841
f 840 838 841
f 842 840 843
f 842 844 840
f 840 844 839
f 843 840 841
f 845 846 844
f 846 847 844
f 844 847 848
f 844 848 839
f 845 844 849
f 849 844 842
f 849 850 845
f 849 842 851
f 849 851 850
f 851 852 850
f 850 853 845
f 850 854 853
f 852 854 850
f 851 855 852
f 852 856 854
f 852 855 857
f 857 856 852
f 858 857 855
f 857 859 856
f 860 859 857
f 860 857 858
f 858 861 860
f 860 861 862
f 860 862 863
f 863 859 860
f 863 862 864
f 863 864 865
f 865 859 863
f 865 864 866
f 867 859 865
f 865 868 867
f 865 866 868
f 869 868 866
f 869 866 870
f 870 866 864
f 871 872 870
f 870 864 871
f 870 873 874
f 870 872 873
f 869 870 874
f 874 875 876
f 873 875 874
f 874 876 877
f 877 869 874
f 877 876 878
f 877 878 879
f 879 880 877
f 880 869 877
f 881 880 879
f 881 882 880
f 880 882 868
f 880 868 869
f 883 882 884
f 881 884 882
f 867 868 882
f 867 882 883
f 883 884 885
f 883 856 867
f 885 854 883
f 883 854 856
f 885 884 886
f 885 886 887
f 887 853 885
f 885 853 854
f 887 888 889
f 887 886 888
f 889 890 887
f 887 890 853
f 889 846 890
f 845 853 890
f 890 846 845
f 889 891 892
f 889 888 891
f 892 846 889
f 891 893 892
f 892 893 846
f 891 894 893
f 847 893 894
f 846 893 847
f 894 895 896
f 897 895 894
f 897 894 891
f 896 847 894
f 898 897 891
f 898 899 897
f 897 899 900
f 900 901 897
f 897 901 902
f 897 902 903
f 903 895 897
f 903 902 904
f 903 904 905
f 905 906 903
f 903 906 895
f 905 907 906
f 896 895 906
f 908 906 907
f 896 906 908
f 909 848 908
f 848 896 908
f 909 908 910
f 908 907 910
f 910 911 815
f 910 907 911
f 817 909 910
f 817 910 815
f 815 911 816
f 912 816 911
f 913 911 907
f 912 911 913
f 913 907 905
f 905 914 913
f 913 914 915
f 913 915 916
f 916 912 913
f 916 915 917
f 916 917 918
f 918 912 916
f 918 917 919
f 918 919 920
f 921 918 920
f 921 912 918
f 921 920 922
f 923 921 922
f 923 912 921
f 920 924 922
f 922 924 925
f 922 925 923
f 923 925 926
f 925 927 926
f 925 924 927
f 928 927 924
f 928 929 927
f 926 927 929
f 930 929 928
f 930 809 929
f 929 809 926
f 806 809 930
f 931 806 930
f 931 930 932
f 932 930 928
f 933 931 932
f 932 924 933
f 932 928 924
f 933 934 931
f 933 924 935
f 935 934 933
f 935 936 934
f 936 808 934
f 934 808 806
f 934 806 931
f 937 938 936
f 938 939 936
f 936 939 808
f 940 937 936
f 940 936 935
f 940 924 941
f 935 924 940
f 941 937 940
f 941 924 942
f 942 943 941
f 941 943 937
f 943 942 944
f 945 943 944
f 943 946 937
f 946 943 945
f 947 945 948
f 947 946 945
f 948 945 949
f 945 944 949
f 948 949 950
f 950 949 951
f 949 952 951
f 949 944 952
f 944 953 952
f 952 954 955
f 951 952 955
f 952 953 954
f 954 924 956
f 953 924 954
f 955 954 956
f 957 956 958
f 956 924 958
f 955 956 957
f 959 957 960
f 961 957 959
f 957 958 960
f 961 955 957
f 962 961 963
f 962 951 961
f 963 961 959
f 951 955 961
f 964 963 965
f 964 962 963
f 963 959 966
f 965 963 966
f 965 967 964
f 965 968 967
f 965 966 969
f 969 968 965
f 969 970 968
f 970 971 968
f 968 971 972
f 968 972 967
f 972 971 973
f 967 972 974
f 974 972 975
f 972 973 975
f 974 975 976
f 977 976 975
f 977 975 978
f 978 975 973
f 979 977 978
f 978 973 980
f 981 978 980
f 979 978 981
f 981 982 979
f 981 980 983
f 983 984 981
f 984 982 981
f 984 985 982
f 985 986 982
f 982 986 987
f 982 987 979
f 986 708 987
f 987 708 988
f 979 987 989
f 987 988 989
f 988 990 991
f 708 990 988
f 988 991 992
f 989 988 992
f 992 991 993
f 977 992 993
f 989 992 977
f 993 994 995
f 995 996 993
f 993 996 976
f 993 976 977
f 991 994 993
f 990 994 991
f 716 994 990
f 994 729 730
f 716 729 994
f 995 994 730
f 997 998 996
f 998 976 996
f 997 996 999
f 995 999 996
f 1000 998 997
f 1000 997 1001
f 1001 997 1002
f 1002 997 999
f 1001 1002 1003
f 1003 1002 1004
f 1004 1002 1005
f 1002 999 1005
f 1004 1005 1006
f 738 1006 1005
f 738 1005 736
f 736 1005 999
f 749 1006 738
f 749 754 1006
f 1007 1004 1006
f 1007 1006 754
f 1008 1004 1007
f 1008 1007 756
f 756 1007 754
f 1009 1003 1008
f 1003 1004 1008
f 1010 1008 756
f 1009 1008 1010
f 1010 1011 1009
f 1010 756 1012
f 1010 1012 1011
f 1009 1011 947
f 1011 1012 1013
f 1011 1013 1014
f 1014 938 1011
f 1011 946 947
f 1011 938 946
f 1014 1013 1015
f 1014 1015 938
f 1013 1016 1015
f 938 1015 939
f 1015 808 939
f 1015 805 808
f 1015 1016 805
f 1013 1017 1016
f 759 1016 1017
f 804 1016 759
f 804 805 1016
f 1012 1017 1013
f 756 759 1017
f 756 1017 1012
f 1018 1003 1009
f 1009 947 1018
f 1018 1001 1003
f 1018 948 1019
f 1019 1001 1018
f 1018 947 948
f 1019 950 1020
f 1020 1000 1019
f 1019 948 950
f 1019 1000 1001
f 1020 962 964
f 964 1021 1020
f 1020 950 962
f 1020 1021 1000
f 964 967 1021
f 967 974 1021
f 1021 974 998
f 1021 998 1000
f 736 999 995
f 998 974 976
f 731 736 995
f 995 730 731
f 990 709 716
f 708 709 990
f 989 977 979
f 985 1022 986
f 708 986 1023
f 1023 986 1024
f 986 1022 1024
f 1023 1024 1025
f 1025 1024 1026
f 1026 1024 1027
f 1022 1027 1024
f 1028 1027 1029
f 1026 1027 1028
f 1030 1029 1027
f 1022 1031 1027
f 1027 1031 1030
f 1030 1031 1032
f 1033 1029 1030
f 1033 1030 1034
f 1030 1032 1034
f 1035 1029 1033
f 1035 1033 1036
f 1036 1033 1037
f 1037 1033 1034
f 1036 1037 1038
f 1038 1037 1039
f 1039 1037 1040
f 1037 1034 1040
f 1039 1040 1041
f 1034 1042 1040
f 1040 1042 1043
f 1040 1043 1041
f 1043 1044 1045
f 1043 1046 1044
f 1042 1046 1043
f 1041 1043 1045
f 1045 1044 1047
f 1048 1045 1049
f 1045 1047 1049
f 1041 1045 1048
f 1044 1050 1047
f 1049 1047 1051
f 1047 1052 1051
f 1047 1050 1052
f 1053 1052 1050
f 1053 1050 1054
f 1054 1050 1055
f 1044 1055 1050
f 1054 1055 1056
f 1056 1055 1057
f 1046 1057 1055
f 1046 1055 1044
f 1056 1057 1058
f 1058 1057 1059
f 1060 1059 1057
f 1060 1057 1046
f 1032 1061 1060
f 1061 1059 1060
f 1042 1060 1046
f 1032 1060 1042
f 1062 1061 1031
f 1063 1061 1062
f 1031 1061 1032
f 1063 1059 1061
f 1064 1059 1063
f 1063 1065 1064
f 1063 1062 1066
f 1066 1065 1063
f 1065 1067 1068
f 1066 1067 1065
f 1065 1068 1069
f 1064 1065 1069
f 1068 1070 1069
f 1068 1071 1070
f 1068 1067 1072
f 1072 1071 1068
f 1070 1071 1073
f 1074 1071 1072
f 1075 1071 1074
f 1073 1071 1075
f 1076 1075 1074
f 898 1075 1076
f 1073 1075 1077
f 898 1077 1075
f 1078 1073 1077
f 1078 1077 1079
f 1079 1077 1080
f 1080 1077 898
f 891 1080 898
f 1081 1079 1080
f 1081 1080 891
f 1081 1082 1083
f 1083 1079 1081
f 1081 891 1084
f 1084 1082 1081
f 1082 1085 1083
f 1084 888 1082
f 1082 888 886
f 1082 886 1085
f 1083 1085 1086
f 1085 886 884
f 1085 884 881
f 1085 881 1086
f 1086 1087 1083
f 1086 1088 1087
f 879 1088 1086
f 1086 881 879
f 1088 1089 1087
f 879 878 1088
f 878 1089 1088
f 1090 1089 1091
f 1078 1089 1090
f 1078 1087 1089
f 1089 1092 1091
f 878 1092 1089
f 1093 1094 1092
f 876 1093 1092
f 876 1092 878
f 1091 1092 1094
f 1095 1094 875
f 1095 1096 1094
f 1091 1094 1096
f 875 1094 1093
f 1064 1096 1095
f 1097 1091 1096
f 1097 1096 1064
f 1064 1069 1097
f 1097 1069 1070
f 1097 1070 1090
f 1090 1091 1097
f 872 1095 873
f 1058 1095 872
f 873 1095 875
f 1064 1095 1058
f 875 1093 876
f 1090 1070 1073
f 1090 1073 1078
f 1079 1087 1078
f 1083 1087 1079
f 1084 891 888
f 1076 1098 898
f 1076 1099 1098
f 1100 1076 1101
f 1100 1099 1076
f 1076 1074 1101
f 1101 1074 1072
f 1101 1072 1102
f 1103 1101 1102
f 1103 1100 1101
f 980 1100 1103
f 983 980 1103
f 983 1103 1104
f 1104 1103 1102
f 1104 1102 1105
f 1105 1106 1104
f 1104 1106 984
f 1104 984 983
f 1062 1106 1107
f 1062 985 1106
f 1105 1107 1106
f 1106 985 984
f 1066 1062 1107
f 1066 1107 1105
f 1105 1102 1067
f 1105 1067 1066
f 1102 1072 1067
f 1108 1109 1099
f 1109 1098 1099
f 1108 1099 1110
f 1100 1110 1099
f 971 1108 1110
f 971 1110 973
f 980 973 1110
f 980 1110 1100
f 1111 1109 1108
f 1111 1108 970
f 970 1108 971
f 1112 1113 1111
f 1113 1109 1111
f 1114 1111 970
f 1112 1111 1114
f 1114 1115 1112
f 1114 970 969
f 969 1116 1114
f 1114 1116 1115
f 1112 1115 1117
f 1116 1118 1115
f 1115 1119 1117
f 1115 1118 1119
f 1117 1119 1120
f 1118 1121 1119
f 1119 1122 1120
f 1119 1121 1122
f 1122 1123 1124
f 1120 1122 1124
f 1122 1125 1123
f 1121 1125 1122
f 1123 924 1126
f 1125 924 1123
f 1124 1123 1126
f 1126 924 1127
f 1128 1126 1127
f 1124 1126 1128
f 1129 1124 1128
f 1128 1127 1130
f 1131 1128 1130
f 1129 1128 1131
f 904 1131 1132
f 1133 1131 904
f 1133 1129 1131
f 1131 1130 1132
f 904 1132 914
f 914 1132 915
f 1132 1134 915
f 1132 1130 1134
f 1134 1135 1136
f 1130 1135 1134
f 1134 1136 917
f 915 1134 917
f 1135 924 1136
f 917 1136 919
f 1136 924 919
f 1130 1127 1135
f 1127 924 1135
f 902 1133 904
f 1137 1129 1133
f 901 1137 1133
f 901 1133 902
f 1117 1120 1137
f 1138 1117 1137
f 1137 1120 1129
f 1138 1137 901
f 1138 1113 1112
f 1138 900 1113
f 1112 1117 1138
f 901 900 1138
f 1120 1124 1129
f 1139 924 1125
f 1121 1139 1125
f 1140 1141 1139
f 1141 924 1139
f 1140 1139 1121
f 1142 1140 1118
f 1142 960 1140
f 1118 1140 1121
f 960 1141 1140
f 959 960 1142
f 966 959 1142
f 1116 1142 1118
f 966 1142 1116
f 960 958 1141
f 958 924 1141
f 969 966 1116
f 1113 899 1109
f 900 899 1113
f 1109 899 1098
f 898 1098 899
f 1058 1059 1064
f 1062 1031 1022
f 1022 985 1062
f 1143 1056 1058
f 1143 1058 1144
f 1144 1058 871
f 1058 872 871
f 1144 871 1145
f 1145 1146 1144
f 1146 1147 1144
f 1144 1147 1143
f 1148 1149 1147
f 1146 1148 1147
f 1143 1147 1150
f 1147 1151 1150
f 1147 1149 1151
f 1150 1151 1152
f 1151 1153 1152
f 1151 1154 1153
f 1149 1154 1151
f 1152 1153 1155
f 1154 1156 1153
f 1153 1157 1155
f 1153 1156 1157
f 1155 1157 1158
f 1157 1159 1160
f 1156 1159 1157
f 1157 1160 1158
f 1155 1158 1161
f 1158 1162 1163
f 1161 1158 1163
f 1158 1160 1162
f 1162 1164 1165
f 1162 1166 1164
f 1160 1166 1162
f 1163 1162 1165
f 1167 1165 1168
f 1165 1169 1168
f 1163 1165 1167
f 1165 1164 1169
f 1170 1169 1164
f 1171 1169 1170
f 1171 1172 1169
f 1168 1169 1172
f 1173 1172 1174
f 1175 1174 1172
f 1175 1172 1171
f 1168 1172 1173
f 1171 1176 1175
f 1175 1176 1177
f 1175 1177 1178
f 1178 1174 1175
f 1178 1177 1179
f 1178 1179 1180
f 1180 1181 1178
f 1178 1181 1174
f 1180 1182 1181
f 1183 1181 1182
f 1184 1174 1181
f 1184 1181 1183
f 1183 1182 1185
f 1186 1184 1183
f 1187 1183 1185
f 1186 1183 1187
f 1188 1186 1187
f 1187 1185 1189
f 1188 1187 1190
f 1190 1187 1189
f 1191 1190 1192
f 1191 1188 1190
f 1192 1190 1193
f 1190 1189 1193
f 1193 1194 1195
f 1196 1193 1195
f 1193 1189 1194
f 1192 1193 1196
f 1197 1196 1198
f 1197 1192 1196
f 1198 1196 1199
f 1196 1195 1199
f 1198 1199 1200
f 1200 1199 1201
f 1199 1202 1201
f 1199 1195 1202
f 1195 1203 1202
f 1202 1203 490
f 1202 490 1204
f 1201 1202 1204
f 490 491 1204
f 1204 491 1205
f 1204 1205 1206
f 1201 1204 1206
f 1207 1206 1208
f 1207 1201 1206
f 1206 1205 1209
f 1206 1209 1208
f 1205 1210 1209
f 1208 1209 1211
f 1209 1212 1211
f 1209 1210 1212
f 1210 1213 1212
f 1212 1213 1214
f 1212 1214 1215
f 1211 1212 1215
f 1216 1215 1217
f 1218 1215 1216
f 1218 1211 1215
f 1215 1214 1217
f 1216 1217 1219
f 1217 1220 1221
f 1222 1217 1221
f 1214 1220 1217
f 1219 1217 1222
f 1223 1222 1224
f 1223 1219 1222
f 1224 1222 1225
f 1222 1221 1225
f 1224 1225 1226
f 1226 1225 1227
f 1225 1228 1227
f 1225 1221 1228
f 1221 1229 1228
f 1230 1228 1231
f 1227 1228 1230
f 1228 524 1231
f 1229 524 1228
f 1220 1229 1221
f 1220 1232 1229
f 1232 522 1229
f 1229 522 524
f 1233 1232 1220
f 1233 509 1232
f 509 512 1232
f 1232 512 522
f 507 509 1233
f 1213 507 1233
f 1214 1233 1220
f 1213 1233 1214
f 1230 1231 1234
f 1234 1231 1235
f 1231 525 1235
f 524 525 1231
f 1234 1235 1236
f 1235 529 1237
f 1238 1235 1237
f 525 529 1235
f 1236 1235 1238
f 1239 1238 1240
f 1239 1236 1238
f 1240 1238 1241
f 1238 1237 1241
f 1242 1241 1243
f 1240 1241 1242
f 1241 1244 1243
f 1241 1237 1244
f 1243 1244 1245
f 1245 1244 1246
f 1237 530 1244
f 1244 535 1246
f 530 535 1244
f 1245 1246 1247
f 1247 1246 1248
f 1246 536 1248
f 535 536 1246
f 1249 1248 1250
f 1247 1248 1249
f 1248 541 1251
f 1250 1248 1251
f 536 541 1248
f 1252 1249 1250
f 1253 1250 1254
f 1252 1250 1253
f 1250 1251 1254
f 1255 1256 1252
f 1256 1247 1252
f 1252 1247 1249
f 1257 1252 1253
f 1255 1252 1257
f 1258 1259 1257
f 1257 1253 1258
f 1257 1259 1260
f 1257 1260 1255
f 1259 1261 1260
f 1260 1262 1263
f 1255 1260 1263
f 1260 1261 1262
f 1263 1262 1264
f 1261 1265 1262
f 1262 1265 1266
f 1262 1266 1264
f 1264 1266 1267
f 1267 1268 1264
f 1264 1268 1269
f 1264 1269 1263
f 1263 1269 1270
f 1269 1271 1270
f 1269 1272 1271
f 1268 1272 1269
f 1270 1271 1273
f 1274 1271 1272
f 1274 1273 1271
f 1274 1272 1275
f 1275 1276 1274
f 1274 1276 1277
f 1274 1277 1278
f 1278 1273 1274
f 1279 1278 1280
f 1273 1278 1279
f 1278 1277 1280
f 1281 1280 1282
f 1279 1280 1281
f 1280 1277 1282
f 1281 1282 1283
f 1283 1282 1284
f 1282 1285 1284
f 1282 1277 1285
f 1285 1276 1286
f 1277 1276 1285
f 1285 1286 1287
f 1284 1285 1287
f 1286 1288 1289
f 1276 1288 1286
f 1287 1286 1290
f 1286 1289 1290
f 1289 1291 1290
f 1290 1291 1292
f 1290 1292 1293
f 1287 1290 1293
f 1293 1292 1294
f 1295 1293 1296
f 1293 1294 1296
f 1295 1287 1293
f 1284 1287 1295
f 1297 1284 1295
f 1297 1295 1298
f 1298 1295 1296
f 1298 1299 1297
f 1298 1296 1300
f 1300 1301 1298
f 1298 1301 1299
f 1299 1301 1302
f 1303 1299 1304
f 1297 1299 1303
f 1304 1299 1302
f 1305 1304 1302
f 1305 1302 1306
f 1302 1301 1307
f 1306 1302 1307
f 1307 1308 1309
f 1301 1308 1307
f 1306 1307 1310
f 1310 1307 1309
f 1311 1309 1312
f 1310 1309 1311
f 1309 1313 1312
f 1308 1313 1309
f 1313 1314 1312
f 1315 1314 1313
f 1300 1313 1308
f 1315 1313 1300
f 1300 1316 1315
f 1315 1316 1317
f 1315 1317 1318
f 1318 1314 1315
f 1318 1317 1319
f 1318 1319 1320
f 1320 1321 1318
f 1318 1321 1314
f 1321 1320 1322
f 1314 1321 1323
f 1323 1321 1322
f 1324 1323 1322
f 1324 1322 1325
f 1325 1322 1326
f 1322 1320 1326
f 1327 1328 1326
f 1325 1326 1328
f 1329 1330 1326
f 1320 1329 1326
f 1326 1330 1331
f 1326 1331 1332
f 1327 1326 1332
f 1333 1328 1327
f 1332 1334 1327
f 1327 1334 1335
f 1327 1335 1333
f 1334 1336 1335
f 1333 1335 1337
f 1335 1336 1337
f 1334 1338 1336
f 1338 1339 1336
f 1336 1339 1337
f 1338 1340 1339
f 1339 1340 1341
f 1339 1341 1342
f 1339 1342 1337
f 1342 1341 1343
f 1342 1343 1344
f 1345 1342 1344
f 1345 1337 1342
f 1344 1346 1345
f 1345 1347 1333
f 1345 1346 1347
f 1333 1337 1345
f 1346 1310 1347
f 1346 1348 1349
f 1306 1346 1349
f 1344 1348 1346
f 1310 1346 1306
f 1343 1350 1348
f 1344 1343 1348
f 1351 1348 1350
f 1349 1348 1351
f 1242 1351 1240
f 1305 1351 1242
f 1305 1349 1351
f 1351 1350 1352
f 1351 1352 1353
f 1240 1351 1353
f 1354 1353 1355
f 1356 1353 1354
f 1355 1353 1357
f 1353 1358 1357
f 1353 1352 1358
f 1239 1353 1356
f 1240 1353 1239
f 1239 1356 1359
f 1360 1359 1356
f 1360 1356 1361
f 1361 1356 1354
f 1362 1360 1361
f 1361 1354 1363
f 1362 1361 1363
f 1362 1363 1364
f 1362 1365 1360
f 1362 1366 1365
f 1364 1366 1362
f 1367 1368 1366
f 1364 1367 1366
f 1366 1369 1365
f 1366 1368 1369
f 1369 1368 1370
f 1370 1371 1369
f 1369 1371 1372
f 1365 1369 1372
f 1372 1371 1373
f 1239 1372 1373
f 1359 1372 1239
f 1365 1372 1359
f 1239 1373 1374
f 1373 1375 1374
f 1373 1371 1376
f 1373 1376 1377
f 1375 1373 1377
f 1374 1375 1378
f 1375 1379 1378
f 1375 1380 1379
f 1377 1380 1375
f 1377 1381 1380
f 1380 1381 1382
f 1380 1382 1383
f 1380 1383 1379
f 1383 1382 1384
f 1383 1384 1385
f 1385 1386 1383
f 1379 1383 1386
f 1387 1386 1385
f 1387 1388 1386
f 1379 1386 1389
f 1389 1386 1388
f 1390 1389 1388
f 1391 1390 1388
f 1391 1388 1392
f 1392 1388 1387
f 1393 1391 1392
f 1392 1387 1394
f 1395 1392 1394
f 1395 1393 1392
f 1394 1396 1395
f 1395 1396 1397
f 1395 1398 1393
f 1395 1397 1398
f 1399 1400 1397
f 1401 1399 1397
f 1396 1402 1397
f 1397 1402 1403
f 1397 1403 1401
f 1397 1400 1398
f 1399 1404 1400
f 1400 1404 1405
f 1398 1400 1406
f 1400 1405 1406
f 1406 1405 1407
f 1405 1408 1407
f 1404 1409 1405
f 1405 1409 1408
f 1410 1408 1409
f 1410 1409 1411
f 1411 1409 1399
f 1409 1404 1399
f 1411 1412 1410
f 1399 1413 1411
f 1411 1413 1412
f 1401 1413 1399
f 1412 1413 1414
f 1415 1414 1413
f 1401 1415 1413
f 1416 1417 1414
f 1418 1414 1417
f 1412 1414 1418
f 1415 1416 1414
f 1416 1419 1417
f 1420 1419 1416
f 1420 1416 1421
f 1421 1416 1415
f 1422 1420 1421
f 1421 1415 1401
f 1423 1421 1401
f 1422 1421 1423
f 1424 1422 1423
f 1423 1425 1424
f 1423 1401 1425
f 1426 1422 1424
f 1424 1425 1427
f 1424 1427 1428
f 1429 1424 1428
f 1430 1424 1429
f 1430 1426 1424
f 1428 1431 1429
f 1429 1431 1432
f 1429 1432 1433
f 1434 1429 1433
f 1434 1430 1429
f 1435 1436 1434
f 1436 1430 1434
f 1437 1434 1433
f 1435 1434 1437
f 1437 1438 1435
f 1435 1438 1439
f 1439 1436 1435
f 1440 1441 1439
f 1439 1438 1440
f 1439 1441 1436
f 1441 1442 1436
f 1441 1443 1442
f 1440 1444 1441
f 1444 1443 1441
f 1444 1445 1443
f 1445 1446 1443
f 1443 1446 1447
f 1443 1447 1442
f 1442 1447 1426
f 1447 1448 1426
f 1446 1449 1447
f 1447 1449 1448
f 1448 1450 1420
f 1449 1450 1448
f 1448 1420 1422
f 1426 1448 1422
f 1450 1419 1420
f 1450 1451 1419
f 1449 1452 1450
f 1452 1451 1450
f 1451 1453 1454
f 1452 1453 1451
f 1419 1451 1455
f 1451 1454 1455
f 1419 1455 1417
f 1456 1417 1455
f 1457 1455 1454
f 1456 1455 1457
f 1458 1457 1459
f 1458 1456 1457
f 1459 1457 1460
f 1461 1460 1457
f 1457 1454 1461
f 1461 1462 1463
f 1463 1460 1461
f 1462 1461 1464
f 1461 1465 1464
f 1461 1454 1465
f 1464 1465 1466
f 1453 1465 1454
f 1453 1467 1465
f 1467 1466 1465
f 1464 1466 1468
f 1467 1469 1466
f 1469 1470 1466
f 1468 1466 1470
f 1469 1471 1470
f 1468 1470 1472
f 1472 1470 1473
f 1471 1473 1470
f 1471 1474 1473
f 1475 1474 1471
f 1475 1471 1476
f 1476 1471 1469
f 1476 1469 1477
f 1478 1476 1477
f 1479 1476 1478
f 1479 1475 1476
f 1480 1479 1478
f 1478 1477 1481
f 1482 1478 1481
f 1480 1478 1482
f 1483 1480 1482
f 1483 1482 1484
f 1484 1482 1485
f 1482 1481 1485
f 1484 1485 1445
f 1445 1485 1446
f 1485 1486 1446
f 1485 1481 1486
f 1481 1487 1486
f 1486 1487 1452
f 1446 1486 1449
f 1486 1452 1449
f 1481 1477 1487
f 1477 1467 1487
f 1487 1467 1453
f 1487 1453 1452
f 1488 1483 1484
f 1489 1484 1445
f 1488 1484 1489
f 1490 1489 1444
f 1491 1489 1490
f 1491 1488 1489
f 1489 1445 1444
f 1490 1438 1491
f 1492 1488 1491
f 1491 1438 1492
f 1492 1438 1493
f 1493 1494 1492
f 1492 1494 1488
f 1494 1483 1488
f 1494 1495 1483
f 1493 1496 1494
f 1496 1495 1494
f 1496 1497 1495
f 1497 1498 1495
f 1495 1498 1480
f 1495 1480 1483
f 1498 1499 1479
f 1500 1499 1498
f 1498 1479 1480
f 1497 1500 1498
f 1500 1501 1499
f 1502 1501 1500
f 1503 1502 1500
f 1503 1500 1497
f 1504 1505 1503
f 1505 1502 1503
f 1506 1503 1497
f 1504 1503 1506
f 1507 1504 1506
f 1508 1506 1496
f 1506 1497 1496
f 1507 1506 1508
f 1508 1438 1507
f 1507 1438 1509
f 1509 1504 1507
f 1510 1511 1509
f 1509 1438 1510
f 1509 1511 1504
f 1511 1505 1504
f 1511 1512 1505
f 1510 1513 1511
f 1513 1512 1511
f 1513 1514 1512
f 1514 1515 1512
f 1512 1515 1516
f 1512 1516 1505
f 1505 1516 1502
f 1516 1517 1502
f 1516 1518 1517
f 1515 1518 1516
f 1518 1519 1517
f 1517 1519 1520
f 1517 1520 1501
f 1502 1517 1501
f 1519 1521 1520
f 1520 1522 1523
f 1520 1521 1522
f 1501 1520 1523
f 1522 1521 1524
f 1320 1524 1521
f 1320 1521 1329
f 1329 1521 1519
f 1525 1526 1524
f 1525 1524 1320
f 1522 1524 1526
f 1527 1526 1525
f 1527 1473 1526
f 1474 1522 1526
f 1474 1526 1473
f 1528 1527 1525
f 1529 1527 1528
f 1527 1529 1472
f 1472 1473 1527
f 1530 1529 1528
f 1529 1531 1532
f 1472 1529 1532
f 1530 1531 1529
f 1533 1531 1530
f 1531 1534 1532
f 1533 1535 1531
f 1531 1535 1534
f 1533 1536 1535
f 1537 1535 1536
f 1535 1538 1534
f 1539 1538 1535
f 1539 1535 1537
f 1537 1538 1539
f 1540 1537 1536
f 1538 1537 1540
f 1540 1536 1541
f 1541 1542 1540
f 1542 1543 1540
f 1544 1538 1540
f 1540 1543 1545
f 1540 1545 1544
f 1544 1546 1538
f 1545 1546 1544
f 1546 1547 1538
f 1546 1548 1547
f 1546 1549 1548
f 1550 1549 1546
f 1550 1546 1545
f 1550 1551 1549
f 1549 1551 1552
f 1548 1549 1552
f 1552 1551 1553
f 1552 1553 1554
f 1554 1555 1552
f 1552 1555 1556
f 1548 1552 1557
f 1552 1556 1558
f 1557 1552 1558
f 1558 1460 1463
f 1558 1559 1460
f 1556 1559 1558
f 1557 1558 1463
f 1560 1460 1559
f 1560 1559 1561
f 1561 1559 1562
f 1556 1562 1559
f 1561 1562 1555
f 1555 1562 1556
f 1561 1563 1560
f 1555 1563 1561
f 1564 1565 1563
f 1563 1566 1564
f 1555 1566 1563
f 1563 1567 1560
f 1563 1565 1567
f 1560 1567 1568
f 1567 1569 1568
f 1567 1570 1569
f 1565 1570 1567
f 1568 1571 1458
f 1568 1569 1571
f 1560 1568 1459
f 1459 1568 1458
f 1572 1571 1569
f 1458 1571 1573
f 1574 1571 1572
f 1574 1573 1571
f 1575 1574 1572
f 1575 1572 1576
f 1576 1572 1577
f 1572 1569 1577
f 1576 1577 1578
f 1578 1577 1579
f 1577 1570 1579
f 1577 1569 1570
f 1578 1579 1580
f 1580 1579 1581
f 1579 1582 1581
f 1579 1570 1582
f 1565 1582 1570
f 1583 1584 1582
f 1581 1582 1584
f 1583 1582 1565
f 1565 1564 1583
f 1583 1585 1586
f 1583 1564 1585
f 1586 1584 1583
f 1586 1587 1588
f 1586 1585 1587
f 1588 1589 1586
f 1586 1589 1584
f 1588 1590 1589
f 1589 1590 1591
f 1589 1591 1592
f 1592 1584 1589
f 1592 1591 1593
f 1592 1593 1594
f 1594 1581 1592
f 1581 1584 1592
f 1594 1593 1595
f 1594 1595 1596
f 1594 1596 1580
f 1580 1581 1594
f 1596 1595 1597
f 1596 1597 1598
f 1596 1598 1599
f 1580 1596 1599
f 1578 1599 1600
f 1580 1599 1578
f 1599 1598 1601
f 1599 1601 1600
f 1576 1600 1602
f 1600 1603 1602
f 1578 1600 1576
f 1600 1601 1603
f 1604 1603 1605
f 1604 1606 1603
f 1602 1603 1606
f 1605 1603 1601
f 1605 1607 1608
f 1609 1607 1605
f 1605 1601 1609
f 1605 1608 1604
f 1610 1608 1607
f 1604 1608 1611
f 1610 1611 1608
f 1610 1612 1613
f 1607 1612 1610
f 1614 1611 1610
f 1610 1615 1614
f 1610 1613 1615
f 1614 1615 1616
f 1615 1613 1617
f 1615 1617 1618
f 1615 1618 1616
f 1616 1618 1619
f 1616 1619 1620
f 1621 1616 1620
f 1614 1616 1621
f 1621 1620 1622
f 1622 1623 1621
f 1621 1624 1614
f 1621 1623 1624
f 1625 1624 1623
f 1625 1623 1626
f 1622 1626 1623
f 1625 1626 1627
f 1627 1626 1408
f 1407 1408 1626
f 1622 1407 1626
f 1627 1408 1410
f 1410 1628 1627
f 1627 1628 1629
f 1627 1629 1625
f 1630 1629 1628
f 1631 1632 1629
f 1625 1629 1632
f 1631 1629 1630
f 1630 1418 1633
f 1630 1412 1418
f 1633 1631 1630
f 1628 1412 1630
f 1633 1418 1634
f 1633 1634 1635
f 1635 1631 1633
f 1635 1634 1574
f 1635 1574 1575
f 1575 1636 1635
f 1635 1636 1631
f 1575 1602 1636
f 1602 1606 1636
f 1636 1632 1631
f 1636 1606 1632
f 1418 1456 1634
f 1634 1573 1574
f 1634 1456 1573
f 1637 1632 1606
f 1625 1632 1637
f 1637 1606 1604
f 1604 1611 1637
f 1637 1611 1624
f 1637 1624 1625
f 1410 1412 1628
f 1614 1624 1611
f 1638 1407 1622
f 1620 1638 1622
f 1619 1398 1638
f 1398 1406 1638
f 1638 1406 1407
f 1620 1619 1638
f 1639 1619 1618
f 1393 1619 1639
f 1393 1398 1619
f 1639 1618 1640
f 1639 1641 1391
f 1639 1640 1641
f 1393 1639 1391
f 1640 1618 1642
f 1640 1643 1641
f 1640 1642 1643
f 1618 1617 1642
f 1617 1644 1642
f 1642 1644 1374
f 1642 1374 1643
f 1645 1644 1646
f 1613 1646 1644
f 1613 1644 1617
f 1645 1374 1644
f 1646 1230 1645
f 1645 1230 1234
f 1645 1234 1239
f 1239 1374 1645
f 1646 1227 1230
f 1612 1646 1613
f 1646 1612 1226
f 1226 1227 1646
f 1643 1374 1647
f 1643 1647 1641
f 1647 1374 1648
f 1641 1647 1390
f 1390 1647 1648
f 1374 1378 1648
f 1648 1378 1389
f 1648 1389 1390
f 1641 1390 1391
f 1226 1612 1607
f 1609 1649 1607
f 1609 1601 1598
f 1598 1649 1609
f 1226 1607 1649
f 1597 1226 1649
f 1598 1597 1649
f 1576 1602 1575
f 1650 1597 1595
f 1650 1226 1597
f 1595 1593 1650
f 1650 1593 1651
f 1651 1652 1650
f 1650 1652 1226
f 1224 1652 1653
f 1226 1652 1224
f 1652 1654 1653
f 1651 1654 1652
f 1653 1654 1655
f 1654 1656 1655
f 1656 1654 1657
f 1657 1654 1658
f 1658 1654 1651
f 1591 1658 1651
f 1590 1658 1591
f 1657 1658 1590
f 1659 1657 1590
f 1660 1657 1659
f 1660 1656 1657
f 1661 1660 1662
f 1661 1663 1660
f 1663 1656 1660
f 1587 1660 1659
f 1662 1660 1587
f 1662 1664 1661
f 1662 1665 1664
f 1666 1665 1662
f 1662 1667 1666
f 1662 1668 1667
f 1669 1668 1662
f 1670 1669 1662
f 1671 1670 1662
f 1671 1662 1672
f 1672 1662 1587
f 1672 1673 1671
f 1672 1587 1674
f 1674 1675 1672
f 1672 1675 1673
f 1676 1677 1673
f 1678 1673 1677
f 1676 1673 1679
f 1679 1673 1675
f 1671 1673 1678
f 1678 1677 1680
f 1680 1670 1678
f 1678 1670 1671
f 1680 1681 1670
f 1682 1681 1680
f 1680 1677 1682
f 1682 1683 1681
f 1684 1683 1682
f 1682 1685 1684
f 1682 1677 1685
f 1686 1685 1677
f 1684 1685 1687
f 1688 1687 1685
f 1688 1685 1686
f 1686 1689 1688
f 1686 1677 1676
f 1676 1690 1686
f 1686 1690 1689
f 514 1689 1690
f 514 1690 516
f 516 1690 1691
f 1676 1691 1690
f 516 1691 1692
f 1692 1691 1693
f 1679 1693 1691
f 1679 1691 1676
f 1692 1693 1694
f 1694 1693 1695
f 1696 1693 1679
f 1696 1695 1693
f 1697 1698 1695
f 1698 1699 1695
f 1695 1699 1700
f 1695 1700 1694
f 1697 1695 1696
f 1697 1551 1701
f 1697 1553 1551
f 1696 1553 1697
f 1701 1698 1697
f 1701 1702 1703
f 1701 1551 1702
f 1701 1704 1698
f 1703 1704 1701
f 1703 1702 1705
f 1703 1706 1704
f 1707 1706 1703
f 1703 1705 1707
f 1708 1709 1707
f 1707 1710 1708
f 1707 1709 1706
f 1707 1705 1710
f 1711 1706 1709
f 1711 1709 1712
f 1712 1709 1713
f 1708 1713 1709
f 1714 1713 1715
f 1712 1713 1714
f 1716 1715 1713
f 1716 1713 1708
f 1708 1717 1716
f 1718 1715 1716
f 1716 1719 1718
f 1716 1717 1719
f 1720 1717 1710
f 1721 1717 1720
f 1721 1719 1717
f 1708 1710 1717
f 1720 1722 1721
f 1723 1719 1721
f 1721 1722 1723
f 1724 1722 1725
f 1726 1722 1724
f 1723 1722 1727
f 1726 1727 1722
f 1720 1725 1722
f 1265 1726 1266
f 1265 1728 1726
f 1266 1726 1724
f 1728 1727 1726
f 1729 1728 1265
f 1729 1730 1728
f 1730 1731 1728
f 1728 1731 1727
f 1732 1731 1733
f 1730 1733 1731
f 1734 1727 1731
f 1734 1731 1735
f 1735 1731 1732
f 1736 1737 1732
f 1732 1733 1736
f 1732 1737 1735
f 1736 1738 1737
f 1739 1737 1738
f 1740 1741 1737
f 1735 1737 1741
f 1740 1737 1739
f 1739 600 599
f 1742 600 1739
f 1739 1738 1742
f 1739 599 1740
f 1742 1743 1744
f 1742 1738 1743
f 1742 602 600
f 1744 602 1742
f 1744 1743 1745
f 1744 604 602
f 654 604 1744
f 1744 1746 654
f 1744 1745 1746
f 1747 1746 1748
f 653 1746 1747
f 1746 1749 1748
f 1746 1745 1749
f 654 1746 653
f 1750 1751 1749
f 1749 1752 1750
f 1749 1751 1753
f 1748 1749 1754
f 1755 1756 1749
f 1749 1753 1755
f 1754 1749 1757
f 1757 1749 1758
f 1758 1749 1759
f 1759 1749 1760
f 1749 1761 1760
f 1749 1745 1752
f 1756 1761 1749
f 1762 1755 1753
f 1762 1753 1763
f 1763 1753 1764
f 1764 1753 1765
f 1765 1753 1751
f 1765 1766 1764
f 1751 1767 1765
f 1768 1766 1765
f 1765 1767 1769
f 1765 1769 1768
f 1770 1766 1768
f 1770 1768 1771
f 1771 1768 1772
f 1768 1769 1772
f 1771 1772 1773
f 1773 1772 1774
f 1774 1772 1775
f 1775 1772 1769
f 1774 1775 1776
f 1775 1777 1778
f 1769 1777 1775
f 1775 1778 1776
f 1779 1774 1776
f 1776 1778 1780
f 1779 1776 1781
f 1776 1780 1781
f 1782 1779 1781
f 1782 1781 1783
f 1783 1781 1784
f 1781 1780 1784
f 1783 1784 1785
f 1785 1784 1786
f 1784 1787 1786
f 1780 1787 1784
f 1788 1786 1787
f 1788 1787 1789
f 1789 1787 1790
f 1780 1790 1787
f 1789 1790 1791
f 1791 1790 1792
f 1778 1792 1790
f 1778 1790 1780
f 1791 1792 1750
f 1750 1792 1751
f 1751 1792 1767
f 1777 1767 1792
f 1777 1792 1778
f 1752 1791 1750
f 1793 1791 1752
f 1793 1789 1791
f 1793 1745 1794
f 1794 1789 1793
f 1745 1793 1752
f 1794 1743 1795
f 1795 1796 1794
f 1794 1796 1788
f 1794 1788 1789
f 1794 1745 1743
f 1796 1786 1788
f 1797 1786 1796
f 1797 1796 1798
f 1795 1798 1796
f 1736 1733 1798
f 1799 1798 1733
f 1736 1798 1800
f 1800 1798 1795
f 1799 1797 1798
f 1785 1797 1799
f 1801 1785 1799
f 1802 1799 1730
f 1801 1799 1802
f 1799 1733 1730
f 1783 1785 1801
f 1803 1801 1804
f 1803 1783 1801
f 1804 1801 1802
f 1805 1803 1804
f 1804 1802 1806
f 1807 1804 1806
f 1805 1804 1807
f 1258 1807 1259
f 1808 1807 1258
f 1808 1805 1807
f 1807 1806 1259
f 1258 1809 1808
f 1810 1805 1808
f 1808 1811 1810
f 1808 1809 1811
f 1809 1812 1811
f 1811 1812 1813
f 1811 1813 1814
f 1810 1811 1814
f 1814 1813 1815
f 1814 1815 1816
f 1814 1816 1817
f 1818 1814 1817
f 1810 1814 1818
f 1818 1819 1810
f 1818 1817 1820
f 1818 1821 1819
f 1820 1821 1818
f 1822 1821 1823
f 1782 1821 1822
f 1821 1782 1819
f 1820 1823 1821
f 1773 1823 1824
f 1822 1823 1773
f 1825 1824 1823
f 1820 1825 1823
f 1826 1825 1820
f 1826 1827 1825
f 1825 1827 1824
f 1827 1828 1824
f 1827 1829 1828
f 1830 1829 1827
f 1830 1827 1826
f 1831 1832 1830
f 1832 1829 1830
f 1833 1830 1826
f 1831 1830 1833
f 1833 1826 1834
f 1833 1835 1831
f 1836 1835 1833
f 1834 1836 1833
f 1835 1836 1837
f 1837 1838 1835
f 1835 1838 1839
f 1835 1839 1831
f 1839 1838 1840
f 1839 1840 1841
f 1842 1839 1841
f 1831 1839 1843
f 1843 1839 1842
f 1842 1844 1845
f 1846 1844 1842
f 1842 1841 1846
f 1842 1845 1843
f 1846 1847 1844
f 1846 1841 1848
f 1846 1848 1849
f 1849 1847 1846
f 1849 1850 1847
f 1847 1850 1762
f 1762 1851 1847
f 1847 1851 1844
f 1852 1851 1853
f 1762 1853 1851
f 1844 1851 1852
f 1844 1852 1845
f 1845 1852 1854
f 1854 1852 1855
f 1852 1853 1855
f 1763 1855 1853
f 1856 1855 1763
f 1856 1857 1855
f 1854 1855 1857
f 1829 1857 1828
f 1770 1828 1857
f 1770 1857 1856
f 1829 1854 1857
f 1763 1764 1856
f 1856 1764 1766
f 1856 1766 1770
f 1845 1854 1832
f 1832 1854 1829
f 1763 1853 1762
f 1850 1755 1762
f 1849 1755 1850
f 1849 1848 1858
f 1859 1858 1848
f 1860 1848 1841
f 1859 1848 1860
f 1859 1861 1858
f 1859 1860 1862
f 1859 1862 1863
f 1863 1861 1859
f 1861 1864 1858
f 1865 1861 1866
f 1865 1867 1861
f 1861 1867 1864
f 1866 1861 1863
f 1868 1866 1869
f 1870 1866 1868
f 1870 1865 1866
f 1866 1863 1869
f 1869 1863 1862
f 1862 1871 1869
f 1869 1871 1872
f 1869 1872 1868
f 1872 1871 1873
f 1868 1872 1874
f 1872 1875 1874
f 1873 1875 1872
f 1875 1876 1877
f 1873 1876 1875
f 1874 1875 1878
f 1875 1877 1878
f 1877 1879 1878
f 1877 1876 1880
f 1877 1881 1879
f 1880 1881 1877
f 1881 1882 1879
f 1879 1882 1883
f 1879 1883 1878
f 1884 1883 1885
f 1878 1883 1884
f 1883 1882 1886
f 1885 1883 1886
f 1886 1887 1888
f 1889 1887 1886
f 1886 1882 1889
f 1886 1888 1885
f 1890 1885 1888
f 1890 1888 1891
f 1891 1888 1892
f 1887 1892 1888
f 1891 1892 1893
f 1893 1892 1894
f 1895 1894 1892
f 1887 1895 1892
f 1896 1895 1897
f 1897 1895 1887
f 1896 1894 1895
f 1898 1896 1899
f 1900 1896 1898
f 1896 1897 1899
f 1901 1894 1896
f 1900 1901 1896
f 1902 1900 1898
f 1903 1900 1902
f 1903 1904 1900
f 1904 1901 1900
f 1905 1904 1903
f 1906 1907 1904
f 1905 1906 1904
f 1904 1907 1901
f 1907 1908 1901
f 1907 1909 1908
f 1910 1909 1907
f 1906 1910 1907
f 1911 1908 1909
f 1893 1908 1911
f 1893 1894 1908
f 1901 1908 1894
f 1911 1909 1912
f 1911 1913 1893
f 1912 1913 1911
f 1912 1909 1910
f 1910 1914 1912
f 1912 1914 1915
f 1915 1916 1912
f 1912 1916 1913
f 1891 1916 1890
f 1891 1913 1916
f 1890 1916 1917
f 1916 1915 1917
f 1918 1917 1919
f 1917 1920 1919
f 1917 1915 1920
f 1890 1917 1918
f 1918 1919 1921
f 1921 1884 1918
f 1918 1884 1885
f 1918 1885 1890
f 1921 1870 1868
f 1868 1874 1921
f 1921 1874 1884
f 1921 1919 1870
f 1920 1922 1923
f 1915 1922 1920
f 1920 1923 1865
f 1919 1920 1865
f 1923 1922 1924
f 1865 1923 1867
f 1867 1923 1925
f 1923 1924 1925
f 1867 1925 1926
f 1925 1927 1926
f 1925 1928 1927
f 1924 1928 1925
f 1929 1928 1930
f 1929 1927 1928
f 1930 1928 1931
f 1924 1931 1928
f 1930 1931 1932
f 1933 1934 1931
f 1932 1931 1934
f 1933 1931 1924
f 1930 1932 1935
f 1935 1932 1936
f 1936 1932 1937
f 1937 1932 1938
f 1932 1934 1938
f 1937 1938 1939
f 1939 1938 1940
f 1938 1934 1940
f 1941 1940 1942
f 1943 1940 1941
f 1939 1940 1943
f 1940 1944 1945
f 1942 1940 1945
f 1940 1934 1944
f 1945 1946 1942
f 1942 1946 1947
f 1942 1947 1941
f 1941 1947 1948
f 1947 1949 1948
f 1950 1949 1947
f 1946 1950 1947
f 1949 1951 1948
f 1952 1951 1949
f 1950 1952 1949
f 1953 1951 1952
f 1952 1954 1953
f 1954 1952 1950
f 1954 1955 1956
f 1955 1954 1957
f 1953 1954 1956
f 1957 1954 1950
f 1956 1958 1959
f 1956 1955 1958
f 1960 1956 1959
f 1953 1956 1960
f 1960 1959 1961
f 1961 1951 1960
f 1960 1951 1953
f 1961 1962 1963
f 1963 1951 1961
f 1961 1959 1962
f 1962 1964 1965
f 1959 1964 1962
f 1963 1962 1966
f 1962 1965 1966
f 1967 1966 1968
f 1963 1966 1967
f 1966 1965 1969
f 1966 1969 1968
f 1970 1968 1971
f 1968 1972 1971
f 1967 1968 1970
f 1968 1969 1972
f 1969 1973 1972
f 1971 1972 1974
f 1972 1975 1974
f 1972 1973 1975
f 1975 1976 1977
f 1973 1976 1975
f 1975 1977 1978
f 1974 1975 1978
f 1979 1978 1980
f 1978 1981 1980
f 1974 1978 1979
f 1978 1977 1981
f 1977 1982 1981
f 1981 1982 1983
f 1980 1981 1984
f 1981 1983 1984
f 1982 1985 1983
f 1983 1985 1986
f 1983 1986 1987
f 1984 1983 1987
f 1987 1986 1988
f 1987 1988 1989
f 1990 1987 1989
f 1984 1987 1990
f 1991 1984 1990
f 1992 1990 1993
f 1990 1989 1993
f 1991 1990 1992
f 1994 1991 1992
f 1995 1992 1996
f 1992 1993 1996
f 1994 1992 1995
f 1997 1994 1995
f 1998 1995 1999
f 1995 1996 1999
f 1997 1995 1998
f 2000 1998 2001
f 2002 1998 2000
f 1998 1999 2001
f 2002 1997 1998
f 2003 2001 2004
f 2000 2001 2003
f 2001 1999 2005
f 2001 2005 2004
f 2005 2006 2004
f 2004 2006 1929
f 2004 1929 2007
f 2008 2004 2007
f 2003 2004 2008
f 2008 1951 2003
f 2008 2007 2009
f 2009 1951 2008
f 2009 2007 2010
f 2009 2010 2011
f 2011 1951 2009
f 2010 1935 2011
f 2011 1935 2012
f 2011 2012 1951
f 1935 1936 2012
f 2012 2013 1951
f 2012 1936 2013
f 2013 1936 1937
f 2014 2013 1937
f 2014 1951 2013
f 2015 2014 1939
f 2015 1951 2014
f 1939 2014 1937
f 1943 2016 2015
f 2016 1951 2015
f 1939 1943 2015
f 1943 1941 2016
f 1941 1948 2016
f 2016 1948 1951
f 2007 1930 2010
f 2010 1930 1935
f 2007 1929 1930
f 2017 1929 2006
f 2005 2017 2006
f 2018 2019 2017
f 2020 2018 2017
f 2020 2017 2005
f 2017 1927 1929
f 2017 2019 1927
f 2021 2019 2022
f 2018 2022 2019
f 1926 1927 2019
f 1926 2019 2021
f 1858 2021 1756
f 1858 1864 2021
f 1756 2021 2022
f 1864 1926 2021
f 2023 2022 2018
f 1756 2022 2023
f 2024 2023 2018
f 2025 2023 2024
f 2025 1756 2023
f 2025 2026 1756
f 2027 2026 2025
f 2024 2027 2025
f 2027 2028 2026
f 1993 2028 2027
f 1996 1993 2027
f 1996 2027 2024
f 2028 2029 2030
f 1989 2029 2028
f 2028 2030 2026
f 1993 1989 2028
f 2030 2029 2031
f 2026 2030 2032
f 2032 2030 2033
f 2030 2031 2033
f 1758 2033 2031
f 1759 2033 1758
f 1759 1761 2033
f 2032 2033 1761
f 1757 2031 2034
f 1758 2031 1757
f 2029 2034 2031
f 1757 2034 1754
f 1988 2035 2034
f 1754 2034 2035
f 2029 1988 2034
f 1986 2036 2035
f 1748 2035 2036
f 1754 2035 1748
f 1988 1986 2035
f 1985 2037 2036
f 2038 2036 2037
f 1986 1985 2036
f 1748 2036 2038
f 2038 2039 1747
f 1747 1748 2038
f 2038 2037 2039
f 1747 2039 2040
f 2039 2041 2040
f 2039 2037 2041
f 2042 2041 2037
f 2042 2043 2041
f 2043 2044 2041
f 2040 2041 2044
f 2043 2045 2044
f 2046 2045 2043
f 2046 2043 2047
f 2047 2043 2042
f 1976 2046 2047
f 2047 2042 1982
f 1977 2047 1982
f 1976 2047 1977
f 2048 2049 2046
f 2049 2045 2046
f 2048 2046 1976
f 2050 2049 2048
f 2051 2050 2048
f 1973 2048 1976
f 2051 2048 1973
f 1965 2052 2051
f 2052 2050 2051
f 1969 2051 1973
f 1965 2051 1969
f 1964 2053 2052
f 2053 2054 2052
f 1964 2052 1965
f 2052 2054 2050
f 2054 2055 2056
f 2057 2055 2054
f 2054 2056 2050
f 2053 2057 2054
f 2055 2057 2058
f 2058 2057 2059
f 2060 2059 2057
f 2060 2057 2053
f 2061 2059 2060
f 2060 1955 2061
f 1958 2060 2053
f 1955 2060 1958
f 2062 2059 2061
f 2062 2061 2063
f 2063 2061 2064
f 2061 1957 2064
f 2061 1955 1957
f 2063 2064 1945
f 1945 2064 1946
f 2064 1957 1946
f 2063 2065 2062
f 1945 2066 2063
f 2063 2066 2065
f 2067 2068 2065
f 2062 2065 2068
f 2067 2065 2069
f 2069 2065 2066
f 2070 2069 2071
f 2070 2072 2069
f 2072 2067 2069
f 2069 2066 2071
f 2072 2073 2067
f 2074 2073 2072
f 2074 2072 2075
f 2075 2072 2070
f 2075 2070 2076
f 2075 2076 2077
f 2077 2078 2075
f 2075 2078 2079
f 2075 2079 2074
f 2080 2079 2078
f 2079 2081 2082
f 2074 2079 2082
f 2080 2081 2079
f 2083 2081 2080
f 2082 2081 2084
f 2081 2085 2084
f 2083 2085 2081
f 2086 2085 2083
f 2086 2087 2085
f 2085 2087 2088
f 2084 2085 2088
f 2089 2084 2088
f 2089 2088 2090
f 2090 2088 2091
f 2088 2087 2091
f 2090 2091 2092
f 2092 2091 2093
f 2094 2093 2091
f 2087 2094 2091
f 2095 2094 2096
f 2095 2097 2094
f 2096 2094 2087
f 2094 2097 2093
f 2098 2093 2097
f 2098 2097 2099
f 2099 2097 2095
f 571 2099 570
f 2100 2099 571
f 2101 2098 2099
f 570 2099 2102
f 2099 2095 2103
f 2104 2099 2103
f 2104 2102 2099
f 2101 2099 2100
f 571 573 2100
f 2100 573 2105
f 2100 2105 2101
f 2105 573 2106
f 2101 2105 2107
f 2107 2105 2108
f 2108 2105 2106
f 2106 573 2109
f 2106 2109 2110
f 2108 2106 2111
f 2111 2106 2110
f 2109 2112 2110
f 2110 2112 2113
f 2110 2113 2114
f 2115 2110 2114
f 2115 2111 2110
f 2116 2115 2114
f 2117 2115 2116
f 2117 2118 2115
f 2118 2111 2115
f 2116 2114 2119
f 2119 2120 2116
f 2116 2120 2121
f 2116 2121 2117
f 2117 2121 2122
f 2123 2122 2121
f 2124 2121 2120
f 2124 2123 2121
f 2125 2123 2124
f 2125 2126 2123
f 2123 2127 2122
f 2126 2127 2123
f 2126 2128 2127
f 2129 2128 2126
f 2130 2129 2126
f 2130 2126 2125
f 2131 2129 2130
f 2132 2131 2130
f 2133 2130 2125
f 2132 2130 2133
f 2133 2134 2132
f 2135 2132 2134
f 2136 2131 2132
f 2136 2132 2135
f 2136 2135 2137
f 2138 2137 2135
f 2138 2135 2139
f 2139 2135 2134
f 2138 2139 2140
f 2139 2134 2141
f 2142 2139 2141
f 2140 2139 2142
f 2142 2141 2143
f 2142 2144 2140
f 2142 2143 2144
f 2144 655 653
f 2144 2143 655
f 2144 653 1747
f 2140 2144 1747
f 2143 2141 2145
f 2143 2145 2146
f 2143 2146 657
f 655 2143 657
f 2146 2147 2148
f 2149 2147 2146
f 2146 2150 2149
f 657 2146 2148
f 2145 2150 2146
f 2150 2151 2152
f 2145 2151 2150
f 2149 2150 2153
f 2150 2152 2153
f 2152 2125 2124
f 2133 2125 2152
f 2152 2124 2153
f 2151 2133 2152
f 2119 2153 2120
f 2149 2153 2119
f 2153 2124 2120
f 2151 2134 2133
f 2141 2134 2151
f 2141 2151 2145
f 2148 2147 2154
f 2148 2154 2155
f 660 2148 2155
f 657 2148 658
f 658 2148 660
f 2155 2156 2157
f 2155 2154 2156
f 2158 2155 2157
f 660 2155 2159
f 2159 2155 2158
f 2158 2157 2160
f 668 2159 2158
f 666 2158 2160
f 668 2158 666
f 2160 2157 677
f 2160 677 679
f 670 2160 679
f 666 2160 670
f 662 660 2159
f 662 2159 668
f 2157 2156 2161
f 2157 2161 677
f 2162 2161 2156
f 677 2161 680
f 2163 680 2161
f 2163 2161 2162
f 2162 2156 2164
f 2165 2163 2162
f 2166 2162 2164
f 2165 2162 2166
f 2167 2165 2166
f 2167 2166 2112
f 2166 2164 2113
f 2112 2166 2113
f 2168 2169 2167
f 2169 2165 2167
f 2170 2168 2167
f 2170 2167 2112
f 574 2168 2170
f 573 2170 2109
f 574 2170 573
f 2109 2170 2112
f 2168 2171 2169
f 2172 2171 2168
f 2172 2168 574
f 574 576 2172
f 2172 576 2173
f 2172 2173 2174
f 2174 2171 2172
f 2174 2175 2176
f 2174 2173 2175
f 2174 2176 2177
f 2177 2178 2174
f 2174 2178 2171
f 2171 2178 2179
f 2178 2180 2179
f 2178 2181 2180
f 2177 2181 2178
f 626 2181 2177
f 626 2182 2181
f 2181 2182 2183
f 2181 2183 2180
f 2182 2184 2183
f 2184 2185 2183
f 2183 2185 2186
f 2183 2186 2180
f 2186 2187 2188
f 2186 2189 2187
f 2185 2189 2186
f 2180 2186 2188
f 2188 2187 2190
f 2179 2188 2191
f 2188 2190 2191
f 2180 2188 2179
f 2187 681 2190
f 2191 2190 2163
f 2190 680 2163
f 2190 681 680
f 2169 2191 2165
f 2191 2163 2165
f 2179 2191 2169
f 2189 683 2187
f 2189 2192 683
f 2193 2192 2189
f 2185 2193 2189
f 2193 2194 2192
f 718 2194 2193
f 2195 718 2193
f 2195 2193 2185
f 720 718 2195
f 2184 2195 2185
f 2196 2195 2184
f 2196 720 2195
f 2196 2197 722
f 722 720 2196
f 2198 2196 2184
f 2198 2197 2196
f 627 2198 2182
f 629 2198 627
f 629 2197 2198
f 2182 2198 2184
f 2197 2199 722
f 2200 2197 629
f 2200 2199 2197
f 629 631 2200
f 2200 631 2201
f 2200 2201 2202
f 2202 2203 2200
f 2200 2203 2204
f 2200 2204 2205
f 2205 2199 2200
f 2204 2206 2205
f 2207 723 2205
f 723 2199 2205
f 2205 2206 2208
f 2205 2208 2209
f 2207 2205 2209
f 2209 2210 2207
f 2207 2210 733
f 2207 733 725
f 725 723 2207
f 2209 2208 2210
f 734 733 2210
f 2210 743 740
f 2208 743 2210
f 2210 740 734
f 2206 2211 2208
f 2208 2211 743
f 2212 2213 2211
f 2206 2212 2211
f 743 2211 744
f 744 2211 2213
f 2214 2213 2212
f 2214 2215 2213
f 2215 2216 2213
f 2213 2216 747
f 2213 747 744
f 2215 2217 2216
f 2216 2218 747
f 2216 2219 2218
f 2216 2217 2219
f 2217 2220 2219
f 2219 2221 2222
f 2218 2219 2222
f 2220 2221 2219
f 2223 2221 2220
f 2224 2220 2225
f 2223 2220 2224
f 2225 2220 2217
f 2224 2226 2223
f 2223 2226 2227
f 2223 2227 2228
f 2228 2221 2223
f 2228 2227 2229
f 2228 2229 762
f 762 2230 2228
f 2228 2230 2221
f 762 761 2230
f 2221 2230 2222
f 2222 2230 2231
f 2230 761 2231
f 2232 2222 2231
f 2232 2231 752
f 761 2233 2231
f 752 2231 2233
f 752 2233 753
f 753 2233 761
f 2218 2222 2232
f 747 2218 2232
f 746 2232 752
f 747 2232 746
f 2227 2234 2229
f 762 2229 763
f 2229 2235 763
f 2234 2235 2229
f 2235 2236 768
f 2234 2236 2235
f 763 2235 767
f 767 2235 768
f 2236 2237 776
f 2238 2237 2236
f 2236 776 768
f 2238 2236 2234
f 2238 2239 2237
f 2240 2239 2238
f 2240 2238 2241
f 2241 2238 2234
f 2242 2240 2241
f 2242 2241 2226
f 2226 2241 2227
f 2241 2234 2227
f 2226 2243 2242
f 2243 2244 2242
f 2245 2240 2242
f 2242 2244 2245
f 2246 2245 2244
f 2246 2244 2247
f 2247 2244 2243
f 2247 2248 2246
f 2247 2243 2249
f 2249 2248 2247
f 2249 2250 2248
f 2248 2251 2246
f 2248 2250 2251
f 2203 2251 2252
f 2202 2251 2203
f 2251 2250 2252
f 2246 2251 2202
f 2253 2252 2254
f 2204 2252 2253
f 2203 2252 2204
f 2252 2250 2254
f 2253 2254 2215
f 2215 2254 2217
f 2254 2225 2217
f 2250 2225 2254
f 2253 2215 2214
f 2253 2214 2204
f 2249 2225 2250
f 2249 2243 2224
f 2224 2225 2249
f 2246 2255 2256
f 2202 2255 2246
f 2256 2257 2246
f 2257 2245 2246
f 2256 786 2257
f 2257 2258 2245
f 786 785 2257
f 2257 785 2258
f 2258 2239 2240
f 2245 2258 2240
f 2258 785 2239
f 2255 2259 2256
f 827 786 2256
f 2256 2259 827
f 2255 2201 2259
f 2259 2260 827
f 2259 634 2260
f 2201 634 2259
f 827 2260 1148
f 2260 2261 1148
f 2262 2260 634
f 2261 2260 2262
f 2262 634 633
f 2263 2262 633
f 2264 2262 2263
f 2264 2261 2262
f 2265 2264 2263
f 2266 2263 636
f 2263 633 636
f 2265 2263 2266
f 2266 636 638
f 2267 2265 2266
f 2268 2266 638
f 2267 2266 2268
f 2269 2268 2270
f 2269 2267 2268
f 2270 2268 641
f 2268 638 641
f 2271 2269 2270
f 2272 2270 642
f 2271 2270 2272
f 2270 641 642
f 2272 669 2271
f 2271 669 672
f 2271 672 2273
f 2273 2269 2271
f 2273 672 2274
f 2273 2274 2275
f 2275 2276 2273
f 2273 2276 2269
f 2277 2278 2276
f 2275 2277 2276
f 2276 2267 2269
f 2276 2278 2267
f 2277 2279 2278
f 2279 2280 2278
f 2278 2265 2267
f 2278 2280 2265
f 2280 2264 2265
f 2280 2281 2264
f 2279 2282 2280
f 2282 2281 2280
f 2281 2282 1154
f 1149 2281 1154
f 2281 2261 2264
f 2261 2281 1149
f 2283 2282 2279
f 2282 2283 1156
f 1154 2282 1156
f 2284 2283 2285
f 2284 1159 2283
f 2285 2283 2279
f 1156 2283 1159
f 2286 2284 2285
f 2285 2279 2277
f 2287 2285 2277
f 2286 2285 2287
f 2287 695 2286
f 2286 695 2288
f 2286 2288 2289
f 2289 2284 2286
f 2289 2288 2290
f 2289 2290 2291
f 2289 2291 2292
f 2292 2293 2289
f 2289 2293 2284
f 2292 1166 2293
f 1160 2293 1166
f 2293 1159 2284
f 1159 2293 1160
f 2292 2291 2294
f 2292 2294 2295
f 2295 1166 2292
f 2295 2294 2296
f 2295 2296 1170
f 1170 1164 2295
f 2295 1164 1166
f 2297 2296 2294
f 1170 2296 2298
f 2299 2298 2296
f 2299 2296 2297
f 2297 2300 2299
f 2297 2301 2300
f 2297 2302 2301
f 2297 2294 2303
f 2303 2302 2297
f 2303 2304 2302
f 2304 2305 2302
f 2302 2305 2306
f 2302 2306 2301
f 2301 2306 2300
f 2300 2306 2307
f 1035 2307 2306
f 1035 2306 2305
f 2300 2307 2308
f 2308 2307 2309
f 1036 2309 2307
f 1036 2307 1035
f 2308 2309 2310
f 2310 2309 2311
f 1036 2311 2309
f 1038 2311 1036
f 1038 2312 2311
f 2310 2311 2313
f 2313 2311 2312
f 2313 2312 2314
f 2315 2312 1038
f 2314 2312 2316
f 2315 2316 2312
f 1038 1039 2315
f 2315 1039 2317
f 2315 2317 2318
f 2318 2319 2315
f 2315 2319 2316
f 2314 2319 2320
f 2314 2316 2319
f 2320 2319 2321
f 2318 2321 2319
f 2322 2321 2318
f 2320 2321 2323
f 2323 2321 2324
f 2322 2324 2321
f 2318 2325 2322
f 2322 2325 2326
f 2322 2326 114
f 114 2327 2322
f 2322 2327 2324
f 2328 2324 2327
f 114 115 2327
f 2328 2327 2329
f 2329 2327 115
f 2330 2328 2329
f 2329 115 116
f 2331 2329 116
f 2330 2329 2331
f 2331 2332 2330
f 2331 2333 2332
f 120 2333 2331
f 2331 116 117
f 2331 117 120
f 2334 2332 2333
f 2334 2333 2335
f 2335 2333 480
f 120 480 2333
f 2335 2336 2334
f 2335 480 481
f 481 488 2335
f 2335 488 2336
f 2334 2336 1182
f 2337 2336 488
f 1185 1182 2336
f 1185 2336 2337
f 1189 1185 2337
f 2337 488 487
f 1194 2337 487
f 1189 2337 1194
f 2334 1182 1180
f 1180 2332 2334
f 1180 1179 2332
f 2330 2332 1179
f 2338 2328 2330
f 2330 1179 2338
f 2338 2323 2328
f 2338 1177 2339
f 2339 2320 2338
f 2338 2320 2323
f 2338 1179 1177
f 2339 2313 2314
f 2340 2313 2339
f 2339 1176 2340
f 2339 2314 2320
f 2339 1177 1176
f 2340 2310 2313
f 2340 2298 2299
f 2299 2310 2340
f 2340 1176 2298
f 2323 2324 2328
f 2326 2325 2341
f 114 2326 112
f 112 2326 2342
f 2326 2341 2342
f 2341 2343 2342
f 112 2342 2344
f 2342 2343 2345
f 2342 2345 2344
f 2343 2346 2345
f 2344 2345 2347
f 2345 2346 2348
f 2345 2348 2347
f 2348 2349 2350
f 2346 2349 2348
f 2347 2348 2351
f 2348 2350 2351
f 2351 2350 2352
f 2353 2352 2350
f 2353 2350 2354
f 2354 2350 2349
f 2354 2349 2355
f 2356 2354 2355
f 2357 2354 2356
f 2357 2353 2354
f 2356 2355 2358
f 2356 2359 2357
f 2358 2359 2356
f 2358 2360 2359
f 2360 2361 2359
f 2359 2362 2363
f 2357 2359 2363
f 2359 2361 2362
f 2361 2364 2362
f 2363 2362 2365
f 2362 2366 2365
f 2362 2364 2366
f 2364 2367 2366
f 2366 1186 1188
f 2365 2366 1188
f 2366 2367 1186
f 2367 1173 1184
f 2368 1173 2367
f 2364 2368 2367
f 2367 1184 1186
f 2368 1168 1173
f 1167 1168 2368
f 2369 1167 2368
f 2369 2368 2364
f 2370 1167 2369
f 2371 2370 2369
f 2361 2369 2364
f 2371 2369 2361
f 2372 2371 2360
f 2372 2373 2371
f 2373 2370 2371
f 2360 2371 2361
f 2374 2373 2372
f 2374 2375 2373
f 2375 1161 2373
f 2373 1161 2370
f 2376 2375 2374
f 2376 1152 2375
f 1152 1155 2375
f 2375 1155 1161
f 1150 1152 2376
f 2377 1150 2376
f 2378 2376 2374
f 2379 2376 2378
f 2377 2376 2379
f 2377 1056 1143
f 2379 1056 2377
f 1143 1150 2377
f 2379 1054 1056
f 2378 1054 2379
f 2378 1053 1054
f 2378 2374 2380
f 2380 1053 2378
f 2380 2372 2381
f 2381 1053 2380
f 2380 2374 2372
f 2381 2372 2382
f 2382 2383 2381
f 2381 2383 1053
f 2382 2355 2383
f 2355 2384 2383
f 2383 2384 1052
f 2383 1052 1053
f 2346 2384 2349
f 2355 2349 2384
f 1051 1052 2384
f 1051 2384 2346
f 2382 2360 2358
f 2358 2355 2382
f 2382 2372 2360
f 1161 1163 2370
f 2370 1163 1167
f 2363 2365 2385
f 2385 2365 1191
f 2365 1188 1191
f 2386 2385 2387
f 2388 2385 2386
f 2389 2385 2388
f 2389 2363 2385
f 2385 1191 2387
f 2387 1192 1197
f 2390 2387 1197
f 2387 1191 1192
f 2386 2387 2390
f 59 2386 2390
f 59 2390 290
f 290 2390 293
f 2390 1197 293
f 2388 2353 2389
f 2357 2363 2389
f 2389 2353 2357
f 2388 62 2353
f 60 62 2388
f 2388 2386 60
f 60 2386 59
f 62 2352 2353
f 2391 2352 62
f 2391 2351 2352
f 62 68 2391
f 2391 68 87
f 2391 87 2392
f 2392 2351 2391
f 2392 87 88
f 2392 88 89
f 89 2393 2392
f 2393 2347 2392
f 2392 2347 2351
f 2394 2395 2393
f 89 2394 2393
f 2395 2344 2393
f 2393 2344 2347
f 2394 110 2395
f 110 111 2395
f 111 112 2395
f 2395 112 2344
f 90 2394 89
f 90 107 2394
f 107 110 2394
f 2343 1051 2346
f 2341 1049 2343
f 1049 1051 2343
f 2325 1048 2341
f 1048 1049 2341
f 2325 2317 1048
f 2318 2317 2325
f 2317 1039 1041
f 2317 1041 1048
f 2299 2308 2310
f 2299 2300 2308
f 2396 2305 2397
f 1035 2305 2396
f 2304 2397 2305
f 2398 2397 2399
f 2399 2397 2400
f 2400 2397 2304
f 2396 2397 2398
f 1028 2398 2401
f 2396 2398 1028
f 2402 2401 2398
f 2402 2398 2399
f 2402 2399 710
f 710 1025 2402
f 2402 1025 1026
f 1026 2401 2402
f 1028 2401 1026
f 710 2399 2400
f 2403 707 2400
f 710 2400 707
f 2403 2400 2304
f 699 707 2403
f 2403 2290 699
f 2403 2291 2290
f 2303 2291 2403
f 2403 2304 2303
f 1028 1029 2396
f 2396 1029 1035
f 2303 2294 2291
f 1170 2298 1171
f 1171 2298 1176
f 699 2290 2288
f 699 2288 694
f 694 2288 695
f 2287 2277 2275
f 2275 693 2287
f 2287 693 695
f 2275 2274 693
f 671 2274 672
f 691 693 2274
f 691 2274 671
f 2272 642 646
f 646 664 2272
f 2272 664 669
f 1148 2261 1149
f 2202 2201 2255
f 2224 2243 2226
f 2239 2404 2237
f 2239 785 2404
f 777 2404 779
f 2237 2404 777
f 2404 785 779
f 2237 777 776
f 2204 2214 2212
f 2204 2212 2206
f 631 634 2201
f 723 722 2199
f 703 2194 2405
f 2405 2194 717
f 717 2194 718
f 702 2194 703
f 702 2192 2194
f 705 2405 717
f 705 703 2405
f 684 683 2192
f 684 2192 702
f 2187 683 681
f 627 2182 626
f 2171 2179 2169
f 2177 2176 2406
f 2177 2406 626
f 2176 620 2406
f 626 2406 623
f 2406 620 623
f 2175 2407 2176
f 2176 2407 620
f 2175 580 2407
f 2408 2407 580
f 617 620 2407
f 617 2407 2408
f 611 617 2408
f 612 2408 579
f 2408 580 579
f 611 2408 612
f 2173 580 2175
f 576 580 2173
f 2164 2156 2154
f 2113 2164 2409
f 2164 2154 2409
f 2114 2409 2119
f 2114 2113 2409
f 2119 2409 2147
f 2409 2154 2147
f 2119 2147 2149
f 2140 1747 2138
f 2138 1747 2410
f 2410 2137 2138
f 2137 2410 2136
f 2410 1747 2411
f 2411 2412 2410
f 2410 2412 2131
f 2410 2131 2136
f 2412 2413 2131
f 2411 2413 2412
f 2414 2413 2411
f 2414 2129 2413
f 2131 2413 2129
f 2414 2415 2416
f 2411 2415 2414
f 2414 2416 2417
f 2414 2417 2128
f 2128 2129 2414
f 2417 2418 2419
f 2417 2420 2418
f 2417 2416 2420
f 2128 2417 2419
f 2419 2418 2421
f 2128 2419 2127
f 2127 2419 2422
f 2419 2421 2422
f 2423 2422 2421
f 2423 2421 2424
f 2424 2421 2425
f 2425 2421 2418
f 2425 2418 2426
f 2427 2425 2426
f 2428 2425 2427
f 2428 2424 2425
f 2429 2430 2427
f 2427 2426 2429
f 2427 2431 2428
f 2427 2430 2431
f 2431 2430 2432
f 2432 2430 2433
f 2430 2434 2433
f 2429 2434 2430
f 2058 2435 2434
f 2436 2058 2434
f 2434 2435 2437
f 2434 2437 2438
f 2433 2434 2438
f 2436 2434 2429
f 2429 2439 2436
f 2439 2440 2436
f 2436 2440 2411
f 2411 1747 2436
f 2436 1747 2058
f 2440 2420 2416
f 2439 2420 2440
f 2411 2440 2415
f 2416 2415 2440
f 2429 2426 2439
f 2426 2420 2439
f 2438 2437 2441
f 2433 2438 2441
f 2441 2437 2073
f 2441 2073 2074
f 2442 2441 2074
f 2442 2443 2441
f 2443 2433 2441
f 2432 2433 2443
f 2444 2432 2443
f 2444 2443 2442
f 2090 2444 2089
f 2090 2445 2444
f 2445 2432 2444
f 2089 2444 2442
f 2092 2445 2090
f 2092 2446 2445
f 2446 2431 2445
f 2445 2431 2432
f 2447 2446 2092
f 2448 2446 2447
f 2428 2431 2446
f 2428 2446 2448
f 2448 2449 2424
f 2450 2449 2448
f 2448 2447 2450
f 2448 2424 2428
f 2450 2107 2449
f 2450 2098 2101
f 2101 2107 2450
f 2450 2447 2098
f 2449 2107 2451
f 2423 2449 2451
f 2424 2449 2423
f 2451 2108 2118
f 2452 2451 2118
f 2451 2107 2108
f 2423 2451 2452
f 2452 2118 2117
f 2117 2122 2452
f 2452 2122 2422
f 2452 2422 2423
f 2092 2093 2447
f 2447 2093 2098
f 2453 2442 2074
f 2089 2442 2453
f 2453 2082 2084
f 2074 2082 2453
f 2453 2084 2089
f 2073 2437 2435
f 2435 2068 2067
f 2058 2068 2435
f 2067 2073 2435
f 2426 2418 2420
f 2127 2422 2122
f 2118 2108 2111
f 2454 2102 2104
f 2454 2455 2102
f 2456 2102 2455
f 570 2102 2456
f 2456 2455 2457
f 2458 2457 2455
f 2458 2455 2459
f 2459 2455 2460
f 2460 2455 2454
f 2459 2460 1902
f 1902 2460 2461
f 2461 2460 2462
f 2460 2454 2462
f 2462 2463 2464
f 2462 2454 2463
f 2461 2462 2464
f 2464 2463 2465
f 2466 2461 2464
f 2464 2465 2467
f 2466 2464 2467
f 2465 2083 2467
f 2468 2466 2467
f 2467 2083 2080
f 2467 2080 2468
f 1905 2466 2468
f 1905 2468 2077
f 2077 2468 2078
f 2468 2080 2078
f 1903 2461 2466
f 1903 2466 1905
f 2463 2469 2465
f 2469 2086 2465
f 2465 2086 2083
f 2104 2103 2469
f 2103 2096 2469
f 2469 2096 2086
f 2463 2104 2469
f 2454 2104 2463
f 1902 2461 1903
f 1902 1898 2459
f 2459 1898 2458
f 1898 1899 2458
f 1899 2457 2458
f 2457 2470 2456
f 1899 2470 2457
f 2470 1897 1889
f 2470 1889 1881
f 1899 1897 2470
f 2456 2470 1881
f 2456 2471 2472
f 2472 564 2456
f 2456 564 565
f 2456 565 570
f 2456 1881 2471
f 2472 2471 1836
f 2471 2473 1836
f 2471 2474 2473
f 1881 1880 2471
f 2471 1880 2474
f 2473 2474 2475
f 2474 1880 2476
f 2474 2476 2475
f 2475 2476 2477
f 2476 1880 1876
f 2476 1876 1873
f 2477 2476 1873
f 2475 2477 2478
f 1873 1871 2477
f 2478 2477 2479
f 1871 2479 2477
f 2478 2479 2480
f 1860 2480 2479
f 1860 2479 1862
f 1862 2479 1871
f 1841 2480 1860
f 1841 1840 2480
f 1840 2478 2480
f 2481 2475 2478
f 2481 2478 1840
f 2481 2482 2473
f 2473 2475 2481
f 1838 2482 2481
f 1840 1838 2481
f 1836 2473 2482
f 1836 2482 1837
f 1837 2482 1838
f 2472 2483 563
f 2484 2483 2472
f 2472 563 564
f 2472 1836 2484
f 2484 2485 2483
f 1820 2485 2484
f 1834 1820 2484
f 2484 1836 1834
f 1816 2486 2485
f 1817 1816 2485
f 1817 2485 1820
f 2485 2486 2483
f 2483 2486 562
f 1816 2487 2486
f 2487 553 2486
f 2486 554 562
f 553 554 2486
f 1813 2487 1815
f 1813 2488 2487
f 1815 2487 1816
f 2488 548 2487
f 548 553 2487
f 1812 2488 1813
f 2489 547 2488
f 1812 2489 2488
f 547 548 2488
f 1251 542 2489
f 1254 1251 2489
f 542 547 2489
f 1254 2489 2490
f 2490 2489 1812
f 1809 1254 2490
f 1809 2490 1812
f 2483 562 563
f 2103 2095 2096
f 2096 2087 2086
f 2077 1906 1905
f 2077 2076 1906
f 2076 2070 2491
f 2076 2491 1910
f 2076 1910 1906
f 2491 2070 2071
f 1910 2491 1914
f 1914 2491 2492
f 2491 2071 2492
f 2071 1944 2492
f 2492 1934 1933
f 2492 1944 1934
f 1914 2492 1933
f 2071 2066 1944
f 2062 2068 2058
f 1945 1944 2066
f 2058 2059 2062
f 1747 2493 2058
f 2058 2493 2055
f 1747 2494 2493
f 2495 2493 2494
f 2055 2493 2056
f 2056 2493 2495
f 2056 2495 2049
f 2049 2495 2045
f 2045 2495 2496
f 2495 2494 2496
f 2045 2496 2044
f 2497 2044 2496
f 2497 2496 2498
f 2498 2496 2494
f 2498 2494 1747
f 2497 2498 1747
f 1747 2040 2497
f 2040 2044 2497
f 2050 2056 2049
f 1958 2053 1964
f 1982 2042 1985
f 1985 2042 2037
f 1756 2032 1761
f 2026 2032 1756
f 1989 1988 2029
f 2024 2018 2020
f 2005 2024 2020
f 1999 1996 2024
f 1999 2024 2005
f 2003 1951 2000
f 2000 1951 2002
f 2499 1997 2002
f 2002 1951 2499
f 2499 1951 2500
f 2500 2501 2499
f 2499 2501 1997
f 2501 2502 1994
f 2503 2502 2501
f 2501 1994 1997
f 2500 2503 2501
f 2503 1979 2502
f 2504 2505 2503
f 2505 1979 2503
f 2504 2503 2500
f 2500 1951 2504
f 2504 1951 2506
f 2506 2505 2504
f 2506 1951 1970
f 1970 1971 2506
f 2506 1971 2505
f 1971 1974 2505
f 2505 1974 1979
f 2502 1991 1994
f 2502 1980 1991
f 1979 1980 2502
f 1980 1984 1991
f 1970 1951 1967
f 1967 1951 1963
f 1959 1958 1964
f 1957 1950 1946
f 1922 1933 1924
f 1922 1914 1933
f 1864 1867 1926
f 1915 1914 1922
f 1919 1865 1870
f 1893 1913 1891
f 1889 1897 1887
f 1881 1889 1882
f 1878 1884 1874
f 1858 1756 1755
f 1858 1755 1849
f 1843 1845 1832
f 1843 1832 1831
f 1834 1826 1820
f 1771 1824 1828
f 1771 1828 1770
f 1773 1824 1771
f 1773 1774 1822
f 1822 1774 1779
f 1822 1779 1782
f 1810 1819 1805
f 1819 1782 1803
f 1819 1803 1805
f 1258 1253 1809
f 1253 1254 1809
f 1259 1806 1261
f 1806 1729 1261
f 1806 1802 1729
f 1782 1783 1803
f 1802 1730 1729
f 1800 1738 1736
f 1795 1738 1800
f 1785 1786 1797
f 1795 1743 1738
f 1769 1767 1777
f 1760 1761 1759
f 1740 2507 1718
f 1718 1741 1740
f 1740 599 2507
f 1718 2507 1715
f 2508 1715 2507
f 2508 2507 597
f 597 2507 599
f 2508 2509 1714
f 1714 1715 2508
f 597 598 2508
f 2508 598 2509
f 1714 2509 2510
f 2509 598 2511
f 2510 2509 2512
f 2512 2509 2511
f 2511 594 555
f 551 2511 555
f 2511 598 594
f 2512 2511 551
f 2513 2512 549
f 2513 2510 2512
f 549 2512 551
f 545 2513 549
f 2514 2510 2513
f 2515 2514 2513
f 2515 2513 545
f 2516 2515 543
f 2516 2517 2515
f 543 2515 545
f 2517 2514 2515
f 1711 2514 2517
f 2518 2517 2516
f 2519 2517 2518
f 1711 2517 2519
f 2519 2518 2520
f 2520 1704 2519
f 2519 1704 1706
f 2519 1706 1711
f 2520 1698 1704
f 2520 2518 2521
f 2520 2521 1699
f 1699 1698 2520
f 2522 2521 2523
f 1699 2521 2522
f 2521 2518 2524
f 2523 2521 2524
f 2523 2524 537
f 537 2524 539
f 2524 2518 2516
f 2524 2516 539
f 533 2523 537
f 2525 2522 2523
f 2525 2523 533
f 2526 2525 531
f 2526 2527 2525
f 531 2525 533
f 2527 2522 2525
f 1694 2527 2528
f 1700 2527 1694
f 1700 2522 2527
f 2528 2527 2526
f 1694 2528 1692
f 1692 2528 517
f 517 2528 519
f 519 2528 2526
f 527 2526 531
f 519 2526 527
f 1699 2522 1700
f 539 2516 543
f 1712 2510 2514
f 1712 2514 1711
f 1714 2510 1712
f 1718 1719 1741
f 1734 1741 1719
f 1735 1741 1734
f 1723 1727 1734
f 1734 1719 1723
f 1261 1729 1265
f 1724 1725 2529
f 1725 2530 2531
f 2529 1725 2531
f 2530 1725 1720
f 2531 2530 2532
f 2530 1710 2532
f 1720 1710 2530
f 2531 2532 2533
f 2532 1710 1705
f 2532 1705 2533
f 2531 2533 2534
f 2533 1705 2535
f 2534 2533 2535
f 2534 2536 2531
f 2536 2534 2537
f 2537 2534 2538
f 2534 2539 2538
f 2534 2535 2539
f 2538 2539 2540
f 2539 2541 2540
f 2539 1543 1542
f 1542 2542 2539
f 2539 2542 2541
f 2539 2535 1543
f 2543 2541 2542
f 2544 2541 2543
f 2540 2541 2544
f 2545 2544 2546
f 2545 2540 2544
f 2546 2544 2547
f 2543 2547 2544
f 2546 2547 1291
f 1291 2547 2548
f 2547 2549 2548
f 2547 2543 2549
f 2549 2550 2551
f 2549 2543 2550
f 2552 2549 2551
f 2548 2549 2552
f 2553 2552 2554
f 2548 2552 2553
f 2554 2552 2555
f 2555 2552 2551
f 2554 2555 2556
f 1530 2556 2555
f 1530 2555 1533
f 1533 2555 2551
f 2557 2556 2558
f 1528 2558 2556
f 1528 2556 1530
f 2554 2556 2557
f 2559 2557 1317
f 2559 2554 2557
f 2557 2558 1319
f 1317 2557 1319
f 2553 2554 2559
f 1294 2553 2559
f 1294 2559 1316
f 1316 2559 1317
f 1525 2558 1528
f 1525 1319 2558
f 1292 2553 1294
f 1292 2548 2553
f 1533 2551 1536
f 1536 2551 2550
f 1536 2550 1541
f 1541 2550 1542
f 2550 2542 1542
f 2543 2542 2550
f 1291 2548 1292
f 2560 2545 2546
f 2560 2546 1289
f 1289 2546 1291
f 2561 2560 2562
f 2561 2545 2560
f 1288 2560 1289
f 2562 2560 1288
f 2562 2563 2561
f 2562 2564 2563
f 1275 2564 2562
f 2562 1288 1275
f 2564 2565 2563
f 2565 2564 1268
f 1275 1272 2564
f 1268 2564 1272
f 2563 2565 2566
f 2566 2565 1268
f 2567 2568 2566
f 2529 2567 2566
f 2529 2566 1267
f 1267 2566 1268
f 2566 2568 2569
f 2566 2569 2563
f 2569 2568 2563
f 2563 2568 2570
f 2567 2571 2568
f 2568 2571 2570
f 2572 2571 2567
f 2570 2571 2572
f 2567 2570 2572
f 2567 2537 2570
f 2561 2570 2537
f 2561 2563 2570
f 2536 2537 2567
f 2531 2536 2567
f 2531 2567 2529
f 2561 2538 2545
f 2537 2538 2561
f 2538 2540 2545
f 2535 1702 1543
f 2535 1705 1702
f 1267 1724 2529
f 1266 1724 1267
f 1702 1551 1550
f 1543 1702 1550
f 1679 1675 1696
f 1696 1675 1553
f 1692 517 516
f 1688 1689 2573
f 513 2573 1689
f 513 1689 514
f 502 2573 513
f 502 501 2573
f 1688 2573 2574
f 2574 2573 501
f 2574 1687 1688
f 2574 2575 1687
f 2576 2575 2574
f 2574 501 2576
f 2576 2577 2575
f 2576 499 2578
f 2578 2577 2576
f 2576 501 499
f 2579 2575 2577
f 2580 2577 2581
f 2582 2577 2580
f 2578 2581 2577
f 2579 2577 2582
f 2579 2583 2584
f 2582 2583 2579
f 2584 2575 2579
f 2585 1687 2584
f 2584 2586 2585
f 2584 1687 2575
f 2584 2583 2586
f 2585 2586 1683
f 2587 1683 2586
f 2588 2586 2583
f 2587 2586 2588
f 2589 2588 2590
f 2589 2587 2588
f 2590 2588 2591
f 2588 2583 2591
f 2591 2583 2592
f 2591 2592 320
f 318 2591 320
f 2590 2591 318
f 2580 2593 2592
f 320 2592 2593
f 2582 2592 2583
f 2580 2592 2582
f 338 332 2593
f 321 2593 332
f 338 2593 2594
f 2594 2593 2580
f 321 320 2593
f 2594 2581 338
f 2580 2581 2594
f 317 2590 318
f 2595 2590 317
f 2595 2589 2590
f 2596 2595 2597
f 2596 2598 2595
f 2597 2595 317
f 2598 2589 2595
f 2599 2598 2596
f 2600 2601 2598
f 2599 2600 2598
f 2598 2601 2589
f 2602 2599 2603
f 2602 2604 2599
f 2603 2599 2596
f 2604 2600 2599
f 2605 2604 2602
f 2605 2606 2604
f 2606 2607 2604
f 2604 2607 2600
f 2608 2609 2607
f 2606 2608 2607
f 2607 2610 2600
f 2607 2609 2610
f 2609 2611 2610
f 2610 2612 2601
f 2600 2610 2601
f 2610 2611 2612
f 2611 1681 2612
f 2601 2612 2587
f 2612 1683 2587
f 2612 1681 1683
f 2609 2613 2611
f 2613 1670 2611
f 2611 1670 1681
f 2614 2613 2609
f 2614 1664 2613
f 1664 1665 2613
f 2613 1665 1666
f 2613 1666 1667
f 1667 1668 2613
f 2613 1668 1669
f 2613 1669 1670
f 1663 2615 2614
f 2616 1663 2614
f 2608 2614 2609
f 2614 2615 1661
f 2614 1661 2617
f 2617 1664 2614
f 2616 2614 2608
f 1656 1663 2616
f 1655 1656 2616
f 2618 2616 2608
f 1655 2616 2618
f 2619 2618 2620
f 2619 1655 2618
f 2620 2618 2606
f 2618 2608 2606
f 2621 2619 2620
f 2620 2606 2605
f 2622 2620 2605
f 2621 2620 2622
f 2622 1218 2621
f 2621 1218 1216
f 2621 1216 1223
f 1223 2619 2621
f 2622 2605 2623
f 2623 2624 2622
f 2622 2624 2625
f 2622 2625 1218
f 2624 1211 2625
f 2625 1211 1218
f 2626 1208 2624
f 2623 2626 2624
f 2624 1208 1211
f 2627 1207 2626
f 2628 2627 2626
f 2628 2626 2623
f 2626 1207 1208
f 2628 2603 2629
f 2629 2630 2628
f 2628 2630 2627
f 2623 2602 2628
f 2628 2602 2603
f 297 1200 2630
f 2629 297 2630
f 2630 1207 2627
f 2630 1200 1207
f 298 297 2629
f 2629 2631 298
f 2629 2603 2631
f 298 2631 2632
f 2603 2596 2631
f 2632 2631 2597
f 2631 2596 2597
f 308 298 2632
f 2632 2597 316
f 308 2632 316
f 2623 2605 2602
f 1653 1655 2619
f 1223 1653 2619
f 1661 1664 2617
f 2615 1663 1661
f 2601 2587 2589
f 316 2597 317
f 2585 1683 1684
f 1684 1687 2585
f 338 2581 339
f 479 339 2581
f 479 2581 2578
f 2578 498 479
f 2578 499 498
f 1553 1675 1674
f 1674 1587 1585
f 1674 1585 1564
f 1564 2633 1674
f 1554 1674 2633
f 1554 1553 1674
f 1564 1566 2633
f 1555 2633 1566
f 1554 2633 1555
f 1587 1659 1588
f 1588 1659 1590
f 1224 1653 1223
f 1593 1591 1651
f 1573 1456 1458
f 1459 1460 1560
f 2634 1557 2635
f 1548 1557 2634
f 1463 1462 1557
f 1557 1462 2635
f 2634 2635 2636
f 2635 1462 1464
f 2636 2635 1464
f 2637 2634 2636
f 2637 2636 2638
f 2638 2636 1468
f 2636 1464 1468
f 2638 1534 2637
f 2638 1468 1472
f 1472 1532 2638
f 2638 1532 1534
f 1538 2634 2637
f 2637 1534 1538
f 1547 1548 2634
f 1538 1547 2634
f 1543 1550 1545
f 1320 1319 1525
f 1523 1522 1474
f 1523 1474 1475
f 1499 1523 1475
f 1501 1523 1499
f 1519 1518 1329
f 1329 1518 2639
f 1515 2639 1518
f 1329 2639 2640
f 2640 2639 2641
f 2641 2639 1515
f 2640 2641 2642
f 2642 2641 2643
f 2644 2643 2641
f 2644 2641 1514
f 1514 2641 1515
f 2645 2646 2644
f 2646 2643 2644
f 2647 2644 1514
f 2645 2644 2647
f 2648 2647 1513
f 2649 2647 2648
f 2649 2645 2647
f 2647 1514 1513
f 2650 2645 2649
f 2649 1438 2650
f 2648 1438 2649
f 2650 2651 2645
f 2652 2651 2650
f 2650 1438 2652
f 2653 2651 2652
f 2653 2652 2654
f 2654 2652 1438
f 2655 2653 2654
f 2654 1438 2656
f 2655 2654 2656
f 2657 2655 2656
f 2656 2658 2657
f 2656 1438 2658
f 2657 2658 2659
f 2659 2660 2657
f 2657 2660 2661
f 2657 2661 2655
f 2662 2661 2663
f 2653 2661 2662
f 2655 2661 2653
f 2660 2664 2661
f 2661 2665 2663
f 2661 2664 2665
f 2666 2665 2664
f 2663 2665 2667
f 2668 2667 2665
f 2668 2665 2666
f 2669 2670 2666
f 2670 2668 2666
f 2669 2666 2671
f 2666 2664 2671
f 2672 2669 2671
f 2671 2673 2674
f 2671 2664 2673
f 2672 2671 2674
f 2674 2675 2676
f 2674 2673 2675
f 2677 2672 2674
f 2677 2674 2676
f 2678 2672 2677
f 2678 2677 2679
f 2679 2677 2680
f 2680 2677 2676
f 2679 2680 2681
f 2681 2680 2682
f 2682 2680 2683
f 2680 2676 2683
f 2676 2684 2683
f 2682 2683 2685
f 2683 2686 2685
f 2683 2684 2686
f 2687 2684 2688
f 2687 2686 2684
f 2676 2675 2684
f 2688 2684 2675
f 2689 2687 2688
f 2689 2688 2690
f 2690 2688 2691
f 2688 2692 2691
f 2688 2675 2692
f 2693 2692 2659
f 2691 2692 2693
f 2659 2692 2660
f 2692 2673 2660
f 2692 2675 2673
f 2694 2693 2695
f 2691 2693 2694
f 2659 2695 2693
f 2694 2695 1438
f 2658 2695 2659
f 2658 1438 2695
f 2696 2691 2694
f 2696 2694 1438
f 2697 2690 2696
f 2690 2691 2696
f 2696 1438 2697
f 2697 2689 2690
f 2698 2689 2697
f 2697 1438 2698
f 2698 1433 2689
f 1437 1433 2698
f 2698 1438 1437
f 1433 2687 2689
f 1431 2687 1432
f 1433 1432 2687
f 1431 2686 2687
f 2685 2686 2699
f 1431 2699 2686
f 1403 2699 2700
f 1427 2700 2699
f 2685 2699 1403
f 1427 2699 1431
f 1425 2700 1427
f 1401 2700 1425
f 1401 1403 2700
f 1402 2682 2685
f 1402 2685 1403
f 2681 2682 1396
f 1396 2682 1402
f 2681 2701 2679
f 1396 2702 2681
f 2681 2702 2701
f 2679 2701 2703
f 1385 2701 2702
f 2701 1384 2703
f 1385 1384 2701
f 2679 2703 2704
f 2704 2703 2705
f 2703 1384 2705
f 2704 2705 2706
f 2706 2705 2707
f 2705 1382 2707
f 1384 1382 2705
f 2708 2707 2709
f 2706 2707 2708
f 2707 1381 2709
f 1382 1381 2707
f 2708 2709 1370
f 1370 2709 1371
f 2709 1376 1371
f 1381 1376 2709
f 1370 2710 2708
f 2708 2710 2711
f 2708 2711 2706
f 2710 2712 2711
f 2711 2713 2714
f 2706 2711 2714
f 2711 2712 2713
f 2712 2715 2713
f 2713 2715 2716
f 2713 2716 2678
f 2714 2713 2678
f 2715 2717 2716
f 2717 2669 2716
f 2716 2669 2672
f 2716 2672 2678
f 2718 2719 2717
f 2719 2670 2717
f 2717 2670 2669
f 2717 2720 2721
f 2720 2717 2715
f 2718 2717 2721
f 2718 2721 2722
f 2721 2723 1367
f 2721 2720 2723
f 2722 2721 1367
f 2722 2724 2718
f 2722 1367 1364
f 1364 2725 2722
f 2722 2725 2724
f 2725 2726 2724
f 2724 2726 2727
f 2724 2727 2728
f 2718 2724 2728
f 2728 2719 2718
f 2728 2729 2719
f 2728 2727 2729
f 2719 2729 2730
f 2731 2730 2729
f 2727 2731 2729
f 2731 2732 2733
f 2733 2734 2731
f 2731 2734 2730
f 2727 2732 2731
f 2733 2732 2735
f 2726 2732 2727
f 2726 2736 2732
f 2736 2735 2732
f 1357 2735 2736
f 1357 1358 2735
f 2735 2737 2733
f 2735 1358 2737
f 2737 1358 1352
f 1352 2738 2737
f 2737 2738 2739
f 2737 2739 2733
f 2739 1340 2734
f 2739 1341 1340
f 2738 1341 2739
f 2733 2739 2734
f 2738 1343 1341
f 2738 1350 1343
f 1352 1350 2738
f 2740 2736 2726
f 2740 1355 2736
f 2736 1355 1357
f 1354 1355 2740
f 1363 1354 2740
f 1363 2740 2725
f 2725 2740 2726
f 2734 2741 2730
f 2734 1340 2741
f 2742 2730 2741
f 1338 2741 1340
f 2742 2741 1338
f 2742 1338 1334
f 1334 2743 2742
f 2742 2743 2744
f 2742 2744 2745
f 2745 2730 2742
f 2745 2744 2746
f 2745 2746 2719
f 2719 2730 2745
f 2746 2744 2747
f 2719 2746 2670
f 2670 2746 2668
f 2746 2747 2668
f 2747 2667 2668
f 2747 2748 2667
f 2749 2748 2747
f 2744 2749 2747
f 2749 2750 2748
f 2749 2743 1330
f 2744 2743 2749
f 1330 2750 2749
f 1329 2750 1330
f 2640 2750 1329
f 2640 2748 2750
f 2642 2667 2748
f 2642 2748 2640
f 2743 1331 1330
f 1334 1331 2743
f 1364 1363 2725
f 2723 2720 2712
f 2710 2723 2712
f 1367 2723 1368
f 1368 2723 2710
f 2712 2720 2715
f 2704 2714 2678
f 2706 2714 2704
f 1370 1368 2710
f 2704 2678 2679
f 2702 1387 1385
f 1394 1387 2702
f 1394 2702 1396
f 2660 2673 2664
f 2663 2667 2642
f 2642 2643 2663
f 2663 2643 2646
f 2663 2646 2662
f 2662 2646 2651
f 2662 2651 2653
f 2651 2646 2645
f 2648 1513 1510
f 1510 1438 2648
f 1508 1496 1493
f 1493 1438 1508
f 1499 1475 1479
f 1490 1444 1440
f 1440 1438 1490
f 1477 1469 1467
f 1418 1417 1456
f 1442 1426 1430
f 1436 1442 1430
f 1428 1427 1431
f 1378 1379 1389
f 1377 1376 1381
f 1365 1359 1360
f 1306 1349 1305
f 1333 1347 1328
f 1347 2751 1328
f 1347 1311 2751
f 1347 1310 1311
f 1311 1312 2751
f 2751 1312 1323
f 2751 1323 1324
f 1328 2751 1324
f 1332 1331 1334
f 1328 1324 1325
f 1312 1314 1323
f 1296 1294 1316
f 1300 1296 1316
f 1300 1308 1301
f 1242 2752 1305
f 2752 1304 1305
f 1279 2752 1242
f 2753 2752 1279
f 2753 1303 2752
f 2752 1303 1304
f 1281 2753 1279
f 1283 2753 1281
f 1283 1303 2753
f 1297 1303 1283
f 1283 1284 1297
f 1275 1288 1276
f 1242 1243 1279
f 1279 1243 1245
f 1279 1245 1256
f 1256 1273 1279
f 1270 1273 1256
f 1263 1270 1255
f 1255 1270 1256
f 1256 1245 1247
f 541 542 1251
f 1239 1234 1236
f 529 530 1237
f 1223 1216 1219
f 1210 2754 1213
f 2754 507 1213
f 494 2754 1210
f 494 493 2754
f 493 506 2754
f 2754 506 507
f 1205 494 1210
f 1200 1201 1207
f 491 494 1205
f 1194 487 1203
f 1195 1194 1203
f 1203 489 490
f 1203 487 489
f 295 1200 297
f 295 1198 1200
f 294 1198 295
f 294 1197 1198
f 293 1197 294
f 1173 1174 1184
f 827 1148 2755
f 2755 1148 2756
f 2756 1148 1146
f 1145 2756 1146
f 2757 2756 1145
f 2757 2755 2756
f 864 2757 1145
f 2757 2758 827
f 827 2755 2757
f 2759 2758 2757
f 2759 2757 864
f 2758 2760 827
f 2759 2761 2758
f 2758 2761 2762
f 2758 2762 2760
f 827 2760 828
f 2760 2762 2763
f 2760 2763 828
f 2763 2762 2764
f 828 2763 829
f 2763 2765 829
f 2764 2765 2763
f 2766 2767 2765
f 2764 2766 2765
f 2765 831 829
f 2765 2767 831
f 2766 2768 2767
f 2767 2769 834
f 2767 2768 2769
f 831 2767 834
f 2761 2768 2766
f 2770 2768 2761
f 2768 2770 2769
f 2761 2771 2770
f 2770 2771 861
f 2769 2770 2772
f 2770 861 2772
f 2769 2772 2773
f 2774 2773 2772
f 2774 2772 858
f 858 2772 861
f 841 2774 843
f 841 2773 2774
f 855 2774 858
f 855 843 2774
f 834 2773 835
f 841 835 2773
f 834 2769 2773
f 2771 864 862
f 2771 2759 864
f 2771 862 861
f 2761 2759 2771
f 2761 2766 2764
f 2762 2761 2764
f 864 1145 871
f 1034 1032 1042
f 710 1023 1025
f 708 1023 710
f 950 951 962
f 942 924 953
f 944 942 953
f 937 946 938
f 926 2775 923
f 926 809 2775
f 923 2775 912
f 2775 816 912
f 2775 810 816
f 809 810 2775
f 920 919 924
f 905 904 914
f 839 848 909
f 839 909 837
f 837 909 817
f 848 847 896
f 867 856 859
f 851 843 855
f 851 842 843
f 837 817 818
f 818 832 837
f 826 832 818
f 827 823 790
f 827 790 788
f 788 786 827
f 791 790 823
f 797 813 799
f 758 804 759
f 758 766 804
f 780 779 785
f 782 773 774
f 769 768 776
f 741 749 738
f 725 733 726
f 714 729 716
f 705 717 712
f 699 700 707
f 697 684 702
f 688 684 697
f 671 675 691
f 691 675 687
f 675 686 687
f 675 674 686
f 646 650 664
f 654 648 604
f 644 650 646
f 605 604 648
f 587 612 581
f 612 579 581
f 555 594 557
f 593 583 584
f 593 584 558
f 557 593 558
f 558 584 560
f 584 567 560
f 520 519 527
f 513 504 502
f 493 496 506
f 479 498 478
f 483 478 498
f 121 480 120
f 314 324 311
f 309 308 316
f 300 298 308
f 290 48 59
f 290 288 2776
f 2776 2777 290
f 290 2777 47
f 290 47 48
f 2776 2778 2777
f 2778 2779 2777
f 2777 2779 47
f 2780 47 2779
f 2780 2779 2781
f 2781 2779 2782
f 2778 2782 2779
f 2781 2782 2783
f 2783 2782 2784
f 245 2784 2782
f 245 2782 2778
f 2783 2784 2785
f 2785 2784 239
f 240 239 2784
f 240 2784 245
f 175 2783 2785
f 2785 239 2786
f 177 2785 2786
f 175 2785 177
f 2786 181 177
f 2786 236 181
f 2786 239 236
f 174 2783 175
f 174 2781 2783
f 2787 2780 2781
f 2787 2781 174
f 2788 2787 173
f 2789 2787 2788
f 2789 2780 2787
f 173 2787 174
f 2788 45 2789
f 2789 45 47
f 2789 47 2780
f 2788 41 45
f 2788 173 40
f 40 41 2788
f 248 245 2778
f 248 2778 2776
f 248 2776 250
f 250 2776 288
f 292 279 280
f 284 292 280
f 250 288 252
f 252 288 253
f 256 254 286
f 254 287 286
f 286 282 266
f 256 286 266
f 254 253 287
f 282 278 264
f 282 264 266
f 278 269 264
f 256 266 258
f 261 233 234
f 234 238 242
f 228 222 223
f 198 226 199
f 226 203 199
f 207 158 206
f 206 156 205
f 206 158 156
f 205 188 204
f 205 156 188
f 204 189 191
f 204 188 189
f 187 186 196
f 156 160 188
f 10 159 2790
f 151 2790 159
f 149 2790 151
f 6 2790 149
f 6 10 2790
f 156 155 160
f 92 107 90
f 92 93 101
f 69 87 68
f 19 75 21
f 22 21 74
f 22 74 64
f 64 74 65
f 64 24 22
f 64 57 24
f 8 35 37
f 8 7 35
f 16 30 12
f 12 30 7
# </faces>
