# Wavefront OBJ file written 2026-08-03T01:34:47
o ensamble_todo_v2_cfd_1

# points : 4055
# faces  : 8106
# zones  : 1
#   0  patch0  (nFaces: 8106)

# <points count="4055">
v 0.472183 3.9064e-17 -0.0316901
v 0.437324 3.9064e-17 -0.0316901
v 0.472183 -0.00521603 -0.0312579
v 0.472183 -0.00353099 -0.0359956
v 0.472183 -0.00704486 -0.0354756
v 0.437324 -0.00521603 -0.0312579
v 0.472183 -0.0102898 -0.0299731
v 0.472183 -0.0104923 -0.034613
v 0.437324 -0.00556068 -0.0360009
v 0.437324 -0.010991 -0.0347301
v 0.437324 -0.0102898 -0.0299731
v 0.469014 -0.00556068 -0.0360009
v 0.469014 3.0722e-17 -0.0364278
v 0.437324 3.0722e-17 -0.0364278
v 0.469014 0.00556068 -0.0360009
v 0.437324 0.00556068 -0.0360009
v 0.437324 0.00521603 -0.0312579
v 0.437324 0.010991 -0.0347301
v 0.469014 0.010991 -0.0347301
v 0.437324 0.0102898 -0.0299731
v 0.469014 0.0161637 -0.0326454
v 0.437324 0.0161637 -0.0326454
v 0.472183 0.00521603 -0.0312579
v 0.472183 0.0102898 -0.0299731
v 0.437324 0.0150828 -0.0278706
v 0.472183 0.0150828 -0.0278706
v 0.437324 0.0194645 -0.025008
v 0.437324 0.0209576 -0.0297954
v 0.469014 0.0209576 -0.0297954
v 0.469014 0.0252602 -0.026247
v 0.437324 0.0252602 -0.026247
v 0.469014 0.0289708 -0.0220835
v 0.437324 0.0233152 -0.0214631
v 0.437324 0.0289708 -0.0220835
v 0.437324 0.0265299 -0.0173329
v 0.437324 0.0320023 -0.0174023
v 0.469014 0.0320023 -0.0174023
v 0.469014 0.0342837 -0.0123132
v 0.437324 0.0342837 -0.0123132
v 0.437324 0.029021 -0.0127298
v 0.472183 0.0265299 -0.0173329
v 0.472183 0.029021 -0.0127298
v 0.437324 0.0307204 -0.00777947
v 0.472183 0.0307204 -0.00777947
v 0.472183 0.0346105 -0.0105005
v 0.472183 0.0334161 -0.0138389
v 0.472183 0.0319012 -0.0170429
v 0.480585 0.0320329 -0.0151504
v 0.472183 0.0300762 -0.0200891
v 0.480585 0.0294663 -0.019682
v 0.472183 0.0279589 -0.0229444
v 0.489194 0.0313127 -0.0148098
v 0.480585 0.0262557 -0.0237967
v 0.489194 0.0288037 -0.0192397
v 0.472183 0.0255781 -0.0255716
v 0.489194 0.0256653 -0.0232617
v 0.489194 0.0238846 -0.0250867
v 0.480585 0.0244339 -0.0256637
v 0.49801 0.0232912 -0.0244635
v 0.489194 0.021981 -0.0267703
v 0.480585 0.0224869 -0.0273858
v 0.480585 0.0182173 -0.0303937
v 0.472183 0.0201006 -0.0300685
v 0.472183 0.0229525 -0.0279523
v 0.472183 0.0194645 -0.025008
v 0.472183 0.0170521 -0.0318963
v 0.472183 0.0138474 -0.0334125
v 0.480585 0.0135664 -0.0327353
v 0.472183 0.0105106 -0.0346075
v 0.489194 0.0132612 -0.0319994
v 0.489194 0.0178077 -0.0297103
v 0.480585 0.00861002 -0.0343731
v 0.489194 0.00841644 -0.0336003
v 0.49801 0.0173653 -0.0289722
v 0.49801 0.0129315 -0.0312045
v 0.507033 0.0168899 -0.0281791
v 0.507033 0.0208476 -0.0253911
v 0.49801 0.0214347 -0.0261055
v 0.507033 0.0226536 -0.0237938
v 0.517048 0.0219121 -0.023015
v 0.517048 0.0201649 -0.0245602
v 0.527291 0.0194349 -0.0236716
v 0.527291 0.0211191 -0.0221821
v 0.517048 0.016337 -0.0272567
v 0.517048 0.0121653 -0.029357
v 0.507033 0.0125772 -0.0303504
v 0.527291 0.0157458 -0.0262703
v 0.517048 0.00772137 -0.0308254
v 0.507033 0.00798267 -0.0318686
v 0.527291 0.0117248 -0.0282947
v 0.537744 0.0151174 -0.0252218
v 0.537744 0.0112567 -0.0271655
v 0.527291 0.00744194 -0.0297099
v 0.517048 0.00311821 -0.0316244
v 0.527291 0.00300519 -0.03048
v 0.537744 0.00714493 -0.0285242
v 0.527291 -0.00150283 -0.0305909
v 0.517048 -0.00155926 -0.0317395
v 0.537744 0.00288508 -0.0292635
v 0.517048 -0.00619163 -0.0311687
v 0.537744 -0.00144285 -0.02937
v 0.527291 -0.00596797 -0.0300407
v 0.537744 -0.00573017 -0.0288417
v 0.527291 -0.0103182 -0.0288374
v 0.517048 -0.0107056 -0.0299202
v 0.537744 -0.00990638 -0.0276865
v 0.527291 -0.0144286 -0.0270162
v 0.517048 -0.0149698 -0.0280309
v 0.517048 -0.01893 -0.0255241
v 0.527291 -0.018245 -0.0246005
v 0.537744 -0.0138532 -0.0259377
v 0.537744 -0.0175168 -0.0236186
v 0.548379 -0.0132454 -0.0247986
v 0.548379 -0.00947141 -0.0264708
v 0.559157 -0.00901482 -0.0251947
v 0.559157 -0.00521518 -0.0262458
v 0.548379 -0.00547895 -0.0275752
v 0.548379 -0.0013795 -0.0280804
v 0.559157 -0.001313 -0.0267267
v 0.559157 0.00262512 -0.0266299
v 0.570024 -0.00124356 -0.0253133
v 0.570024 0.00248615 -0.0252216
v 0.559157 0.0065019 -0.025957
v 0.548379 0.00275824 -0.0279786
v 0.570024 0.00615805 -0.0245843
v 0.570024 0.0097013 -0.0234136
v 0.580915 0.00913774 -0.022054
v 0.580915 0.00580044 -0.0231567
v 0.591745 0.00542926 -0.0216748
v 0.591745 0.00855283 -0.0206428
v 0.580915 0.00234164 -0.023757
v 0.591745 0.00219166 -0.0222367
v 0.580915 -0.00117135 -0.0238433
v 0.570024 -0.00493971 -0.0248578
v 0.591745 -0.00109639 -0.0223175
v 0.580915 -0.00465317 -0.0234142
v 0.570024 -0.00853809 -0.0238624
v 0.591745 -0.0043557 -0.0219158
v 0.580915 -0.00804226 -0.0224766
v 0.559157 -0.0126074 -0.0236029
v 0.570024 -0.0119411 -0.0223545
v 0.548379 -0.0167476 -0.0225816
v 0.559157 -0.0159403 -0.021493
v 0.570024 -0.0165539 -0.0191906
v 0.559157 -0.0174782 -0.0202621
v 0.570024 -0.0150973 -0.0203564
v 0.580915 -0.011248 -0.0210561
v 0.580915 -0.0142206 -0.0191742
v 0.580915 -0.0155926 -0.0180762
v 0.570024 -0.0179168 -0.0179248
v 0.580915 -0.0168766 -0.0168836
v 0.591745 -0.0145948 -0.0169194
v 0.570024 -0.0193254 -0.0163964
v 0.591745 -0.0157969 -0.015803
v 0.580915 -0.0182031 -0.0154442
v 0.580915 -0.0194043 -0.013905
v 0.591745 -0.0170383 -0.0144559
v 0.591745 -0.0181626 -0.0130152
v 0.602519 -0.0168605 -0.0120821
v 0.602519 -0.0177915 -0.0106638
v 0.591745 -0.0191655 -0.0114873
v 0.613004 -0.0163604 -0.00980604
v 0.613004 -0.017107 -0.00843626
v 0.602519 -0.0186034 -0.00917419
v 0.613004 -0.0177392 -0.00701003
v 0.602519 -0.0192909 -0.00762321
v 0.591745 -0.0200401 -0.0098827
v 0.591745 -0.0207807 -0.00821195
v 0.580915 -0.0204758 -0.0122727
v 0.580915 -0.0214102 -0.0105584
v 0.570024 -0.0217381 -0.0130293
v 0.570024 -0.0227302 -0.0112093
v 0.580915 -0.0222014 -0.00877337
v 0.580915 -0.022842 -0.00693683
v 0.570024 -0.0242501 -0.0073651
v 0.570024 -0.0235702 -0.00931427
v 0.559157 -0.0239994 -0.0118352
v 0.559157 -0.0248863 -0.00983434
v 0.559157 -0.0256039 -0.00777696
v 0.548379 -0.0269005 -0.00817151
v 0.559157 -0.0261559 -0.00564913
v 0.548379 -0.0274806 -0.00593525
v 0.548379 -0.0261468 -0.0103324
v 0.537744 -0.0281357 -0.00854747
v 0.537744 -0.0287427 -0.00620782
v 0.527291 -0.0299375 -0.00646588
v 0.537744 -0.0291538 -0.00383817
v 0.548379 -0.0278737 -0.00366965
v 0.548379 -0.0280992 0.000919873
v 0.559157 -0.02653 -0.00349274
v 0.559157 -0.0267446 0.000875529
v 0.559157 -0.0265836 0.0030582
v 0.570024 -0.0253303 0.000829228
v 0.570024 -0.0251778 0.00289647
v 0.580915 -0.0237157 0.00272827
v 0.570024 -0.0248584 0.00493685
v 0.559157 -0.0262465 0.00521193
v 0.580915 -0.0234147 0.00465067
v 0.570024 -0.0243697 0.00695913
v 0.559157 -0.0257304 0.00734771
v 0.570024 -0.0237195 0.00892737
v 0.559157 -0.0250439 0.00942584
v 0.548379 -0.0270336 0.00771986
v 0.548379 -0.0263123 0.00990325
v 0.548379 -0.0275759 0.0054753
v 0.537744 -0.0282751 0.00807439
v 0.537744 -0.0288425 0.00572612
v 0.527291 -0.0294505 0.00841004
v 0.537744 -0.0275207 0.0103581
v 0.548379 -0.025415 0.0120204
v 0.537744 -0.0265822 0.0125724
v 0.527291 -0.0286647 0.0107886
v 0.517048 -0.0305563 0.00872581
v 0.517048 -0.029741 0.0111937
v 0.527291 -0.0276872 0.0130951
v 0.517048 -0.0287268 0.0135867
v 0.537744 -0.0254658 0.0147027
v 0.527291 -0.0265244 0.0153139
v 0.507033 -0.0307475 0.0115725
v 0.507033 -0.0296989 0.0140465
v 0.517048 -0.0275203 0.0158889
v 0.507033 -0.0284517 0.0164266
v 0.517048 -0.0261298 0.0180847
v 0.527291 -0.0251843 0.0174303
v 0.517048 -0.0245726 0.0201498
v 0.537744 -0.0241791 0.0167346
v 0.527291 -0.0236829 0.0194212
v 0.517048 -0.0228349 0.0220996
v 0.537744 -0.0227373 0.0186465
v 0.527291 -0.0220086 0.0212999
v 0.537744 -0.0211302 0.0204498
v 0.537744 -0.0193883 0.0221081
v 0.527291 -0.0201943 0.0230272
v 0.548379 -0.018537 0.0211374
v 0.548379 -0.0167476 0.0225816
v 0.537744 -0.0175168 0.0236186
v 0.548379 -0.0148462 0.0238747
v 0.537744 -0.015528 0.0249711
v 0.527291 -0.018245 0.0246005
v 0.527291 -0.0161735 0.0260092
v 0.517048 -0.0209525 0.0238918
v 0.517048 -0.01893 0.0255241
v 0.507033 -0.0216616 0.0247003
v 0.507033 -0.0195706 0.0263879
v 0.517048 -0.0167808 0.0269857
v 0.527291 -0.013994 0.0272439
v 0.517048 -0.0145194 0.0282668
v 0.507033 -0.0173487 0.027899
v 0.49801 -0.0201214 0.0271306
v 0.49801 -0.017837 0.0286842
v 0.507033 -0.0150107 0.0292234
v 0.49801 -0.0154332 0.030046
v 0.507033 -0.0125903 0.0303449
v 0.49801 -0.0129455 0.0311987
v 0.489194 -0.0182914 0.029415
v 0.489194 -0.0158264 0.0308114
v 0.489194 -0.0132762 0.0319931
v 0.480585 -0.0135824 0.0327286
v 0.480585 -0.0108397 0.0337364
v 0.489194 -0.010596 0.0329779
v 0.489194 -0.00786556 0.0337335
v 0.49801 -0.0103328 0.0321586
v 0.49801 -0.00767015 0.0328955
v 0.49801 -0.00495624 0.0334123
v 0.507033 -0.00746018 0.031995
v 0.507033 -0.00482056 0.0324976
v 0.517048 -0.00466277 0.0314338
v 0.517048 -0.00207837 0.0317097
v 0.507033 -0.0021487 0.0327828
v 0.527291 -0.00200315 0.0305622
v 0.517048 0.00309277 0.0316269
v 0.507033 0.00319623 0.0326973
v 0.507033 0.00588127 0.0323225
v 0.49801 0.00604681 0.0332322
v 0.49801 0.00328504 0.0336177
v 0.489194 0.00620086 0.0340788
v 0.49801 -0.00220918 0.0337055
v 0.489194 0.00336756 0.0344743
v 0.480585 0.00344381 0.0352673
v 0.480585 0.00634348 0.0348627
v 0.489194 -0.00226546 0.0345642
v 0.472183 0.00351384 0.0359972
v 0.472183 0.00703073 0.0354784
v 0.480585 0.00917127 0.0342277
v 0.489194 0.00896507 0.0334581
v 0.472183 3.51831e-17 0.0316901
v 0.472183 0.00521603 0.0312579
v 0.472183 -2.76384e-05 0.0361683
v 0.472183 0.0104756 0.0346181
v 0.472183 0.0102898 0.0299731
v 0.437324 0.00521603 0.0312579
v 0.437324 3.51831e-17 0.0316901
v 0.437324 0.0102898 0.0299731
v 0.437324 0.00278852 0.0363209
v 0.437324 0.00830021 0.0354696
v 0.469014 0.00278852 0.0363209
v 0.469014 -0.00278852 0.0363209
v 0.437324 -0.00278852 0.0363209
v 0.469014 -0.00830021 0.0354696
v 0.437324 -0.00830021 0.0354696
v 0.437324 -0.00521603 0.0312579
v 0.472183 -0.00521603 0.0312579
v 0.437324 -0.0102898 0.0299731
v 0.472183 -0.0102898 0.0299731
v 0.437324 -0.0150828 0.0278706
v 0.437324 -0.0136173 0.0337869
v 0.469014 -0.0136173 0.0337869
v 0.469014 -0.0186153 0.0313122
v 0.437324 -0.0186153 0.0313122
v 0.469014 -0.0231769 0.0281037
v 0.437324 -0.0194645 0.025008
v 0.437324 -0.0231769 0.0281037
v 0.437324 -0.0233152 0.0214631
v 0.437324 -0.0271953 0.0242364
v 0.469014 -0.0271953 0.0242364
v 0.437324 -0.0265299 0.0173329
v 0.437324 -0.0305762 0.019801
v 0.469014 -0.0305762 0.019801
v 0.469014 -0.0332405 0.0149015
v 0.437324 -0.0332405 0.0149015
v 0.437324 -0.029021 0.0127298
v 0.469014 -0.0351257 0.0096527
v 0.437324 -0.0351257 0.0096527
v 0.472183 -0.029021 0.0127298
v 0.472183 -0.0265299 0.0173329
v 0.437324 -0.0307204 0.00777947
v 0.472183 -0.0307204 0.00777947
v 0.437324 -0.0315819 0.00261695
v 0.437324 -0.0361875 0.00417767
v 0.469014 -0.0361875 0.00417767
v 0.437324 -0.0364011 -0.00139528
v 0.469014 -0.0364011 -0.00139528
v 0.469014 -0.0357615 -0.00693553
v 0.437324 -0.0357615 -0.00693553
v 0.437324 -0.0315819 -0.00261695
v 0.472183 -0.0315819 -0.00261695
v 0.472183 -0.0315819 0.00261695
v 0.437324 -0.0307204 -0.00777947
v 0.472183 -0.0361683 -1.8426e-05
v 0.472183 -0.0359964 0.00352234
v 0.472183 -0.035477 0.00703789
v 0.480585 -0.0352029 0.00404977
v 0.472183 -0.0346155 0.010484
v 0.480585 -0.034073 0.00973007
v 0.480585 -0.0347576 0.00689591
v 0.489194 -0.033976 0.00674155
v 0.480585 -0.0331639 0.012482
v 0.489194 -0.0333069 0.00951131
v 0.489194 -0.0324183 0.0122014
v 0.49801 -0.0305348 0.0144419
v 0.49801 -0.0316129 0.0118983
v 0.489194 -0.0313127 0.0148098
v 0.49801 -0.0292525 0.0168889
v 0.489194 -0.0299977 0.0173192
v 0.480585 -0.0320329 0.0151504
v 0.480585 -0.0306877 0.0177175
v 0.489194 -0.028482 0.0197127
v 0.49801 -0.0277745 0.019223
v 0.507033 -0.0270141 0.0186967
v 0.49801 -0.02612 0.021417
v 0.489194 -0.0267859 0.0219621
v 0.489194 -0.0248905 0.024089
v 0.480585 -0.0274024 0.0224667
v 0.480585 -0.025463 0.0246431
v 0.49801 -0.0242721 0.0234906
v 0.49801 -0.0222713 0.0253955
v 0.489194 -0.0228387 0.0260425
v 0.489194 -0.0206341 0.0278218
v 0.480585 -0.023364 0.0266415
v 0.472183 -0.022966 0.0279413
v 0.480585 -0.0211086 0.0284617
v 0.472183 -0.0255912 0.0255586
v 0.472183 -0.0194645 0.025008
v 0.472183 -0.0201125 0.0300606
v 0.472183 -0.0150828 0.0278706
v 0.472183 -0.0170674 0.0318881
v 0.480585 -0.0187121 0.0300915
v 0.480585 -0.0161904 0.0315201
v 0.472183 -0.0138644 0.0334055
v 0.472183 -0.0105272 0.0346024
v 0.472183 -0.00707964 0.0354687
v 0.480585 -0.00804646 0.0345094
v 0.480585 -0.0051994 0.0350515
v 0.489194 -0.00508251 0.0342635
v 0.472183 -0.00356737 0.035992
v 0.480585 -0.00231756 0.0353592
v 0.472183 -0.0233152 0.0214631
v 0.472183 -0.0279699 0.0229311
v 0.472183 -0.0300842 0.0200771
v 0.480585 -0.0291371 0.0201661
v 0.472183 -0.0319094 0.0170276
v 0.472183 -0.0334231 0.0138219
v 0.507033 -0.0236077 0.0228475
v 0.507033 -0.0254046 0.0208312
v 0.49801 -0.0324795 0.00927502
v 0.507033 -0.0322247 0.0063954
v 0.49801 -0.0331318 0.00657474
v 0.507033 -0.0315904 0.00902111
v 0.517048 -0.0311697 0.00618674
v 0.527291 -0.0300416 0.0059635
v 0.527291 -0.0304271 0.00350036
v 0.517048 -0.0315695 0.00363178
v 0.527291 -0.0306114 0.00100211
v 0.517048 -0.0317608 0.00103974
v 0.537744 -0.0292127 0.00336065
v 0.517048 -0.0315059 -0.00414783
v 0.507033 -0.0325721 -0.0042882
v 0.507033 -0.0328356 0.00107493
v 0.507033 -0.0326379 0.00375469
v 0.49801 -0.0337598 0.00110518
v 0.49801 -0.0334889 -0.0044089
v 0.49801 -0.0335565 0.00386037
v 0.489194 -0.0346198 0.00113334
v 0.489194 -0.0344114 0.00395872
v 0.480585 -0.0354161 0.0011594
v 0.480585 -0.0351319 -0.0046252
v 0.489194 -0.0343421 -0.00452122
v 0.480585 -0.0346364 -0.00748075
v 0.472183 -0.0354701 -0.00707254
v 0.472183 -0.0359928 -0.00355863
v 0.472183 -0.0307204 -0.00777947
v 0.472183 -0.0346049 -0.0105189
v 0.472183 -0.029021 -0.0127298
v 0.472183 -0.033409 -0.0138559
v 0.480585 -0.0329552 -0.013023
v 0.480585 -0.0339036 -0.0103049
v 0.489194 -0.0331416 -0.0100725
v 0.489194 -0.0322143 -0.0127302
v 0.489194 -0.0310662 -0.0153202
v 0.49801 -0.031414 -0.0124139
v 0.480585 -0.0317808 -0.0156725
v 0.472183 -0.0318923 -0.0170597
v 0.480585 -0.0303937 -0.0182173
v 0.472183 -0.0300645 -0.0201065
v 0.480585 -0.0288033 -0.0206401
v 0.489194 -0.0297103 -0.0178077
v 0.489194 -0.0281557 -0.0201761
v 0.49801 -0.0289722 -0.0173653
v 0.49801 -0.0302944 -0.0149396
v 0.507033 -0.030554 -0.0120741
v 0.507033 -0.0294651 -0.0145306
v 0.507033 -0.0281791 -0.0168899
v 0.517048 -0.0285006 -0.0140549
v 0.517048 -0.0295539 -0.0116788
v 0.527291 -0.0284844 -0.0112562
v 0.517048 -0.0304052 -0.00923854
v 0.507033 -0.0314339 -0.00955196
v 0.507033 -0.0321127 -0.00693568
v 0.49801 -0.0323184 -0.00982154
v 0.49801 -0.0330166 -0.0071309
v 0.517048 -0.0310616 -0.00670865
v 0.527291 -0.0303658 -0.00399773
v 0.527291 -0.0293051 -0.0089035
v 0.537744 -0.0293897 0.000962118
v 0.548379 -0.0279301 0.00321309
v 0.537744 -0.0273475 -0.010807
v 0.537744 -0.0263729 -0.0130057
v 0.527291 -0.0274692 -0.0135463
v 0.517048 -0.0272567 -0.016337
v 0.527291 -0.0262703 -0.0157458
v 0.537744 -0.0252218 -0.0151174
v 0.527291 -0.0248957 -0.01784
v 0.517048 -0.0258304 -0.0185098
v 0.517048 -0.0242314 -0.0205588
v 0.527291 -0.0233545 -0.0198148
v 0.537744 -0.0239021 -0.017128
v 0.548379 -0.0241144 -0.0144536
v 0.548379 -0.0228526 -0.0163759
v 0.537744 -0.0224224 -0.019024
v 0.548379 -0.0214379 -0.0181887
v 0.559157 -0.0217509 -0.0155865
v 0.559157 -0.0229519 -0.0137569
v 0.570024 -0.0206007 -0.0147622
v 0.559157 -0.0204044 -0.0173119
v 0.559157 -0.0189169 -0.018926
v 0.548379 -0.0198747 -0.0198849
v 0.548379 -0.0183635 -0.0212884
v 0.537744 -0.0207871 -0.0207984
v 0.527291 -0.0216508 -0.0216634
v 0.537744 -0.0192068 -0.022266
v 0.527291 -0.0200052 -0.0231916
v 0.517048 -0.0207564 -0.0240624
v 0.517048 -0.0224634 -0.0224771
v 0.507033 -0.0232232 -0.0232382
v 0.507033 -0.0250514 -0.0212546
v 0.49801 -0.0257565 -0.0218528
v 0.507033 -0.0267046 -0.0191362
v 0.49801 -0.0274562 -0.0196749
v 0.489194 -0.0264127 -0.0224095
v 0.49801 -0.0238765 -0.0238926
v 0.489194 -0.0244844 -0.0245017
v 0.480585 -0.0270202 -0.0229249
v 0.49801 -0.0220628 -0.0255769
v 0.507033 -0.0214588 -0.0248767
v 0.49801 -0.0201214 -0.0271306
v 0.507033 -0.0195706 -0.0263879
v 0.507033 -0.0154758 -0.0289798
v 0.507033 -0.0110679 -0.0309327
v 0.49801 -0.0159109 -0.0297958
v 0.49801 -0.0113794 -0.0318033
v 0.507033 -0.00640073 -0.0322236
v 0.489194 -0.0116693 -0.0326136
v 0.489194 -0.0163157 -0.0305551
v 0.49801 -0.00658048 -0.0331307
v 0.480585 -0.0166904 -0.0312582
v 0.480585 -0.0211086 -0.0284617
v 0.489194 -0.0206341 -0.0278218
v 0.489194 -0.0226249 -0.0262285
v 0.480585 -0.0231452 -0.0268318
v 0.480585 -0.0250472 -0.0250656
v 0.472183 -0.0255651 -0.0255846
v 0.472183 -0.0194645 -0.025008
v 0.472183 -0.0233152 -0.0214631
v 0.472183 -0.0229378 -0.0279644
v 0.472183 -0.0279467 -0.0229593
v 0.472183 -0.0265299 -0.0173329
v 0.437324 -0.0233152 -0.0214631
v 0.437324 -0.0265299 -0.0173329
v 0.437324 -0.0289708 -0.0220835
v 0.437324 -0.0320023 -0.0174023
v 0.437324 -0.029021 -0.0127298
v 0.469014 -0.0289708 -0.0220835
v 0.469014 -0.0252602 -0.026247
v 0.437324 -0.0252602 -0.026247
v 0.437324 -0.0194645 -0.025008
v 0.469014 -0.0209576 -0.0297954
v 0.437324 -0.0209576 -0.0297954
v 0.437324 -0.0150828 -0.0278706
v 0.472183 -0.0150828 -0.0278706
v 0.437324 -0.0161637 -0.0326454
v 0.469014 -0.0161637 -0.0326454
v 0.469014 -0.010991 -0.0347301
v 0.469014 -0.00719512 -0.0389537
v 0.469014 -0.0127902 -0.037491
v 0.469014 -0.00144674 -0.0395862
v 0.477851 -0.00758119 -0.0381132
v 0.477851 -0.00190677 -0.0388131
v 0.48692 -0.00186634 -0.0379902
v 0.477851 0.00380894 -0.0386728
v 0.48692 0.00372818 -0.0378529
v 0.469014 0.00433249 -0.039375
v 0.477851 0.00944219 -0.0376953
v 0.48692 0.009242 -0.0368961
v 0.48692 0.0119312 -0.0361163
v 0.477851 0.0121896 -0.0368986
v 0.469014 0.0100194 -0.0383246
v 0.469014 0.0154927 -0.0364574
v 0.469014 0.0206358 -0.0338131
v 0.477851 0.0174719 -0.0347106
v 0.477851 0.014871 -0.0359019
v 0.48692 0.0171014 -0.0339747
v 0.48692 0.0195544 -0.0326246
v 0.477851 0.019978 -0.0333312
v 0.48692 0.0219015 -0.0310977
v 0.494459 0.0214857 -0.0305073
v 0.494459 0.0191832 -0.0320053
v 0.502151 0.0210426 -0.0298782
v 0.502151 0.0187876 -0.0313452
v 0.494459 0.0167768 -0.0333297
v 0.502151 0.0164308 -0.0326423
v 0.494459 0.0142794 -0.0344736
v 0.48692 0.0145558 -0.0351407
v 0.502151 0.0139849 -0.0337626
v 0.494459 0.0117047 -0.0354307
v 0.502151 0.0114633 -0.0346999
v 0.494459 0.00906655 -0.0361957
v 0.502151 0.00887957 -0.0354492
v 0.494459 0.00365741 -0.0371343
v 0.502151 0.00358198 -0.0363684
v 0.494459 -0.00183091 -0.037269
v 0.502151 -0.00179315 -0.0365004
v 0.494459 -0.00727959 -0.036597
v 0.48692 -0.00742046 -0.0373052
v 0.477851 -0.0130915 -0.0365883
v 0.48692 -0.012814 -0.0358126
v 0.477851 -0.0157476 -0.0355261
v 0.48692 -0.0154138 -0.0347729
v 0.494459 -0.0125707 -0.0351327
v 0.502151 -0.00712946 -0.0358422
v 0.502151 -0.0123114 -0.0344082
v 0.494459 -0.0151212 -0.0341128
v 0.502151 -0.0148093 -0.0334093
v 0.494459 -0.0175897 -0.032908
v 0.48692 -0.0179301 -0.0335448
v 0.477851 -0.02079 -0.0328309
v 0.477851 -0.0183184 -0.0342714
v 0.48692 -0.0203492 -0.0321349
v 0.469014 -0.0181126 -0.0352292
v 0.469014 -0.023049 -0.0322166
v 0.469014 -0.0274941 -0.0285173
v 0.477851 -0.0253822 -0.0294251
v 0.477851 -0.0231488 -0.0312126
v 0.48692 -0.022658 -0.0305508
v 0.48692 -0.0248441 -0.0288012
v 0.494459 -0.0222279 -0.0299709
v 0.494459 -0.0199629 -0.0315248
v 0.502151 -0.0195512 -0.0308747
v 0.502151 -0.0217695 -0.0293527
v 0.494459 -0.0243725 -0.0282545
v 0.502151 -0.0238698 -0.0276717
v 0.494459 -0.026385 -0.026385
v 0.48692 -0.0268955 -0.0268955
v 0.48692 -0.0290035 -0.0246076
v 0.477851 -0.0296317 -0.0251407
v 0.477851 -0.0274781 -0.0274781
v 0.477851 -0.0315871 -0.022635
v 0.469014 -0.0313533 -0.0242102
v 0.469014 -0.0345442 -0.0193872
v 0.469014 -0.0320023 -0.0174023
v 0.477851 -0.0348524 -0.0171873
v 0.469014 -0.0369989 -0.0141509
v 0.477851 -0.0333312 -0.019978
v 0.469014 -0.0342837 -0.0123132
v 0.437324 -0.0342837 -0.0123132
v 0.469014 -0.038665 -0.00861299
v 0.477851 -0.0385274 -0.00507224
v 0.469014 -0.039507 -0.00289154
v 0.477851 -0.0371866 -0.0112804
v 0.477851 -0.0379841 -0.00820377
v 0.48692 -0.0363982 -0.0110413
v 0.48692 -0.0353742 -0.0139788
v 0.477851 -0.0361404 -0.0142816
v 0.48692 -0.0341135 -0.0168229
v 0.48692 -0.0326246 -0.0195544
v 0.494459 -0.0320053 -0.0191832
v 0.494459 -0.0334659 -0.0165035
v 0.48692 -0.0309175 -0.0221551
v 0.494459 -0.0303305 -0.0217346
v 0.494459 -0.0284529 -0.0241405
v 0.502151 -0.0278661 -0.0236426
v 0.502151 -0.029705 -0.0212863
v 0.502151 -0.0313452 -0.0187876
v 0.517987 -0.0283379 -0.0203067
v 0.517987 -0.0265837 -0.0225546
v 0.517987 -0.0299026 -0.0179229
v 0.534392 -0.0251584 -0.0213453
v 0.534392 -0.0268186 -0.0192179
v 0.534392 -0.0282994 -0.016962
v 0.551279 -0.0235985 -0.0200219
v 0.551279 -0.0251558 -0.0180264
v 0.551279 -0.0265448 -0.0159103
v 0.585797 -0.0201249 -0.0170747
v 0.585797 -0.0214529 -0.0153729
v 0.585797 -0.0226375 -0.0135684
v 0.602859 -0.0182216 -0.0154599
v 0.602859 -0.0194241 -0.0139191
v 0.602859 -0.0204966 -0.0122852
v 0.611164 -0.0172234 -0.014613
v 0.611164 -0.01836 -0.0131566
v 0.611164 -0.0193737 -0.0116122
v 0.619232 -0.0161885 -0.0137349
v 0.619232 -0.0172568 -0.012366
v 0.619232 -0.0182096 -0.0109144
v 0.626406 -0.015196 -0.0128928
v 0.626406 -0.0161987 -0.0116079
v 0.626406 -0.0170932 -0.0102453
v 0.633257 -0.0141632 -0.0120166
v 0.633257 -0.0150978 -0.0108189
v 0.633257 -0.0159314 -0.00954894
v 0.639728 -0.0130864 -0.011103
v 0.639728 -0.01395 -0.00999643
v 0.639728 -0.0147203 -0.00882299
v 0.645763 -0.0119632 -0.01015
v 0.645763 -0.0127527 -0.00913842
v 0.645763 -0.0134568 -0.0080657
v 0.649518 -0.0111881 -0.00949243
v 0.649518 -0.0119264 -0.00854637
v 0.649518 -0.010375 -0.010375
v 0.653044 -0.00963713 -0.00963713
v 0.653044 -0.0103925 -0.00881734
v 0.656328 -0.00888107 -0.00888107
v 0.656328 -0.00957713 -0.00812559
v 0.653044 -0.0110783 -0.00793857
v 0.656328 -0.0102091 -0.00731576
v 0.649518 -0.012585 -0.00754314
v 0.653044 -0.0116899 -0.00700669
v 0.65936 -0.00874383 -0.00741858
v 0.65936 -0.00932083 -0.00667922
v 0.656328 -0.0107728 -0.00645699
v 0.65936 -0.00983549 -0.00589517
v 0.656328 -0.0112645 -0.00555502
v 0.653044 -0.0122234 -0.00602794
v 0.653044 -0.0126752 -0.00500886
v 0.649518 -0.0131593 -0.00648945
v 0.649518 -0.0136456 -0.00539236
v 0.649518 -0.0140406 -0.00425918
v 0.645763 -0.0145909 -0.00576591
v 0.645763 -0.0150133 -0.00455424
v 0.653044 -0.0130421 -0.00395628
v 0.649518 -0.0143418 -0.00309752
v 0.645763 -0.0153353 -0.0033121
v 0.653044 -0.0133218 -0.00287723
v 0.649518 -0.0145469 -0.00191514
v 0.645763 -0.0155547 -0.00204781
v 0.649518 -0.0146548 -0.000719943
v 0.645763 -0.01567 -0.000769817
v 0.653044 -0.0135124 -0.00177894
v 0.639728 -0.0171412 -0.000842095
v 0.639728 -0.0171527 0.000561522
v 0.645763 -0.0156805 0.000513326
v 0.633257 -0.0184523 0.00212277
v 0.639728 -0.0170495 0.00196138
v 0.633257 -0.0185641 0.000607724
v 0.633257 -0.0182171 0.00362361
v 0.645763 -0.0155861 0.00179303
v 0.639728 -0.0168322 0.00334812
v 0.626406 -0.0195455 0.00388784
v 0.626406 -0.0191624 0.00547211
v 0.633257 -0.01786 0.00510021
v 0.619232 -0.020414 0.00582953
v 0.619232 -0.0198693 0.00747829
v 0.626406 -0.0186511 0.00701978
v 0.611164 -0.0211395 0.00795636
v 0.611164 -0.0204186 0.0096573
v 0.619232 -0.0191918 0.00907702
v 0.602859 -0.0216021 0.010217
v 0.602859 -0.0206949 0.0119482
v 0.611164 -0.0195611 0.0112936
v 0.585797 -0.0228564 0.0131962
v 0.585797 -0.0217016 0.0150199
v 0.602859 -0.0196492 0.0135994
v 0.551279 -0.0254474 0.0176124
v 0.551279 -0.023923 0.0196331
v 0.585797 -0.0204016 0.0167431
v 0.534392 -0.0237085 0.022945
v 0.551279 -0.0222385 0.0215224
v 0.534392 -0.0255043 0.0209308
v 0.534392 -0.0217541 0.0248058
v 0.585797 -0.018965 0.0183544
v 0.551279 -0.0204053 0.0232678
v 0.517987 -0.0229865 0.0262111
v 0.517987 -0.0207676 0.0280019
v 0.534392 -0.0196542 0.0265006
v 0.502151 -0.0192979 0.0310336
v 0.517987 -0.0184098 0.0296054
v 0.502151 -0.0217695 0.0293527
v 0.502151 -0.0240954 0.0274755
v 0.494459 -0.0222279 0.0299709
v 0.494459 -0.0197043 0.0316871
v 0.48692 -0.0200856 0.0323003
v 0.494459 -0.0170601 0.0331856
v 0.48692 -0.0173907 0.0338276
v 0.477851 -0.0177679 0.03456
v 0.48692 -0.022658 0.0305508
v 0.477851 -0.0205207 0.0329999
v 0.477851 -0.0231488 0.0312126
v 0.48692 -0.0250789 0.028597
v 0.494459 -0.0246028 0.0280541
v 0.477851 -0.0256221 0.0292164
v 0.494459 -0.0268131 0.0259497
v 0.48692 -0.027332 0.0264519
v 0.494459 -0.0288441 0.0236717
v 0.477851 -0.027924 0.0270248
v 0.48692 -0.0294023 0.0241298
v 0.494459 -0.0306821 0.0212354
v 0.502151 -0.0300493 0.0207974
v 0.502151 -0.0282492 0.0231835
v 0.502151 -0.0262601 0.0254145
v 0.517987 -0.0269491 0.0221166
v 0.517987 -0.0286664 0.0198403
v 0.517987 -0.0250516 0.0242449
v 0.534392 -0.0271295 0.0187766
v 0.534392 -0.0285732 0.0164967
v 0.551279 -0.0268016 0.0154739
v 0.551279 -0.0279765 0.0132319
v 0.585797 -0.0238584 0.0112842
v 0.585797 -0.0247007 0.0092967
v 0.602859 -0.0223648 0.0084175
v 0.602859 -0.0229779 0.00656168
v 0.611164 -0.021719 0.0062022
v 0.611164 -0.0221533 0.00440656
v 0.619232 -0.0208221 0.00414178
v 0.619232 -0.021091 0.00242632
v 0.626406 -0.0197978 0.00227756
v 0.626406 -0.0199177 0.000652039
v 0.619232 -0.0212187 0.000694628
v 0.626406 -0.0199044 -0.000977841
v 0.633257 -0.0185516 -0.000911383
v 0.633257 -0.0184151 -0.00242439
v 0.639728 -0.0170151 -0.00224008
v 0.639728 -0.0167751 -0.00362308
v 0.639728 -0.0164229 -0.00498184
v 0.633257 -0.0181554 -0.00392118
v 0.633257 -0.0177742 -0.00539175
v 0.626406 -0.0194793 -0.00420712
v 0.626406 -0.0197579 -0.00260118
v 0.619232 -0.0210484 -0.00277108
v 0.619232 -0.0212045 -0.00104171
v 0.611164 -0.0225601 -0.0011083
v 0.611164 -0.0225752 0.000739034
v 0.602859 -0.0237398 0.00273105
v 0.611164 -0.0224393 0.00258143
v 0.602859 -0.0238836 0.000781868
v 0.602859 -0.0234372 0.00466195
v 0.585797 -0.0258852 0.00514889
v 0.585797 -0.0253779 0.00724703
v 0.551279 -0.0297582 0.00849791
v 0.551279 -0.0289642 0.0109014
v 0.534392 -0.0308788 0.0116219
v 0.534392 -0.0298257 0.0141065
v 0.517987 -0.0315154 0.0149057
v 0.517987 -0.0301919 0.0174313
v 0.502151 -0.0316484 0.0182722
v 0.502151 -0.0330358 0.0156247
v 0.494459 -0.0323148 0.018657
v 0.48692 -0.0329402 0.019018
v 0.494459 -0.0337314 0.0159538
v 0.48692 -0.0312758 0.0216463
v 0.477851 -0.0319533 0.0221152
v 0.477851 -0.0336537 0.01943
v 0.48692 -0.0343842 0.0162625
v 0.494459 -0.0349224 0.0131438
v 0.477851 -0.0351289 0.0166148
v 0.48692 -0.0355981 0.0133982
v 0.494459 -0.0358797 0.010246
v 0.502151 -0.0351397 0.0100347
v 0.502151 -0.0342021 0.0128728
v 0.517987 -0.0326281 0.0122803
v 0.517987 -0.0335225 0.00957287
v 0.534392 -0.0317252 0.00905962
v 0.534392 -0.0323595 0.0064367
v 0.551279 -0.0303531 0.00603761
v 0.551279 -0.030745 0.00353693
v 0.585797 -0.0262194 0.0030163
v 0.585797 -0.0263782 0.000863533
v 0.551279 -0.0309312 0.00101258
v 0.585797 -0.0263605 -0.00129501
v 0.602859 -0.0238676 -0.00117254
v 0.602859 -0.0236919 -0.0031191
v 0.611164 -0.022394 -0.00294823
v 0.611164 -0.0220782 -0.00476843
v 0.619232 -0.0207516 -0.00448191
v 0.619232 -0.0203159 -0.00616276
v 0.626406 -0.0190703 -0.00578491
v 0.626406 -0.0185338 -0.00732401
v 0.633257 -0.0172741 -0.00682624
v 0.633257 -0.0166585 -0.00821507
v 0.639728 -0.0153921 -0.00759052
v 0.639728 -0.0159609 -0.00630728
v 0.645763 -0.0140709 -0.00693901
v 0.626406 -0.0178732 -0.00881411
v 0.619232 -0.0190407 -0.00938982
v 0.619232 -0.0197443 -0.00780239
v 0.611164 -0.0210065 -0.00830118
v 0.611164 -0.0216147 -0.00655674
v 0.602859 -0.0228674 -0.00693675
v 0.602859 -0.0233578 -0.0050448
v 0.585797 -0.0257975 -0.00557173
v 0.585797 -0.0261665 -0.00344489
v 0.551279 -0.030683 -0.0040395
v 0.551279 -0.0309105 -0.00151854
v 0.534392 -0.0329537 -0.00161891
v 0.534392 -0.0329758 0.00107951
v 0.517987 -0.0346342 0.00398434
v 0.534392 -0.0327773 0.00377072
v 0.517987 -0.0348439 0.00114067
v 0.517987 -0.0341927 0.00680135
v 0.502151 -0.0358422 0.00712946
v 0.502151 -0.036305 0.00417655
v 0.494459 -0.036597 0.00727959
v 0.494459 -0.0370695 0.0042645
v 0.48692 -0.0373052 0.00742046
v 0.48692 -0.036574 0.0104443
v 0.477851 -0.0373662 0.0106705
v 0.477851 -0.0381132 0.00758119
v 0.48692 -0.0377868 0.00434702
v 0.477851 -0.0386053 0.00444118
v 0.494459 -0.037294 0.00122088
v 0.48692 -0.0380157 0.0012445
v 0.494459 -0.037269 -0.00183091
v 0.502151 -0.0365004 -0.00179315
v 0.502151 -0.0365248 0.0011957
v 0.517987 -0.0348206 -0.00171063
v 0.517987 -0.0345643 -0.00455048
v 0.534392 -0.0327112 -0.00430651
v 0.534392 -0.0322498 -0.0069653
v 0.551279 -0.0302503 -0.00653344
v 0.551279 -0.0296152 -0.00898367
v 0.585797 -0.0252559 -0.00766129
v 0.585797 -0.0245453 -0.0096996
v 0.602859 -0.0222241 -0.0087823
v 0.602859 -0.021432 -0.0105691
v 0.611164 -0.0202579 -0.00999009
v 0.585797 -0.0236706 -0.011673
v 0.551279 -0.0277562 -0.0136879
v 0.551279 -0.028782 -0.0113738
v 0.534392 -0.0306845 -0.0121256
v 0.534392 -0.0315728 -0.00957749
v 0.517987 -0.0333614 -0.0101201
v 0.517987 -0.0340768 -0.00735989
v 0.502151 -0.0357208 -0.00771495
v 0.502151 -0.0362318 -0.00477
v 0.494459 -0.0369947 -0.00487045
v 0.48692 -0.0377106 -0.0049647
v 0.494459 -0.036473 -0.00787741
v 0.48692 -0.0379902 -0.00186634
v 0.48692 -0.0371788 -0.00802985
v 0.477851 -0.0388131 -0.00190677
v 0.477851 -0.0388391 0.00127146
v 0.469014 -0.039507 0.00289154
v 0.469014 -0.038665 0.00861299
v 0.469014 -0.0369989 0.0141509
v 0.469014 -0.0345442 0.0193872
v 0.477851 -0.0363692 0.0136884
v 0.469014 -0.0313533 0.0242102
v 0.469014 -0.0274941 0.0285173
v 0.477851 -0.0300391 0.0246525
v 0.469014 -0.023049 0.0322166
v 0.469014 -0.0181126 0.0352292
v 0.469014 -0.0127902 0.037491
v 0.477851 -0.014871 0.0359019
v 0.477851 -0.0118874 0.0369971
v 0.48692 -0.0145558 0.0351407
v 0.494459 -0.0142794 0.0344736
v 0.48692 -0.0116353 0.0362127
v 0.477851 -0.00882416 0.0378448
v 0.48692 -0.00863708 0.0370424
v 0.494459 -0.0114145 0.0355252
v 0.502151 -0.0139849 0.0337626
v 0.502151 -0.011179 0.0347926
v 0.494459 -0.00847312 0.0363392
v 0.502151 -0.00829837 0.0355898
v 0.494459 -0.0054751 0.0369101
v 0.48692 -0.00558105 0.0376244
v 0.48692 -0.00248768 0.0379546
v 0.477851 -0.00254156 0.0387767
v 0.477851 -0.00570193 0.0384393
v 0.469014 -0.00719512 0.0389537
v 0.469014 -0.00144674 0.0395862
v 0.469014 0.00433249 0.039375
v 0.477851 0.000635815 0.0388547
v 0.477851 0.00380894 0.0386728
v 0.48692 0.000622335 0.0380309
v 0.48692 0.00372818 0.0378529
v 0.494459 0.000610521 0.037309
v 0.494459 -0.00244045 0.0372341
v 0.502151 -0.00239012 0.0364662
v 0.502151 0.00059793 0.0365395
v 0.494459 0.00365741 0.0371343
v 0.502151 0.00358198 0.0363684
v 0.494459 0.00667983 0.0367112
v 0.48692 0.00680909 0.0374216
v 0.477851 0.00695658 0.0382322
v 0.477851 0.0100577 0.0375358
v 0.48692 0.00984445 0.03674
v 0.477851 0.0130915 0.0365883
v 0.469014 0.0100194 0.0383246
v 0.469014 0.00830021 0.0354696
v 0.469014 0.0136173 0.0337869
v 0.469014 0.0154927 0.0364574
v 0.469014 0.0186153 0.0313122
v 0.437324 0.0186153 0.0313122
v 0.437324 0.0136173 0.0337869
v 0.437324 0.0150828 0.0278706
v 0.472183 0.0150828 0.0278706
v 0.472183 0.0194645 0.025008
v 0.437324 0.0194645 0.025008
v 0.472183 0.0138134 0.0334266
v 0.472183 0.0170201 0.0319134
v 0.472183 0.020071 0.0300883
v 0.480585 0.0172131 0.0309735
v 0.472183 0.0229242 0.0279755
v 0.480585 0.0220286 0.0277558
v 0.480585 0.019665 0.0294777
v 0.489194 0.0192237 0.0288144
v 0.489194 0.0215333 0.0271318
v 0.489194 0.0236785 0.0252813
v 0.480585 0.0242231 0.0258628
v 0.49801 0.0230903 0.0246532
v 0.489194 0.0256653 0.0232617
v 0.49801 0.0250277 0.0226838
v 0.507033 0.0243426 0.0220628
v 0.49801 0.0209984 0.0264578
v 0.507033 0.0224582 0.0239784
v 0.49801 0.018747 0.028098
v 0.507033 0.0182346 0.0273282
v 0.507033 0.0204235 0.0257335
v 0.517048 0.0176386 0.0264331
v 0.517048 0.019755 0.0248911
v 0.517048 0.021723 0.0231934
v 0.527291 0.0209369 0.0223541
v 0.517048 0.0235458 0.0213406
v 0.527291 0.0226937 0.0205684
v 0.527291 0.0242987 0.018645
v 0.537744 0.021788 0.0197475
v 0.537744 0.0233289 0.0179009
v 0.537744 0.0247137 0.0159345
v 0.548379 0.0236286 0.0152349
v 0.548379 0.0223045 0.0171149
v 0.537744 0.0259269 0.0138735
v 0.548379 0.0247888 0.0132637
v 0.559157 0.0224895 0.0145005
v 0.537744 0.0269793 0.011696
v 0.559157 0.0235942 0.0126236
v 0.548379 0.0257947 0.0111824
v 0.559157 0.0253389 0.00860139
v 0.548379 0.0266222 0.00903703
v 0.559157 0.0245512 0.0106433
v 0.559157 0.025957 0.0065019
v 0.570024 0.0239989 0.00814652
v 0.570024 0.0245843 0.00615805
v 0.580915 0.0231567 0.00580044
v 0.580915 0.0226052 0.00767343
v 0.570024 0.0232528 0.0100805
v 0.580915 0.0219025 0.00949508
v 0.580915 0.0210494 0.0112606
v 0.570024 0.0223468 0.0119554
v 0.580915 0.0200633 0.0129361
v 0.570024 0.0213002 0.0137336
v 0.559157 0.0212293 0.0162898
v 0.570024 0.0201066 0.0154284
v 0.559157 0.0198271 0.0179702
v 0.570024 0.0187786 0.0170199
v 0.580915 0.018939 0.0145324
v 0.559157 0.0182922 0.0195304
v 0.570024 0.0173249 0.0184976
v 0.580915 0.017688 0.0160315
v 0.580915 0.0163188 0.0174234
v 0.591745 0.0177271 0.0136024
v 0.591745 0.0165562 0.0150056
v 0.591745 0.0187794 0.0121083
v 0.602519 0.017433 0.0112402
v 0.602519 0.0164562 0.0126273
v 0.602519 0.0153692 0.0139298
v 0.613004 0.0151325 0.0116116
v 0.613004 0.0160308 0.0103361
v 0.613004 0.014133 0.0128094
v 0.623057 0.014563 0.00938973
v 0.623057 0.013747 0.0105484
v 0.613004 0.0168194 0.00899596
v 0.632521 0.0130187 0.00839402
v 0.623057 0.0152797 0.00817188
v 0.623057 0.0158981 0.00689206
v 0.613004 0.0175004 0.00758669
v 0.632521 0.0136596 0.00730493
v 0.632521 0.0142122 0.00616121
v 0.623057 0.0164081 0.0055698
v 0.632521 0.0146681 0.00497917
v 0.640128 0.0130821 0.00444078
v 0.632521 0.015026 0.00376382
v 0.640128 0.0134013 0.00335684
v 0.647074 0.0117002 0.00293075
v 0.640128 0.0136308 0.00225045
v 0.647074 0.0119006 0.0019648
v 0.653272 0.0100974 0.00166708
v 0.653272 0.0101998 0.000836338
v 0.647074 0.0120213 0.000985694
v 0.648101 0.0117758 2.88425e-18
v 0.65325 0.0102411 2.50834e-18
v 0.657814 0.0086582 2.12065e-18
v 0.658646 0.00831904 0.000682122
v 0.653272 0.0101233 -0.00150165
v 0.658646 0.00825661 -0.00122475
v 0.658646 0.00798752 -0.00242305
v 0.647074 0.0119311 -0.00176982
v 0.653272 0.00979336 -0.00297088
v 0.66123 0.00659356 -0.00311852
v 0.658646 0.00754556 -0.00356878
v 0.66123 0.00697977 -0.00211734
v 0.66354 0.00563882 -0.00266696
v 0.66123 0.00606472 -0.00405209
v 0.658646 0.00694038 -0.00463711
v 0.66354 0.00518655 -0.00346536
v 0.66123 0.00540439 -0.00489825
v 0.658646 0.00618469 -0.00560547
v 0.66123 0.00502941 -0.00528255
v 0.658646 0.00575557 -0.00604526
v 0.653272 0.00758294 -0.00687278
v 0.653272 0.0070568 -0.00741199
v 0.647074 0.00893712 -0.00810014
v 0.653272 0.00850952 -0.00568543
v 0.640128 0.0102364 -0.00927777
v 0.647074 0.00831703 -0.00873565
v 0.647074 0.0100292 -0.00670069
v 0.647074 0.0109036 -0.00515704
v 0.640128 0.0114874 -0.0076748
v 0.653272 0.00925148 -0.00437562
v 0.647074 0.0115423 -0.00350144
v 0.640128 0.0132203 -0.00401052
v 0.640128 0.0136657 -0.00202712
v 0.632521 0.0153226 -0.00227289
v 0.640128 0.0124889 -0.00590679
v 0.632521 0.0148232 -0.00449677
v 0.623057 0.0165815 -0.00503021
v 0.632521 0.014003 -0.00662292
v 0.623057 0.0171401 -0.0025425
v 0.629658 0.0160669 3.93525e-18
v 0.622698 0.0173929 4.26004e-18
v 0.615429 0.0186691 4.57261e-18
v 0.613004 0.0188676 -0.00279875
v 0.607917 0.0199034 4.87492e-18
v 0.602519 0.020518 -0.00304356
v 0.613004 0.0182527 -0.00553722
v 0.602519 0.0198493 -0.00602161
v 0.623057 0.015664 -0.00740854
v 0.613004 0.0172428 -0.00815523
v 0.591745 0.0213822 -0.00648669
v 0.602519 0.018751 -0.00886858
v 0.591745 0.0221026 -0.00327861
v 0.591745 0.0201992 -0.00955349
v 0.602519 0.0172477 -0.0115226
v 0.591745 0.0185798 -0.0124124
v 0.580915 0.022844 -0.0069302
v 0.580915 0.0215801 -0.0102066
v 0.580915 0.0198501 -0.0132608
v 0.570024 0.021074 -0.0140782
v 0.570024 0.0187786 -0.0170199
v 0.580915 0.017688 -0.0160315
v 0.591745 0.0165562 -0.0150056
v 0.591745 0.0154074 -0.0161829
v 0.580915 0.0164608 -0.0172893
v 0.591745 0.0141775 -0.0172706
v 0.580915 0.015147 -0.0184511
v 0.602519 0.0143028 -0.0150227
v 0.580915 0.0122727 -0.0204758
v 0.602519 0.0131609 -0.0160326
v 0.591745 0.0114873 -0.0191655
v 0.602519 0.0106638 -0.0177915
v 0.613004 0.00980604 -0.0163604
v 0.613004 0.0121021 -0.0147431
v 0.602519 0.0079395 -0.0191629
v 0.613004 0.00730074 -0.0176216
v 0.602519 0.00504002 -0.0201209
v 0.613004 0.00463463 -0.0185025
v 0.602519 0.00203442 -0.0206425
v 0.613004 0.00187066 -0.0189821
v 0.602519 -0.00101779 -0.0207176
v 0.602519 -0.00404371 -0.0203446
v 0.613004 -0.000935921 -0.0190511
v 0.623057 0.00169929 -0.0172442
v 0.623057 -0.000850229 -0.0173068
v 0.613004 -0.0037187 -0.0187081
v 0.602519 -0.00698795 -0.01953
v 0.613004 -0.00642587 -0.0179591
v 0.623057 -0.00337845 -0.0169951
v 0.623057 -0.00583752 -0.0163148
v 0.602519 -0.00977416 -0.0182953
v 0.613004 -0.00898829 -0.0168235
v 0.613004 -0.0113624 -0.0153205
v 0.602519 -0.0123563 -0.0166606
v 0.623057 -0.00816563 -0.015283
v 0.613004 -0.0124587 -0.0144431
v 0.623057 -0.0103221 -0.0139177
v 0.623057 -0.011318 -0.0131207
v 0.602519 -0.0135485 -0.0157064
v 0.602519 -0.0146646 -0.0146698
v 0.613004 -0.0134853 -0.0134896
v 0.602519 -0.0158167 -0.0134195
v 0.613004 -0.0155043 -0.0111102
v 0.613004 -0.0145445 -0.0123401
v 0.623057 -0.0132128 -0.0112103
v 0.623057 -0.0122508 -0.0122543
v 0.623057 -0.0140848 -0.010093
v 0.623057 -0.0148625 -0.00890821
v 0.632521 -0.0125912 -0.0090227
v 0.632521 -0.0132864 -0.00796356
v 0.623057 -0.0155407 -0.00766384
v 0.632521 -0.0138928 -0.00685115
v 0.632521 -0.0144062 -0.0056929
v 0.623057 -0.016115 -0.0063682
v 0.623057 -0.0165805 -0.00503351
v 0.613004 -0.0182514 -0.00554127
v 0.602519 -0.0198478 -0.00602646
v 0.602519 -0.020275 -0.00437899
v 0.613004 -0.0186442 -0.00402676
v 0.591745 -0.0218409 -0.00471717
v 0.602519 -0.0205651 -0.00270744
v 0.613004 -0.0189109 -0.00248967
v 0.613004 -0.0190639 0.000624087
v 0.602519 -0.0207314 0.000678677
v 0.591745 -0.0221533 -0.00291654
v 0.580915 -0.0233341 -0.00503967
v 0.580915 -0.0236679 -0.00311593
v 0.591745 -0.0223325 0.00073109
v 0.580915 -0.0238593 0.000781073
v 0.591745 -0.0221981 0.00255368
v 0.602519 -0.0206066 0.0023706
v 0.591745 -0.0219162 0.00435354
v 0.613004 -0.0189491 0.00217992
v 0.602519 -0.0203449 0.00404187
v 0.580915 -0.0229545 0.006555
v 0.591745 -0.0214856 0.00613553
v 0.591745 -0.0209123 0.00787084
v 0.580915 -0.022342 0.00840894
v 0.591745 -0.0201992 0.00955349
v 0.580915 -0.0215801 0.0102066
v 0.570024 -0.0229106 0.0108359
v 0.580915 -0.0206738 0.011936
v 0.591745 -0.0193509 0.0111722
v 0.570024 -0.0219484 0.0126719
v 0.580915 -0.0196293 0.0135856
v 0.591745 -0.0183731 0.0127162
v 0.580915 -0.0184575 0.0151393
v 0.570024 -0.0195958 0.0160723
v 0.570024 -0.0208394 0.0144232
v 0.559157 -0.0231739 0.0133795
v 0.559157 -0.022003 0.0152285
v 0.559157 -0.0206903 0.0169692
v 0.548379 -0.0217386 0.0178282
v 0.548379 -0.0202024 0.0195519
v 0.559157 -0.0192285 0.0186093
v 0.559157 -0.0176434 0.0201184
v 0.570024 -0.0182116 0.0176252
v 0.570024 -0.0167104 0.0190545
v 0.559157 -0.0159403 0.021493
v 0.570024 -0.0150973 0.0203564
v 0.570024 -0.0133833 0.0215221
v 0.559157 -0.0141305 0.0227238
v 0.570024 -0.0115797 0.0225438
v 0.559157 -0.0122263 0.0238025
v 0.548379 -0.0128455 0.0250081
v 0.548379 -0.0107711 0.0259691
v 0.559157 -0.0102511 0.0247175
v 0.537744 -0.0112666 0.0271614
v 0.537744 -0.0089952 0.0279958
v 0.548379 -0.00860024 0.0267665
v 0.548379 -0.00638408 0.0273798
v 0.537744 -0.00667727 0.0286372
v 0.527291 -0.00936913 0.0291596
v 0.527291 -0.0117358 0.0282902
v 0.517048 -0.00972091 0.0302544
v 0.527291 -0.00695484 0.0298277
v 0.517048 -0.00721598 0.0309476
v 0.527291 -0.00449403 0.0302963
v 0.537744 -0.00431467 0.0290871
v 0.537744 -0.00192321 0.0293424
v 0.548379 -0.00412522 0.02781
v 0.548379 -0.00183876 0.0280541
v 0.527291 0.00298198 0.0304823
v 0.537744 0.00286405 0.0292656
v 0.527291 0.00548289 0.030133
v 0.517048 0.00568876 0.0312644
v 0.527291 0.00792705 0.0295842
v 0.517048 0.00822469 0.030695
v 0.507033 0.00850303 0.0317337
v 0.517048 0.0107056 0.0299202
v 0.527291 0.0103182 0.0288374
v 0.507033 0.0110679 0.0309327
v 0.517048 0.0131149 0.0289452
v 0.527291 0.0126403 0.0278977
v 0.527291 0.0148779 0.0267715
v 0.517048 0.0154365 0.0277766
v 0.507033 0.0135587 0.0299248
v 0.49801 0.0113794 0.0318033
v 0.49801 0.0139404 0.030767
v 0.507033 0.0159589 0.0287166
v 0.49801 0.016408 0.0295249
v 0.489194 0.0142955 0.0315509
v 0.489194 0.0168261 0.0302771
v 0.480585 0.0146243 0.0322765
v 0.480585 0.0119377 0.0333637
v 0.489194 0.0116693 0.0326136
v 0.49801 0.00874235 0.0326269
v 0.537744 0.0142841 0.025703
v 0.527291 0.0170011 0.025476
v 0.537744 0.0121358 0.0267843
v 0.548379 0.0136569 0.0245744
v 0.537744 0.0163234 0.0244587
v 0.527291 0.0190401 0.0239903
v 0.537744 0.0182802 0.0230329
v 0.548379 0.0156074 0.0233842
v 0.548379 0.0174775 0.0220215
v 0.559157 0.0148557 0.0222564
v 0.559157 0.0129985 0.0233897
v 0.548379 0.011603 0.0256083
v 0.559157 0.0110436 0.0243738
v 0.570024 0.0123111 0.0221528
v 0.548379 0.00947141 0.0264708
v 0.537744 0.00990638 0.0276865
v 0.537744 0.00761068 0.0284034
v 0.537744 0.00526406 0.0289304
v 0.548379 0.00727651 0.0271563
v 0.559157 0.00692573 0.0258472
v 0.548379 0.00503293 0.0276601
v 0.559157 0.00901482 0.0251947
v 0.570024 0.00853809 0.0238624
v 0.570024 0.0104596 0.0230848
v 0.580915 0.00985218 0.0217442
v 0.580915 0.0115962 0.0208664
v 0.570024 0.0140708 0.021079
v 0.580915 0.0132543 0.0198545
v 0.591745 0.0108541 0.0195311
v 0.570024 0.0157553 0.0198515
v 0.580915 0.0148403 0.0186987
v 0.591745 0.0124068 0.0185835
v 0.591745 0.0138907 0.0175021
v 0.602519 0.0115179 0.0172508
v 0.602519 0.010076 0.0181308
v 0.591745 0.00922172 0.0203528
v 0.602519 0.00856059 0.0188936
v 0.613004 0.0092655 0.0166725
v 0.613004 0.0105919 0.0158629
v 0.623057 0.00841716 0.015146
v 0.613004 0.00787201 0.0173739
v 0.623057 0.00715126 0.0157832
v 0.632521 0.00752458 0.0135398
v 0.623057 0.00962262 0.0144102
v 0.613004 0.0118576 0.0149405
v 0.623057 0.0107719 0.0135725
v 0.632521 0.00860264 0.0128818
v 0.632521 0.00962966 0.0121333
v 0.640128 0.00767278 0.0114887
v 0.640128 0.00671096 0.0120758
v 0.640128 0.00570166 0.0125838
v 0.632521 0.00639292 0.0141095
v 0.647074 0.00585913 0.010543
v 0.632521 0.0052185 0.0145847
v 0.623057 0.00583752 0.0163148
v 0.613004 0.00642587 0.0179591
v 0.613004 0.00493674 0.0184242
v 0.623057 0.00448474 0.0167373
v 0.613004 0.00341458 0.018766
v 0.602519 0.00371326 0.0204075
v 0.602519 0.00536856 0.0200358
v 0.602519 0.00698795 0.01953
v 0.591745 0.00578317 0.0215831
v 0.591745 0.00400004 0.0219835
v 0.580915 0.00427351 0.0234865
v 0.580915 0.00617855 0.0230587
v 0.591745 0.00752762 0.0210383
v 0.580915 0.00804226 0.0224766
v 0.570024 0.00655947 0.0244803
v 0.570024 0.00453698 0.0249345
v 0.559157 0.0047903 0.0263267
v 0.559157 0.00260826 0.0266315
v 0.570024 0.00247126 0.0252231
v 0.570024 -0.00165757 0.0252896
v 0.559157 -0.00175012 0.0267017
v 0.548379 0.00273933 0.0279805
v 0.559157 -0.00392635 0.0264693
v 0.559157 -0.00607632 0.0260599
v 0.570024 -0.00371872 0.0250695
v 0.580915 -0.00350276 0.0236137
v 0.570024 -0.00575499 0.0246818
v 0.580915 -0.00156131 0.023821
v 0.591745 -0.0014614 0.0222966
v 0.580915 0.00232862 0.0237582
v 0.591745 0.00218043 0.0222378
v 0.602519 -0.00135663 0.0206981
v 0.602519 0.00202488 0.0206435
v 0.613004 -0.00124751 0.0190333
v 0.613004 0.00186272 0.0189829
v 0.623057 -0.00113328 0.0172906
v 0.613004 -0.00279875 0.0188676
v 0.602519 -0.00304356 0.020518
v 0.623057 -0.0025425 0.0171401
v 0.632521 -0.00101311 0.015457
v 0.623057 0.00169282 0.0172448
v 0.632521 0.00151388 0.0154161
v 0.623057 0.00310195 0.0170478
v 0.632521 0.00277301 0.01524
v 0.632521 0.00400916 0.0149624
v 0.640128 0.00357566 0.0133445
v 0.640128 0.00465423 0.0130077
v 0.647074 0.00406346 0.0113566
v 0.647074 0.00497795 0.0109866
v 0.653272 0.00422367 0.00932184
v 0.653272 0.00497133 0.00894549
v 0.647074 0.00669915 0.0100302
v 0.653272 0.00568431 0.00851026
v 0.658646 0.00405465 0.007296
v 0.658646 0.00463636 0.00694089
v 0.66123 0.00354309 0.00637549
v 0.658646 0.00344485 0.00760294
v 0.66123 0.00301022 0.00664371
v 0.66354 0.00303005 0.00545232
v 0.66123 0.0040515 0.00606512
v 0.658646 0.00518897 0.00653806
v 0.66123 0.0045343 0.00571318
v 0.66354 0.00346493 0.00518684
v 0.66354 0.00387774 0.00488591
v 0.665572 0.00288139 0.00431317
v 0.665572 0.0025197 0.00453398
v 0.66354 0.00257435 0.0056817
v 0.667319 0.00201733 0.00363002
v 0.665572 0.00214075 0.00472473
v 0.66354 0.00210142 0.00587308
v 0.66123 0.00245722 0.00686748
v 0.658646 0.00216035 0.00806254
v 0.658646 0.00281201 0.00785903
v 0.66123 0.00188779 0.00704532
v 0.658646 0.00149425 0.00821212
v 0.66123 0.00130572 0.00717603
v 0.66354 0.00161444 0.00602516
v 0.66123 0.000713908 0.00725883
v 0.658646 0.000816836 0.00830689
v 0.653272 0.00183207 0.0100687
v 0.653272 0.00264877 0.00988534
v 0.647074 0.00215925 0.0118668
v 0.653272 0.00100118 0.010185
v 0.658646 -0.000545917 0.00832909
v 0.653272 -0.00066934 0.0102121
v 0.647074 0.00117958 0.0120039
v 0.640128 0.00247317 0.0135921
v 0.640128 0.00135063 0.0137491
v 0.647074 -0.000788872 0.0120359
v 0.640128 -0.000903562 0.0137857
v 0.632521 -0.00227289 0.0153226
v 0.640128 -0.00202712 0.0136657
v 0.632521 -0.00351746 0.0150856
v 0.623057 -0.00393471 0.016875
v 0.613004 -0.00583482 0.0181597
v 0.613004 -0.00433127 0.0185758
v 0.623057 -0.00530059 0.016497
v 0.623057 -0.00663521 0.016007
v 0.632521 -0.00593116 0.0143097
v 0.632521 -0.0047385 0.0147477
v 0.632521 -0.00707754 0.0137788
v 0.623057 -0.00791709 0.0154133
v 0.613004 -0.00730448 0.01762
v 0.602519 -0.0063452 0.0197482
v 0.602519 -0.00794399 0.019161
v 0.613004 -0.00871503 0.0169667
v 0.613004 -0.0100724 0.0161978
v 0.602519 -0.0109535 0.0176146
v 0.602519 -0.00947734 0.0184508
v 0.591745 -0.0117994 0.018975
v 0.591745 -0.0102093 0.0198758
v 0.591745 -0.00855812 0.0206406
v 0.591745 -0.00683524 0.0212733
v 0.580915 -0.00730254 0.0227277
v 0.580915 -0.00914387 0.0220514
v 0.580915 -0.0109072 0.0212346
v 0.570024 -0.00970831 0.0234107
v 0.570024 -0.00775276 0.0241289
v 0.559157 -0.00818565 0.0254762
v 0.580915 -0.00542078 0.0232485
v 0.591745 -0.0050739 0.0217608
v 0.591745 -0.00327861 0.0221026
v 0.602519 -0.00471014 0.0202007
v 0.580915 -0.0126061 0.0202722
v 0.580915 -0.0142206 0.0191742
v 0.591745 -0.0133106 0.0179472
v 0.580915 -0.01574 0.017948
v 0.602519 -0.0123563 0.0166606
v 0.591745 -0.0147327 0.0167995
v 0.602519 -0.0136765 0.0155951
v 0.613004 -0.0113624 0.0153205
v 0.623057 -0.0103221 0.0139177
v 0.613004 -0.0125764 0.0143407
v 0.623057 -0.00915019 0.0147147
v 0.632521 -0.00817988 0.0131543
v 0.640128 -0.0072954 0.011732
v 0.632521 -0.00922751 0.0124419
v 0.640128 -0.00631225 0.0122889
v 0.640128 -0.0052895 0.0127626
v 0.647074 -0.00551103 0.0107291
v 0.653272 -0.00467598 0.00910336
v 0.647074 -0.00636939 0.0102428
v 0.647074 -0.00461781 0.0111427
v 0.640128 -0.00422614 0.013153
v 0.653272 -0.00391785 0.00945444
v 0.647074 -0.00368971 0.0114835
v 0.647074 -0.00273892 0.0117466
v 0.640128 -0.00313712 0.0134544
v 0.647074 -0.00176982 0.0119311
v 0.653272 -0.00150165 0.0101233
v 0.653272 -0.00232391 0.00996672
v 0.658646 -0.00122475 0.00825661
v 0.66123 -0.00107023 0.00721491
v 0.658646 -0.0018954 0.00812891
v 0.66123 -0.000477041 0.00727824
v 0.66354 -0.000407966 0.00622435
v 0.665572 -0.000339252 0.00517598
v 0.66354 -0.000915262 0.00617019
v 0.66354 0.000610645 0.00620775
v 0.66354 0.00111665 0.00613694
v 0.665572 0.000507886 0.00516216
v 0.667319 0.0004067 0.00413295
v 0.667319 -0.000271614 0.00414402
v 0.665572 0.000928576 0.0051033
v 0.667319 0.00107485 0.00401141
v 0.665572 0.00134252 0.00501034
v 0.667319 0.000743442 0.00408583
v 0.669047 0.000526647 0.00289436
v 0.669047 0.000288166 0.00292774
v 0.669047 0.000761416 0.00284164
v 0.669047 0.000991092 0.00276992
v 0.670343 0.000468939 0.0017501
v 0.670343 0.00061039 0.00170593
v 0.670343 0.000747759 0.00165034
v 0.669047 0.00121414 0.00267966
v 0.667319 0.00139908 0.00391015
v 0.665572 0.00174748 0.00488387
v 0.667319 0.00171394 0.00378274
v 0.669047 0.00142906 0.00257147
v 0.670343 0.000880125 0.00158371
v 0.669047 0.00163428 0.00244618
v 0.667319 0.00230697 0.0034532
v 0.667319 0.0025817 0.00325292
v 0.669047 0.00182885 0.00230434
v 0.670343 0.00100655 0.00150653
v 0.670343 0.00112635 0.00141919
v 0.671213 0.000451348 0.000675518
v 0.671213 0.000394648 0.000710135
v 0.671213 0.000335295 0.000740011
v 0.671697 -1.14609e-11 -1.4036e-27
v 0.671213 0.000809711 6.63925e-05
v 0.671026 0.00105367 2.58074e-19
v 0.671213 0.000803635 -0.000119208
v 0.671213 0.000777445 -0.000235836
v 0.671213 0.000505054 0.000636364
v 0.671213 0.000555369 0.000592962
v 0.671213 0.000801577 0.000132341
v 0.671213 0.000788081 0.000197404
v 0.671213 0.000769312 0.000261146
v 0.671213 0.000745398 0.000323142
v 0.671213 0.000716491 0.000382987
v 0.671213 0.000682804 0.000440248
v 0.671213 0.000644542 0.000494575
v 0.671213 0.000601969 0.000545593
v 0.671213 0.000273699 0.000764937
v 0.671213 0.000210272 0.000784745
v 0.671213 0.000145438 0.000799304
v 0.671213 7.96144e-05 0.000808518
v 0.671213 -5.31353e-05 0.000810688
v 0.671213 -0.000119208 0.000803635
v 0.671213 -0.000184483 0.000791205
v 0.671213 -0.000248524 0.000773482
v 0.671213 -0.000310916 0.00075058
v 0.671213 -0.000371201 0.000722668
v 0.671213 -0.000429017 0.000689916
v 0.671213 -0.000483963 0.000652548
v 0.671213 -0.000535671 0.000610816
v 0.671213 -0.000583796 0.000564997
v 0.671213 -0.000628022 0.000515391
v 0.671213 -0.000668034 0.000462353
v 0.671213 -0.000703583 0.000406214
v 0.671213 -0.000734426 0.000347358
v 0.671213 -0.000760356 0.000286178
v 0.671213 -0.0007812 0.000223083
v 0.671213 -0.000796819 0.000158487
v 0.671213 -0.000807105 9.28499e-05
v 0.671213 -0.000811993 2.65819e-05
v 0.671213 -0.000805477 -0.000106043
v 0.671213 -0.000794117 -0.000171513
v 0.671213 -0.000777442 -0.000235846
v 0.671213 -0.000755572 -0.00029858
v 0.671213 -0.000728644 -0.000359328
v 0.671213 -0.000696843 -0.000417671
v 0.671213 -0.000660379 -0.000473221
v 0.671213 -0.000619498 -0.000525605
v 0.671213 -0.000574468 -0.000574479
v 0.671213 -0.000530656 -0.000615178
v 0.671213 -0.000483963 -0.000652548
v 0.671213 -0.000382968 -0.000716502
v 0.671213 -0.000273699 -0.000764937
v 0.671213 0.000560202 -0.000588399
v 0.671213 0.000601969 -0.000545593
v 0.671213 0.000675511 -0.000451358
v 0.671213 0.000734426 -0.000347358
v 0.671213 0.000515403 -0.000628012
v 0.671213 0.000417671 -0.000696843
v 0.671213 0.000310906 -0.000750584
v 0.671213 0.000197404 -0.000788081
v 0.671213 7.96346e-05 -0.000808516
v 0.671213 -3.98639e-05 -0.000811449
v 0.671213 -0.000158491 -0.000796819
v 0.670343 -0.000956774 0.00153862
v 0.670343 -0.00107931 0.00145528
v 0.670343 -0.00119463 0.00136221
v 0.669047 -0.00193972 0.00221183
v 0.669047 -0.00175248 0.00236295
v 0.669047 -0.00155352 0.00249826
v 0.667319 -0.00247389 0.00333565
v 0.667319 -0.00273821 0.00312233
v 0.665572 -0.00342008 0.00389986
v 0.665572 -0.00308994 0.00416631
v 0.667319 -0.00219302 0.00352667
v 0.665572 -0.00273913 0.00440489
v 0.667319 -0.00189748 0.00369409
v 0.669047 -0.00134416 0.00261686
v 0.667319 -0.00158952 0.00383668
v 0.670343 -0.000827836 0.00161166
v 0.669047 -0.00112595 0.00271789
v 0.665572 -0.00198541 0.00479208
v 0.665572 -0.00158675 0.00493843
v 0.667319 -0.00127039 0.00395384
v 0.667319 -0.000943029 0.00404443
v 0.665572 -0.00117786 0.00505158
v 0.66354 -0.00190813 0.00593869
v 0.66354 -0.00238763 0.00576266
v 0.66123 -0.00223121 0.0069442
v 0.66354 -0.00141644 0.00607476
v 0.66123 -0.00165626 0.00710332
v 0.665572 -0.000761104 0.00513094
v 0.667319 -0.000609359 0.00410797
v 0.669047 -0.000431664 0.00291004
v 0.669047 -0.000192409 0.00293559
v 0.670343 -0.0001185 0.00180796
v 0.670343 -0.000265852 0.00179223
v 0.670343 0.000177513 0.00180312
v 0.670343 0.00032435 0.00178257
v 0.669047 -0.000668033 0.00286504
v 0.670343 -0.000411426 0.00176451
v 0.670343 -0.000554247 0.00172498
v 0.669047 -0.000899932 0.00280086
v 0.670343 -0.000693419 0.0016739
v 0.658646 -0.00255336 0.00794683
v 0.66123 -0.002792 0.00673833
v 0.658646 -0.00319522 0.00771118
v 0.653272 -0.00313063 0.00974347
v 0.658646 -0.00381376 0.00742475
v 0.66123 -0.00333259 0.006488
v 0.658646 -0.00440776 0.00708825
v 0.66123 -0.00385165 0.00619396
v 0.66354 -0.00285003 0.00554854
v 0.665572 -0.00237 0.004614
v 0.66354 -0.00329393 0.00529708
v 0.66123 -0.00434494 0.00585848
v 0.66354 -0.0037158 0.00501017
v 0.66354 -0.00411281 0.00468976
v 0.66123 -0.00480917 0.00548381
v 0.658646 -0.00599797 0.00580483
v 0.658646 -0.00550353 0.00627558
v 0.66123 -0.00524123 0.00507246
v 0.653272 -0.00735401 0.0071172
v 0.653272 -0.00674779 0.00769437
v 0.658646 -0.00497228 0.00670434
v 0.653272 -0.00609642 0.00822007
v 0.653272 -0.00540428 0.00869079
v 0.647074 -0.00718514 0.00968804
v 0.647074 -0.00795283 0.00906846
v 0.640128 -0.00910905 0.0103869
v 0.640128 -0.00822975 0.0110965
v 0.632521 -0.0102134 0.0116462
v 0.632521 -0.011131 0.0107726
v 0.623057 -0.0124514 0.0120504
v 0.623057 -0.0114249 0.0130276
v 0.613004 -0.0137063 0.0132649
v 0.623057 -0.0133965 0.0109901
v 0.613004 -0.014747 0.0120974
v 0.602519 -0.0149052 0.0144252
v 0.602519 -0.0160372 0.0131553
v 0.591745 -0.0160563 0.0155393
v 0.591745 -0.017276 0.0141709
v 0.580915 -0.017154 0.0166017
v 0.602519 -0.0170559 0.0118046
v 0.613004 -0.015684 0.0108551
v 0.602519 -0.0179636 0.0103713
v 0.623057 -0.014248 0.00986119
v 0.613004 -0.0165186 0.00953705
v 0.623057 -0.0150062 0.00866384
v 0.632521 -0.0127371 0.00881548
v 0.640128 -0.0113599 0.00786228
v 0.632521 -0.0134149 0.00774511
v 0.632521 -0.0119757 0.00982492
v 0.640128 -0.0106806 0.00876277
v 0.647074 -0.00932479 0.00765067
v 0.647074 -0.00991795 0.00686431
v 0.640128 -0.00992741 0.00960773
v 0.647074 -0.00866731 0.00838821
v 0.653272 -0.00791174 0.00649156
v 0.658646 -0.00645276 0.00529467
v 0.658646 -0.00686344 0.00475026
v 0.653272 -0.00841514 0.00582421
v 0.66123 -0.0059975 0.00415093
v 0.66123 -0.00563859 0.00462672
v 0.66354 -0.00512907 0.00354988
v 0.66354 -0.00482209 0.00395682
v 0.665572 -0.00426518 0.00295197
v 0.66354 -0.00540201 0.00311885
v 0.66123 -0.00631666 0.00364693
v 0.665572 -0.00400987 0.00329041
v 0.667319 -0.00341481 0.00236343
v 0.665572 -0.00449215 0.00259354
v 0.669047 -0.00241902 0.00167423
v 0.667319 -0.00359653 0.00207646
v 0.667319 -0.00321038 0.00263442
v 0.667319 -0.00298421 0.00288812
v 0.665572 -0.00372735 0.00360732
v 0.669047 -0.00227418 0.00186623
v 0.670343 -0.0014006 0.00114938
v 0.670343 -0.00148982 0.00103112
v 0.669047 -0.00211399 0.00204591
v 0.670343 -0.00130195 0.00126003
v 0.670343 -0.0015691 0.00090592
v 0.669047 -0.00254775 0.00147094
v 0.669047 -0.00265943 0.00125782
v 0.667319 -0.00375419 0.0017756
v 0.667319 -0.00388674 0.00146286
v 0.665572 -0.00485463 0.00182715
v 0.665572 -0.00468907 0.00221777
v 0.66354 -0.00583791 0.00219723
v 0.66354 -0.00563882 0.00266696
v 0.66123 -0.00682636 0.00256926
v 0.66123 -0.00659356 0.00311852
v 0.658646 -0.00781197 0.00294022
v 0.658646 -0.00754556 0.00356878
v 0.653272 -0.00957812 0.00360495
v 0.653272 -0.00925148 0.00437562
v 0.658646 -0.00722868 0.00417348
v 0.653272 -0.00886296 0.00511703
v 0.647074 -0.0109036 0.00515704
v 0.647074 -0.0104457 0.00603085
v 0.640128 -0.0124889 0.00590679
v 0.640128 -0.0119644 0.00690764
v 0.632521 -0.014003 0.00662292
v 0.632521 -0.0144974 0.00545643
v 0.623057 -0.0162171 0.00610368
v 0.623057 -0.015664 0.00740854
v 0.613004 -0.0178516 0.00671885
v 0.613004 -0.0172428 0.00815523
v 0.602519 -0.0194131 0.00730656
v 0.602519 -0.018751 0.00886858
v 0.602519 -0.0199452 0.00569566
v 0.613004 -0.0183409 0.00523753
v 0.613004 -0.0187084 0.00371717
v 0.623057 -0.0166616 0.00475799
v 0.623057 -0.0169954 0.00337721
v 0.632521 -0.0151931 0.00301942
v 0.632521 -0.0148948 0.00425344
v 0.640128 -0.0132842 0.00379352
v 0.640128 -0.0135502 0.00269319
v 0.640128 -0.0129298 0.00486643
v 0.647074 -0.0112886 0.00424873
v 0.647074 -0.0115981 0.003312
v 0.647074 -0.0118302 0.00235157
v 0.653272 -0.0100376 0.00199544
v 0.653272 -0.00984068 0.00281016
v 0.658646 -0.00818672 0.00162765
v 0.658646 -0.00829227 0.000953948
v 0.653272 -0.010167 0.00116962
v 0.66123 -0.00724606 0.000833592
v 0.66123 -0.00715382 0.00142237
v 0.658646 -0.00802612 0.00229198
v 0.66123 -0.00701349 0.00200281
v 0.66354 -0.00599794 0.0017128
v 0.66354 -0.00611794 0.00121648
v 0.665572 -0.00498771 0.00142432
v 0.665572 -0.00508748 0.00101164
v 0.667319 -0.00399329 0.00114034
v 0.667319 -0.00407316 0.000809986
v 0.669047 -0.00282881 0.000807809
v 0.669047 -0.00288538 0.000573823
v 0.669047 -0.00275333 0.00103628
v 0.670343 -0.00163788 0.000774661
v 0.670343 -0.00169571 0.00063822
v 0.670343 -0.0017422 0.00049751
v 0.670343 -0.00177703 0.000353427
v 0.670343 -0.00179997 0.00020707
v 0.670343 -0.00181087 5.92817e-05
v 0.669047 -0.00294031 9.62558e-05
v 0.669047 -0.00292261 0.000336219
v 0.667319 -0.00415069 0.00013588
v 0.667319 -0.00412571 0.000474624
v 0.665572 -0.00518431 0.000169717
v 0.665572 -0.0051531 0.000592816
v 0.66354 -0.00623437 0.000204092
v 0.66354 -0.00619684 0.000712889
v 0.66123 -0.00728995 0.000238648
v 0.658646 -0.00827555 -0.0010895
v 0.658646 -0.00834249 0.000273105
v 0.66123 -0.00723145 -0.000952039
v 0.658646 -0.00815883 -0.00176214
v 0.66123 -0.00712946 -0.00153982
v 0.66354 -0.00618434 -0.000814184
v 0.66123 -0.00697959 -0.00211794
v 0.658646 -0.00798729 -0.00242382
v 0.653272 -0.0100034 -0.00216053
v 0.653272 -0.0101465 -0.00133581
v 0.647074 -0.0117898 -0.00254636
v 0.653272 -0.00979301 -0.00297202
v 0.658646 -0.00776281 -0.00306764
v 0.653272 -0.00951785 -0.00376118
v 0.647074 -0.0115418 -0.00350302
v 0.647074 -0.0112176 -0.00443286
v 0.640128 -0.0132197 -0.00401258
v 0.640128 -0.0135039 -0.00291656
v 0.647074 -0.0119585 -0.00157437
v 0.640128 -0.0136971 -0.00180326
v 0.632521 -0.0151411 -0.00327016
v 0.632521 -0.0148224 -0.00449938
v 0.623057 -0.0169372 -0.00365808
v 0.632521 -0.0153577 -0.00202188
v 0.623057 -0.0171794 -0.00226172
v 0.632521 -0.0154819 0.000506826
v 0.640128 -0.0138079 0.000452023
v 0.640128 -0.0137248 0.00157891
v 0.647074 -0.0120552 0.000394648
v 0.647074 -0.0119827 0.00137849
v 0.632521 -0.0153887 0.00177033
v 0.623057 -0.0173184 0.000566946
v 0.623057 -0.0172142 0.00198033
v 0.653272 -0.0102286 0.000334849
v 0.640128 -0.0128484 -0.00507733
v 0.640128 -0.0123905 -0.00611034
v 0.647074 -0.0108178 -0.00533475
v 0.640128 -0.0118498 -0.00710247
v 0.653272 -0.00917865 -0.00452641
v 0.647074 -0.0103457 -0.00620095
v 0.653272 -0.00877805 -0.00526136
v 0.658646 -0.00748616 -0.00369176
v 0.66123 -0.00654166 -0.00322599
v 0.658646 -0.00715942 -0.00429119
v 0.66123 -0.00678341 -0.00268061
v 0.66354 -0.00580118 -0.00229246
v 0.665572 -0.00482408 -0.00190634
v 0.66354 -0.00559443 -0.00275887
v 0.66354 -0.00596897 -0.00181119
v 0.66354 -0.00609712 -0.00131685
v 0.665572 -0.00496363 -0.00150607
v 0.667319 -0.00397402 -0.00120575
v 0.667319 -0.00386228 -0.00152626
v 0.665572 -0.00507018 -0.00109505
v 0.665572 -0.00514271 -0.000677051
v 0.667319 -0.00405932 -0.000876729
v 0.667319 -0.00411739 -0.000542064
v 0.669047 -0.00291672 -0.000383993
v 0.670343 -0.00179634 -0.000236492
v 0.669047 -0.00287558 -0.000621066
v 0.670343 -0.001771 -0.0003825
v 0.670343 -0.00173381 -0.000525999
v 0.670343 -0.00168504 -0.00066588
v 0.669047 -0.00281517 -0.000854105
v 0.669047 -0.00273601 -0.00108119
v 0.669047 -0.0026385 -0.00130116
v 0.667319 -0.00372464 -0.00183679
v 0.667319 -0.00356208 -0.00213503
v 0.665572 -0.00444911 -0.0026667
v 0.665572 -0.00465216 -0.00229419
v 0.66354 -0.00535026 -0.00320682
v 0.66354 -0.0050703 -0.00363333
v 0.66123 -0.00592878 -0.00424851
v 0.66123 -0.00625615 -0.00374979
v 0.658646 -0.0067848 -0.00486192
v 0.658646 -0.00636478 -0.00540012
v 0.653272 -0.00780375 -0.00662099
v 0.653272 -0.00831872 -0.00596111
v 0.647074 -0.00919737 -0.00780339
v 0.647074 -0.00980431 -0.00702567
v 0.640128 -0.0105345 -0.00893788
v 0.640128 -0.0112297 -0.00804709
v 0.632521 -0.0118117 -0.0100215
v 0.640128 -0.00976778 -0.00976997
v 0.632521 -0.0109519 -0.0109546
v 0.640128 -0.00902376 -0.0104611
v 0.632521 -0.0101178 -0.0117293
v 0.632521 -0.00922751 -0.0124419
v 0.640128 -0.00822975 -0.0110965
v 0.647074 -0.00787837 -0.00913322
v 0.653272 -0.00668461 -0.00774932
v 0.647074 -0.00718514 -0.00968804
v 0.647074 -0.00852807 -0.00852974
v 0.653272 -0.00723597 -0.00723718
v 0.658646 -0.00590178 -0.0059026
v 0.658646 -0.00545201 -0.00632039
v 0.66123 -0.00476415 -0.00552297
v 0.66123 -0.00515722 -0.00515785
v 0.66354 -0.00441049 -0.00441096
v 0.66354 -0.0040743 -0.00472325
v 0.66123 -0.00556176 -0.0047188
v 0.66354 -0.00475642 -0.00403552
v 0.665572 -0.0039553 -0.00335582
v 0.665572 -0.00366766 -0.00366799
v 0.665572 -0.00421631 -0.00302136
v 0.667319 -0.00337568 -0.00241898
v 0.669047 -0.0023913 -0.00171358
v 0.667319 -0.00316671 -0.00268675
v 0.669047 -0.00252334 -0.00151243
v 0.670343 -0.00155407 -0.000931472
v 0.670343 -0.00162499 -0.000801356
v 0.670343 -0.00147275 -0.00105536
v 0.670343 -0.00138158 -0.00117218
v 0.669047 -0.00224327 -0.00190327
v 0.670343 -0.00128114 -0.00128119
v 0.669047 -0.00208017 -0.00208029
v 0.670343 -0.00118344 -0.00137194
v 0.669047 -0.00192156 -0.00222762
v 0.667319 -0.00293644 -0.00293667
v 0.667319 -0.00271257 -0.00314463
v 0.667319 -0.00247389 -0.00333565
v 0.665572 -0.00308994 -0.00416631
v 0.665572 -0.00338806 -0.00392771
v 0.66354 -0.0037158 -0.00501017
v 0.665572 -0.00244493 -0.00457474
v 0.66354 -0.00294009 -0.00550135
v 0.66123 -0.00434494 -0.00585848
v 0.66123 -0.00343783 -0.00643285
v 0.658646 -0.00497228 -0.00670434
v 0.658646 -0.00393412 -0.00736168
v 0.653272 -0.00609642 -0.00822007
v 0.653272 -0.00482341 -0.00902611
v 0.658646 -0.00281201 -0.00785903
v 0.653272 -0.00344775 -0.00963582
v 0.647074 -0.00568461 -0.0106381
v 0.647074 -0.00406346 -0.0113566
v 0.640128 -0.00651086 -0.0121849
v 0.640128 -0.00465423 -0.0130077
v 0.632521 -0.00729999 -0.0136622
v 0.632521 -0.0052185 -0.0145847
v 0.640128 -0.00269397 -0.0135501
v 0.632521 -0.0030204 -0.0151929
v 0.632521 -0.000760069 -0.0154716
v 0.640128 -0.000677884 -0.0137986
v 0.640128 0.00135468 -0.0137487
v 0.647074 0.00118267 -0.0120036
v 0.647074 -0.000591839 -0.0120472
v 0.653272 -0.000502162 -0.0102217
v 0.653272 0.00100342 -0.0101848
v 0.647074 -0.00235216 -0.0118301
v 0.653272 -0.00199587 -0.0100376
v 0.658646 -0.00162794 -0.00818667
v 0.658646 -0.000409566 -0.0083369
v 0.66123 -0.000357892 -0.00728507
v 0.66123 -0.0014226 -0.00715378
v 0.66354 -0.00121664 -0.00611791
v 0.66354 -0.00030607 -0.00623019
v 0.66123 -0.00245722 -0.00686748
v 0.66354 -0.00210142 -0.00587308
v 0.665572 -0.00174748 -0.00488387
v 0.665572 -0.00101176 -0.00508746
v 0.667319 -0.000810066 -0.00407314
v 0.667319 -0.00139908 -0.00391015
v 0.669047 -0.000991092 -0.00276992
v 0.669047 -0.000573865 -0.00288537
v 0.667319 -0.00195751 -0.00366263
v 0.669047 -0.00138671 -0.00259456
v 0.670343 -0.000854059 -0.00159792
v 0.670343 -0.00061039 -0.00170593
v 0.669047 -0.00175248 -0.00236295
v 0.670343 -0.00107931 -0.00145528
v 0.670343 -0.000353444 -0.00177703
v 0.670343 -8.89027e-05 -0.00180966
v 0.670343 0.000177604 -0.00180311
v 0.669047 -0.000144352 -0.00293834
v 0.669047 0.000288385 -0.00292772
v 0.667319 -0.000203774 -0.00414791
v 0.667319 0.000407113 -0.00413291
v 0.665572 -0.000254518 -0.00518084
v 0.665572 0.000508508 -0.0051621
v 0.667319 0.00100908 -0.00402846
v 0.665572 0.00126036 -0.00503164
v 0.66354 0.000611521 -0.00620766
v 0.66354 0.00151564 -0.00605077
v 0.66123 0.000715082 -0.00725871
v 0.66123 0.00177226 -0.00707526
v 0.658646 0.00081835 -0.00830674
v 0.658646 0.00202815 -0.00809681
v 0.653272 0.00248667 -0.00992736
v 0.658646 0.00319451 -0.00771147
v 0.66123 0.00279144 -0.00673856
v 0.66123 0.00374979 -0.00625615
v 0.66354 0.00320682 -0.00535026
v 0.66354 0.00238722 -0.00576283
v 0.66354 0.00395734 -0.00482166
v 0.665572 0.00329078 -0.00400957
v 0.665572 0.0026667 -0.00444911
v 0.665572 0.00357671 -0.00375673
v 0.667319 0.00263467 -0.00321018
v 0.667319 0.0028636 -0.00300774
v 0.66354 0.00462184 -0.00418899
v 0.66354 0.00430115 -0.00451764
v 0.665572 0.00384338 -0.00348344
v 0.665572 0.00431296 -0.00288171
v 0.667319 0.00345306 -0.00230718
v 0.667319 0.00307711 -0.00278893
v 0.669047 0.00217979 -0.00197565
v 0.669047 0.00244611 -0.00163439
v 0.669047 0.00202855 -0.00213065
v 0.670343 0.00124934 -0.00131222
v 0.669047 0.00186636 -0.00227407
v 0.670343 0.00114944 -0.00140056
v 0.667319 0.00213503 -0.00356208
v 0.669047 0.00151243 -0.00252334
v 0.667319 0.00158933 -0.00383676
v 0.670343 0.000931472 -0.00155407
v 0.669047 0.00112585 -0.00271793
v 0.665572 0.00198512 -0.0047922
v 0.670343 0.000693377 -0.00167391
v 0.669047 0.00071482 -0.00285372
v 0.670343 0.000440241 -0.00175754
v 0.670343 0.00134248 -0.00121676
v 0.670343 0.0015065 -0.00100659
v 0.670343 0.00163788 -0.000774661
v 0.670343 0.00173382 -0.000525953
v 0.669047 0.00281521 -0.000853993
v 0.669047 0.00265943 -0.00125782
v 0.667319 0.00375419 -0.0017756
v 0.667319 0.00397409 -0.00120554
v 0.665572 0.00513094 -0.000761104
v 0.665572 0.00496373 -0.00150576
v 0.667319 0.00410797 -0.000609359
v 0.669047 0.00291004 -0.000431664
v 0.667747 0.00387338 9.48704e-19
v 0.665088 0.00544621 1.33394e-18
v 0.667319 0.00413903 0.000339381
v 0.66354 0.00617019 -0.000915262
v 0.661769 0.00705053 1.72688e-18
v 0.66354 0.00621684 0.000509752
v 0.665572 0.00516974 0.000423894
v 0.665572 0.00511781 0.000844953
v 0.667319 0.00409745 0.000676491
v 0.669047 0.00293205 0.000240414
v 0.669047 0.00290259 0.00047922
v 0.667319 0.00402846 0.00100908
v 0.665572 0.00503164 0.00126036
v 0.669047 0.00285372 0.00071482
v 0.670343 0.00178764 0.00029514
v 0.670343 0.00180578 0.000148065
v 0.669722 0.00237831 5.82519e-19
v 0.670343 0.00179223 -0.000265852
v 0.670343 0.00175754 0.000440241
v 0.670343 0.00171569 0.000582397
v 0.669047 0.00278576 0.000945638
v 0.669047 0.00269916 0.00117013
v 0.667319 0.00381028 0.00165182
v 0.667319 0.00393252 0.00133491
v 0.665572 0.00475912 0.00206316
v 0.665572 0.00491181 0.00166733
v 0.66354 0.00572306 0.00248104
v 0.665572 0.00457441 0.00244553
v 0.667319 0.00366242 0.00195791
v 0.669047 0.00259445 0.00138692
v 0.669047 0.0024725 0.00159418
v 0.667319 0.00349031 0.00225043
v 0.665572 0.00435948 0.00281084
v 0.665572 0.00411519 0.0031577
v 0.667319 0.00329473 0.00252814
v 0.665572 0.00384338 0.00348344
v 0.667319 0.00307711 0.00278893
v 0.669047 0.00233396 0.00179091
v 0.669047 0.00217979 0.00197565
v 0.670343 0.00152276 0.000981821
v 0.670343 0.00143743 0.00110298
v 0.670343 0.00159787 0.000854146
v 0.670343 0.00166235 0.000720656
v 0.670343 0.00134248 0.00121676
v 0.670343 0.00123856 0.0013224
v 0.669047 0.00201105 0.00214718
v 0.667319 0.0028389 0.00303106
v 0.665572 0.00354585 0.00378587
v 0.665572 0.00322461 0.00406298
v 0.66354 0.00426405 0.00455268
v 0.66123 0.00498602 0.00532352
v 0.66354 0.00462184 0.00418899
v 0.66123 0.00540439 0.00489825
v 0.66354 0.00494871 0.00379728
v 0.66123 0.0057866 0.00444022
v 0.66354 0.00524247 0.00338016
v 0.66354 0.0055009 0.00294093
v 0.66123 0.00643225 0.00343896
v 0.66123 0.00613011 0.00395248
v 0.66123 0.00669207 0.00290112
v 0.658646 0.0073609 0.00393559
v 0.658646 0.00765829 0.00331999
v 0.66123 0.00690677 0.00234453
v 0.66354 0.00590667 0.00200505
v 0.66354 0.00605077 0.00151564
v 0.66354 0.00615439 0.00101609
v 0.66123 0.00707526 0.00177226
v 0.658646 0.00809681 0.00202815
v 0.66123 0.00719643 0.00118814
v 0.658646 0.00790399 0.00268304
v 0.653272 0.00969094 0.00328963
v 0.653272 0.00992736 0.00248667
v 0.658646 0.00823547 0.00135968
v 0.647074 0.0110665 0.00479752
v 0.647074 0.0114216 0.0038771
v 0.653272 0.00938969 0.00407058
v 0.640128 0.0126754 0.00549501
v 0.640128 0.0121828 0.00651477
v 0.647074 0.0106365 0.00568759
v 0.647074 0.0101372 0.00653613
v 0.653272 0.0086012 0.00554575
v 0.653272 0.00902496 0.00482557
v 0.658646 0.00701519 0.00452315
v 0.653272 0.00811923 0.0062301
v 0.658646 0.00662209 0.00508131
v 0.653272 0.00758294 0.00687278
v 0.658646 0.00618469 0.00560547
v 0.658646 0.00570592 0.00609214
v 0.653272 0.00699593 0.00746947
v 0.647074 0.00749828 0.00944776
v 0.647074 0.00824528 0.0088034
v 0.653272 0.00636211 0.0080162
v 0.640128 0.00858841 0.0108213
v 0.640128 0.00944402 0.0100833
v 0.647074 0.00893712 0.00810014
v 0.640128 0.0102364 0.00927777
v 0.647074 0.00956918 0.00734269
v 0.640128 0.0109604 0.00841021
v 0.632521 0.0114775 0.0104026
v 0.632521 0.0122892 0.00942985
v 0.640128 0.011611 0.00748638
v 0.623057 0.012839 0.0116366
v 0.623057 0.0118451 0.0126469
v 0.613004 0.0130389 0.0139215
v 0.602519 0.0128948 0.0162474
v 0.602519 0.0141794 0.0151392
v 0.591745 0.0152745 0.0163084
v 0.632521 0.010589 0.0113058
v 0.66123 0.00726946 0.000596061
v 0.66123 0.00721491 -0.00107023
v 0.66354 0.0059691 -0.00181074
v 0.665572 0.00468907 -0.00221777
v 0.66123 0.00462742 -0.00563802
v 0.658646 0.00529557 -0.00645203
v 0.658646 0.00429119 -0.00715942
v 0.653272 0.00526136 -0.00877805
v 0.653272 0.0039168 -0.00945488
v 0.653272 0.00649289 -0.00791065
v 0.647074 0.00620095 -0.0103457
v 0.647074 0.00461635 -0.0111433
v 0.640128 0.00528759 -0.0127634
v 0.640128 0.00335684 -0.0134013
v 0.647074 0.00293075 -0.0117002
v 0.632521 0.00376382 -0.015026
v 0.632521 0.001519 -0.0154156
v 0.632521 0.00592875 -0.0143107
v 0.623057 0.00421028 -0.0168084
v 0.623057 0.00663216 -0.0160082
v 0.632521 0.00796356 -0.0132864
v 0.623057 0.00890821 -0.0148625
v 0.632521 0.00982796 -0.0119732
v 0.623057 0.0109939 -0.0133934
v 0.623057 0.0119481 -0.0125495
v 0.632521 0.0106811 -0.0112187
v 0.613004 0.014133 -0.0128094
v 0.613004 0.0131524 -0.0138144
v 0.623057 0.012839 -0.0116366
v 0.623057 0.014408 -0.00962586
v 0.632521 0.0128801 -0.0086052
v 0.632521 0.0114775 -0.0104026
v 0.640128 0.0095262 -0.0100057
v 0.640128 0.00876517 -0.0106787
v 0.647074 0.0076525 -0.00932328
v 0.640128 0.00710247 -0.0118498
v 0.613004 0.0158603 -0.0105959
v 0.602519 0.0153692 -0.0139298
v 0.66354 -0.0044823 0.00433797
v 0.647074 0.0031218 0.0116507
v 0.653272 0.00344775 0.00963582
v 0.559157 0.016635 0.0209599
v 0.548379 0.0192187 0.0205196
v 0.537744 0.0201013 0.0214619
v 0.548379 0.0208313 0.0188804
v 0.507033 -0.0100499 0.0312783
v 0.517048 -0.0121773 0.029352
v 0.537744 -0.0134354 0.0261566
v 0.548379 -0.0231175 0.0159998
v 0.548379 -0.0243477 0.0140571
v 0.559157 -0.0241898 0.0114409
v 0.570024 -0.025127 -0.00330804
v 0.570024 -0.0247727 -0.00535038
v 0.591745 -0.0213804 -0.00649241
v 0.591745 -0.0133106 -0.0179472
v 0.591745 -0.0105286 -0.0197085
v 0.591745 -0.00752762 -0.0210383
v 0.570024 0.0130293 -0.0217381
v 0.570024 0.0160811 -0.0195885
v 0.559157 0.0102432 -0.0247208
v 0.559157 0.0137569 -0.0229519
v 0.559157 0.0169792 -0.0206821
v 0.548379 0.0144536 -0.0241144
v 0.548379 0.0107622 -0.0259728
v 0.548379 0.00683121 -0.0272717
v 0.548379 0.0178395 -0.0217294
v 0.559157 0.0184514 -0.0193801
v 0.548379 0.0193859 -0.0203617
v 0.537744 0.018659 -0.0227271
v 0.537744 0.0202762 -0.0212968
v 0.537744 0.021788 -0.0197475
v 0.527291 0.0226937 -0.0205684
v 0.537744 0.0244516 -0.0163339
v 0.527291 0.0254682 -0.0170127
v 0.517048 0.0235458 -0.0213406
v 0.517048 0.0264246 -0.0176513
v 0.507033 0.0243426 -0.0220628
v 0.507033 0.027319 -0.0182484
v 0.49801 0.0250277 -0.0226838
v 0.49801 0.028088 -0.0187619
v 0.507033 0.0296989 -0.0140465
v 0.49801 0.0305348 -0.0144419
v 0.49801 0.032323 -0.00980635
v 0.489194 0.0331465 -0.0100562
v 0.480585 0.0350515 -0.0051994
v 0.480585 0.0339089 -0.0102876
v 0.489194 0.0342635 -0.00508251
v 0.49801 0.0334123 -0.00495624
v 0.499673 0.0336104 8.23217e-18
v 0.485666 0.03497 8.56519e-18
v 0.507033 0.0324976 -0.00482056
v 0.514189 0.0320896 7.85969e-18
v 0.507033 0.0327433 0.0026848
v 0.489194 0.0345225 0.00283069
v 0.49801 0.0336649 0.00276036
v 0.49801 0.0333267 0.00550226
v 0.507033 0.0324144 0.00535163
v 0.517048 0.0316715 0.00259691
v 0.517048 0.0313533 0.00517645
v 0.527291 0.0305253 0.00250294
v 0.529202 0.0304079 7.44778e-18
v 0.537744 0.029307 0.00240304
v 0.544676 0.028571 6.99788e-18
v 0.537744 0.0290871 -0.00431467
v 0.527291 0.0302963 -0.00449403
v 0.517048 0.0314338 -0.00466277
v 0.548379 0.0280202 0.00229753
v 0.527291 0.0302187 0.00498913
v 0.537744 0.0290126 0.00479001
v 0.560474 0.0265923 6.51323e-18
v 0.559157 0.0266695 0.00218677
v 0.548379 0.0277388 0.00457969
v 0.570024 0.0252591 0.00207113
v 0.559157 0.0264015 0.00435891
v 0.570024 0.0250053 0.0041284
v 0.548379 0.0272717 0.00683121
v 0.580915 0.0237922 0.00195085
v 0.580915 0.0235532 0.00388865
v 0.591745 0.0222697 0.00182601
v 0.591745 0.022046 0.00363981
v 0.602519 0.0206732 0.0016951
v 0.591745 0.0216748 0.00542926
v 0.602519 0.0204655 0.00337887
v 0.613004 0.0190103 0.00155876
v 0.592366 0.0222591 5.45192e-18
v 0.623057 0.0172697 0.00141604
v 0.613004 0.0188193 0.00310708
v 0.623057 0.0170962 0.0028226
v 0.602519 0.0201209 0.00504002
v 0.613004 0.0185025 0.00463463
v 0.632521 0.0154384 0.00126588
v 0.632521 0.0152833 0.00252329
v 0.623057 0.0168084 0.00421028
v 0.640128 0.0137691 0.001129
v 0.63625 0.0146887 3.59769e-18
v 0.642416 0.0132584 3.24736e-18
v 0.613004 0.0180618 0.00613117
v 0.602519 0.0190312 0.00825031
v 0.602519 0.0196417 0.00666747
v 0.591745 0.0205009 0.00888748
v 0.591745 0.0211586 0.00718239
v 0.602519 0.0182904 0.00978336
v 0.591745 0.0197027 0.0105395
v 0.580915 0.0236137 -0.00350276
v 0.570024 0.0250695 -0.00371872
v 0.570024 0.0242524 -0.00735751
v 0.559157 0.0264693 -0.00392635
v 0.548379 0.02781 -0.00412522
v 0.559157 0.0256065 -0.00776837
v 0.570024 0.0229106 -0.0108359
v 0.559157 0.0241898 -0.0114409
v 0.548379 0.0269035 -0.00816187
v 0.559157 0.0222508 -0.0148642
v 0.559157 0.0198271 -0.0179702
v 0.548379 0.0208313 -0.0188804
v 0.548379 0.0233779 -0.0156168
v 0.548379 0.025415 -0.0120204
v 0.537744 0.028139 -0.00853675
v 0.537744 0.0265822 -0.0125724
v 0.527291 0.0293087 -0.00889167
v 0.527291 0.0276872 -0.0130951
v 0.517048 0.0304091 -0.00922558
v 0.517048 0.0287268 -0.0135867
v 0.507033 0.0314382 -0.00953784
v 0.570024 0.0174756 -0.0183552
v 0.537744 0.0278449 0.00945205
v 0.537744 0.0285242 0.00714493
v 0.527291 0.0290024 0.00984498
v 0.527291 0.0297099 0.00744194
v 0.517048 0.0300913 0.0102146
v 0.517048 0.0308254 0.00772137
v 0.507033 0.0311097 0.0105603
v 0.507033 0.0318686 0.00798267
v 0.49801 0.0319853 0.0108575
v 0.49801 0.0327656 0.00820735
v 0.489194 0.0328001 0.0111341
v 0.489194 0.0336003 0.00841644
v 0.489194 0.0341757 0.00564244
v 0.480585 0.0343731 0.00861002
v 0.480585 0.0335545 0.0113902
v 0.472183 0.0346084 0.0105075
v 0.472183 0.0354729 0.00705851
v 0.480585 0.0349618 0.00577221
v 0.472183 0.0359945 0.00354157
v 0.480585 0.0353165 0.00289579
v 0.472183 0.0361683 8.85869e-18
v 0.472183 0.0315819 0.00261695
v 0.472183 0.0315819 -0.00261695
v 0.472183 0.0359947 -0.00353977
v 0.472183 0.0354742 -0.00705204
v 0.437324 0.0315819 -0.00261695
v 0.437324 0.0315819 0.00261695
v 0.437324 0.0357615 -0.00693553
v 0.437324 0.0364011 -0.00139528
v 0.469014 0.0364011 -0.00139528
v 0.469014 0.0361875 0.00417767
v 0.437324 0.0361875 0.00417767
v 0.469014 0.0351257 0.0096527
v 0.437324 0.0351257 0.0096527
v 0.437324 0.0307204 0.00777947
v 0.472183 0.0307204 0.00777947
v 0.437324 0.029021 0.0127298
v 0.472183 0.029021 0.0127298
v 0.437324 0.0265299 0.0173329
v 0.437324 0.0332405 0.0149015
v 0.469014 0.0332405 0.0149015
v 0.469014 0.0305762 0.019801
v 0.437324 0.0305762 0.019801
v 0.437324 0.0271953 0.0242364
v 0.469014 0.0271953 0.0242364
v 0.469014 0.0231769 0.0281037
v 0.437324 0.0231769 0.0281037
v 0.437324 0.0233152 0.0214631
v 0.472183 0.0233152 0.0214631
v 0.472183 0.0265299 0.0173329
v 0.472183 0.0279359 0.0229725
v 0.472183 0.0300566 0.0201185
v 0.472183 0.0318867 0.0170701
v 0.480585 0.0297814 0.019202
v 0.472183 0.0334091 0.0138557
v 0.480585 0.0325115 0.0140942
v 0.480585 0.0312406 0.0167232
v 0.489194 0.0305387 0.0163465
v 0.489194 0.0317805 0.0137774
v 0.49801 0.0297804 0.0159396
v 0.49801 0.030991 0.0134351
v 0.507033 0.0289655 0.0155026
v 0.507033 0.0301426 0.0130673
v 0.517048 0.0280178 0.0149943
v 0.517048 0.0291559 0.0126396
v 0.527291 0.0281008 0.0121822
v 0.527291 0.0270043 0.014451
v 0.527291 0.0257411 0.0165969
v 0.517048 0.025211 0.0193451
v 0.517048 0.0267076 0.0172201
v 0.507033 0.0260642 0.0199997
v 0.507033 0.0276114 0.0178029
v 0.49801 0.0267978 0.0205627
v 0.49801 0.0283885 0.0183039
v 0.489194 0.0274805 0.0210865
v 0.489194 0.0291118 0.0187702
v 0.480585 0.0281125 0.0215715
v 0.480585 0.0262557 0.0237967
v 0.472183 0.0255521 0.0255977
v 0.469014 0.0253392 0.0304482
v 0.469014 0.0206358 0.0338131
v 0.477851 0.0215894 0.0323108
v 0.477851 0.0188767 0.0339671
v 0.48692 0.0184765 0.0332469
v 0.48692 0.0156977 0.0346456
v 0.477851 0.0160378 0.0353961
v 0.494459 0.0153997 0.0339879
v 0.48692 0.012814 0.0358126
v 0.494459 0.0125707 0.0351327
v 0.502151 0.0123114 0.0344082
v 0.502151 0.0150821 0.033287
v 0.494459 0.0181258 0.0326158
v 0.502151 0.0177519 0.0319431
v 0.494459 0.0207305 0.0310254
v 0.48692 0.0211317 0.0316258
v 0.477851 0.0241577 0.0304384
v 0.48692 0.0236455 0.0297931
v 0.477851 0.0265643 0.0283624
v 0.469014 0.0295024 0.0264343
v 0.477851 0.0287933 0.0260967
v 0.48692 0.0260011 0.0277611
v 0.48692 0.0281828 0.0255434
v 0.494459 0.0231966 0.0292275
v 0.494459 0.0255075 0.0272341
v 0.502151 0.0227182 0.0286247
v 0.502151 0.0249815 0.0266724
v 0.494459 0.0276478 0.0250585
v 0.502151 0.0270776 0.0245417
v 0.494459 0.0296032 0.0227153
v 0.48692 0.030176 0.0231549
v 0.477851 0.0326597 0.0210579
v 0.477851 0.0308296 0.0236564
v 0.48692 0.0319673 0.0206114
v 0.494459 0.0313605 0.0202201
v 0.477851 0.0342714 0.0183184
v 0.48692 0.0335448 0.0179301
v 0.48692 0.0348979 0.0151288
v 0.477851 0.0356537 0.0154565
v 0.494459 0.032908 0.0175897
v 0.502151 0.0307137 0.0198031
v 0.502151 0.0322293 0.0172269
v 0.494459 0.0342354 0.0148416
v 0.502151 0.0335293 0.0145355
v 0.494459 0.0353337 0.0119942
v 0.48692 0.0360175 0.0122263
v 0.477851 0.0376953 0.00944219
v 0.477851 0.0367976 0.0124911
v 0.48692 0.0368961 0.009242
v 0.477851 0.0383409 0.0063301
v 0.48692 0.037528 0.0061959
v 0.494459 0.0361957 0.00906655
v 0.502151 0.034605 0.0117468
v 0.502151 0.0354492 0.00887957
v 0.494459 0.0368156 0.00607828
v 0.502151 0.0360563 0.00595292
v 0.494459 0.0371892 0.00304934
v 0.48692 0.0379088 0.00310835
v 0.497399 0.0370236 -4.62652e-32
v 0.482924 0.0384053 -4.62652e-32
v 0.477851 0.0387299 0.00317567
v 0.469014 0.0396127 -4.62652e-32
v 0.469014 0.0391905 0.00576765
v 0.469014 0.0379331 0.0114124
v 0.469014 0.0358672 0.0168139
v 0.469014 0.0330369 0.021857
v 0.469014 0.0391905 -0.00576765
v 0.477851 0.0384393 -0.00570193
v 0.469014 0.0379331 -0.0114124
v 0.477851 0.0371866 -0.0112804
v 0.48692 0.0376244 -0.00558105
v 0.48692 0.0363982 -0.0110413
v 0.477851 0.036256 -0.0139855
v 0.469014 0.0358672 -0.0168139
v 0.477851 0.0351289 -0.0166148
v 0.48692 0.0354873 -0.013689
v 0.494459 0.0357072 -0.0108317
v 0.48692 0.0343842 -0.0162625
v 0.494459 0.0348137 -0.0134291
v 0.502151 0.0349708 -0.0106083
v 0.502151 0.0340957 -0.0131522
v 0.494459 0.0337314 -0.0159538
v 0.502151 0.0330358 -0.0156247
v 0.494459 0.0324664 -0.018392
v 0.48692 0.0330947 -0.0187479
v 0.48692 0.0316258 -0.0211317
v 0.477851 0.0323108 -0.0215894
v 0.477851 0.0338115 -0.019154
v 0.469014 0.0330369 -0.021857
v 0.469014 0.0295024 -0.0264343
v 0.477851 0.0306351 -0.0239078
v 0.48692 0.0299856 -0.023401
v 0.477851 0.0287933 -0.0260967
v 0.477851 0.0267955 -0.0281442
v 0.48692 0.0281828 -0.0255434
v 0.494459 0.0294163 -0.0229567
v 0.48692 0.0262274 -0.0275475
v 0.494459 0.0276478 -0.0250585
v 0.502151 0.0288096 -0.0224833
v 0.502151 0.0270776 -0.0245417
v 0.494459 0.0257295 -0.0270245
v 0.502151 0.0251989 -0.0264672
v 0.494459 0.0236717 -0.0288441
v 0.48692 0.0241298 -0.0294023
v 0.477851 0.0223759 -0.0317713
v 0.477851 0.0246525 -0.0300391
v 0.469014 0.0253392 -0.0304482
v 0.502151 0.0231835 -0.0282492
v 0.517987 0.0240392 -0.0252491
v 0.517987 0.0221166 -0.0269491
v 0.534392 0.0227503 -0.0238954
v 0.534392 0.0209308 -0.0255043
v 0.517987 0.0200742 -0.0285031
v 0.551279 0.0213398 -0.0224138
v 0.551279 0.0196331 -0.023923
v 0.534392 0.0189979 -0.0269749
v 0.585797 0.0181986 -0.0191146
v 0.585797 0.0167431 -0.0204016
v 0.551279 0.01782 -0.0253024
v 0.602859 0.0164775 -0.0173069
v 0.602859 0.0151597 -0.0184722
v 0.585797 0.0151969 -0.021578
v 0.611164 0.0155748 -0.0163588
v 0.611164 0.0143292 -0.0174602
v 0.602859 0.0137597 -0.0195373
v 0.619232 0.014639 -0.0153758
v 0.619232 0.0134682 -0.0164111
v 0.611164 0.0130059 -0.018467
v 0.626406 0.0137414 -0.0144331
v 0.626406 0.0126424 -0.0154049
v 0.619232 0.0122244 -0.0173574
v 0.633257 0.0128075 -0.0134522
v 0.633257 0.0117832 -0.0143579
v 0.626406 0.0114749 -0.0162932
v 0.639728 0.0118338 -0.0124295
v 0.639728 0.0108874 -0.0132663
v 0.633257 0.0106951 -0.0151858
v 0.645763 0.0108181 -0.0113626
v 0.645763 0.00995292 -0.0121277
v 0.639728 0.00988197 -0.0140313
v 0.649518 0.0101172 -0.0106265
v 0.649518 0.0093081 -0.0113419
v 0.645763 0.00903379 -0.012827
v 0.653044 0.0100984 -0.00915265
v 0.653044 0.00939772 -0.00987073
v 0.649518 0.0108716 -0.00985341
v 0.653044 0.0107443 -0.00838497
v 0.649518 0.011567 -0.00902695
v 0.645763 0.0116247 -0.010536
v 0.653044 0.0113321 -0.00757184
v 0.645763 0.0123683 -0.00965229
v 0.649518 0.0121997 -0.00815157
v 0.656328 0.0109281 -0.00619067
v 0.656328 0.010443 -0.00697781
v 0.653044 0.0118584 -0.00671769
v 0.656328 0.0113539 -0.00536998
v 0.649518 0.0127663 -0.00723202
v 0.653044 0.0123204 -0.00582713
v 0.645763 0.0136507 -0.00773302
v 0.649518 0.0132637 -0.00627328
v 0.645763 0.0130448 -0.00871627
v 0.645763 0.0141826 -0.00670786
v 0.649518 0.0136893 -0.00528054
v 0.653044 0.0127157 -0.004905
v 0.639728 0.0149324 -0.00845908
v 0.639728 0.0155142 -0.00733766
v 0.645763 0.0146376 -0.00564635
v 0.633257 0.016161 -0.00915509
v 0.633257 0.0167907 -0.00794141
v 0.639728 0.0160119 -0.00617649
v 0.626406 0.0173395 -0.00982268
v 0.626406 0.0180151 -0.00852049
v 0.633257 0.0173294 -0.00668469
v 0.619232 0.018472 -0.0104643
v 0.619232 0.0191918 -0.00907702
v 0.626406 0.0185931 -0.00717214
v 0.611164 0.0196529 -0.0111332
v 0.611164 0.0204186 -0.0096573
v 0.619232 0.0198075 -0.0076406
v 0.602859 0.0207919 -0.0117785
v 0.602859 0.0216021 -0.010217
v 0.611164 0.0210738 -0.00812904
v 0.585797 0.0229636 -0.0130087
v 0.585797 0.0238584 -0.0112842
v 0.602859 0.0222952 -0.00860019
v 0.551279 0.0269273 -0.0152541
v 0.551279 0.0279765 -0.0132319
v 0.585797 0.0246239 -0.00949847
v 0.534392 0.0287072 -0.0162624
v 0.534392 0.0298257 -0.0141065
v 0.551279 0.0288741 -0.011138
v 0.517987 0.0303335 -0.0171837
v 0.517987 0.0315154 -0.0149057
v 0.534392 0.0307826 -0.0118742
v 0.502151 0.0317968 -0.0180127
v 0.517987 0.0325265 -0.0125469
v 0.517987 0.0333614 -0.0101201
v 0.534392 0.0315728 -0.00957749
v 0.534392 0.0326363 -0.00484114
v 0.551279 0.0306128 -0.00454098
v 0.551279 0.0296152 -0.00898367
v 0.585797 0.0261067 -0.00387256
v 0.585797 0.0252559 -0.00766129
v 0.602859 0.0236377 -0.00350633
v 0.602859 0.0228674 -0.00693675
v 0.611164 0.0223428 -0.00331424
v 0.611164 0.0216147 -0.00655674
v 0.619232 0.0210003 -0.0031151
v 0.619232 0.0203159 -0.00616276
v 0.626406 0.0197127 -0.00292411
v 0.626406 0.0190703 -0.00578491
v 0.633257 0.018373 -0.00272537
v 0.633257 0.0177742 -0.00539175
v 0.639728 0.0169762 -0.00251818
v 0.639728 0.0164229 -0.00498184
v 0.645763 0.0155191 -0.00230204
v 0.645763 0.0150133 -0.00455424
v 0.649518 0.0145136 -0.00215289
v 0.649518 0.0140406 -0.00425918
v 0.653044 0.0130421 -0.00395628
v 0.653044 0.0134814 -0.00199978
v 0.65131 0.014154 -4.62652e-32
v 0.656525 0.0124921 -4.62652e-32
v 0.656328 0.0124238 -0.00184289
v 0.65936 0.0113428 -0.00168254
v 0.656328 0.0120189 -0.0036459
v 0.65936 0.0109731 -0.00332867
v 0.656328 0.0117181 -0.00452018
v 0.65936 0.0106985 -0.00412688
v 0.662135 0.00990767 -0.00300546
v 0.65936 0.010366 -0.00490273
v 0.662135 0.00965973 -0.00372617
v 0.664645 0.00882599 -0.00267734
v 0.664645 0.00860512 -0.00331936
v 0.662135 0.00935944 -0.00442669
v 0.666888 0.00753848 -0.00290791
v 0.664645 0.00833762 -0.0039434
v 0.666888 0.00773198 -0.00234547
v 0.666888 0.00799244 -0.00118557
v 0.66886 0.00685287 -0.00101653
v 0.66886 0.00662955 -0.00201105
v 0.670403 0.00582299 -0.000863759
v 0.670403 0.00563322 -0.00170882
v 0.66886 0.00646364 -0.0024933
v 0.670403 0.00549225 -0.0021186
v 0.66886 0.00626271 -0.00296204
v 0.666888 0.00730414 -0.0034546
v 0.666888 0.00703021 -0.00398257
v 0.664645 0.00802493 -0.00454607
v 0.66886 0.00602784 -0.00341473
v 0.666888 0.00671819 -0.00448895
v 0.664645 0.00766876 -0.0051241
v 0.66886 0.0057603 -0.00384891
v 0.664645 0.00727103 -0.00567436
v 0.666888 0.00636976 -0.00497101
v 0.666888 0.00598681 -0.00542613
v 0.664645 0.00683389 -0.00619388
v 0.66886 0.00546155 -0.00426224
v 0.670403 0.00489462 -0.00327048
v 0.670403 0.00464076 -0.00362169
v 0.66886 0.0051332 -0.00465246
v 0.670403 0.00436176 -0.00395327
v 0.66886 0.00477704 -0.00501748
v 0.666888 0.00557142 -0.00585184
v 0.664645 0.00635973 -0.00667983
v 0.666888 0.00512583 -0.00624584
v 0.664645 0.0058511 -0.00712958
v 0.662135 0.00656818 -0.00800335
v 0.662135 0.00596162 -0.00846485
v 0.664645 0.00531076 -0.0075407
v 0.666888 0.00465247 -0.006606
v 0.664645 0.00474164 -0.00791095
v 0.662135 0.00532276 -0.00888048
v 0.65936 0.00515565 -0.0102425
v 0.662135 0.00465504 -0.00924798
v 0.65936 0.00589517 -0.00983549
v 0.65936 0.00660274 -0.00937517
v 0.656328 0.00645699 -0.0107728
v 0.656328 0.005647 -0.0112187
v 0.656328 0.0048064 -0.0116037
v 0.653044 0.00521558 -0.0125915
v 0.653044 0.00612774 -0.0121737
v 0.653044 0.00427516 -0.0129411
v 0.649518 0.0056149 -0.0135556
v 0.649518 0.00460248 -0.0139319
v 0.649518 0.00356511 -0.0142327
v 0.645763 0.00492131 -0.014897
v 0.645763 0.00381209 -0.0152187
v 0.653044 0.00331157 -0.0132205
v 0.649518 0.00143815 -0.0146018
v 0.645763 0.00153778 -0.0156133
v 0.653044 0.00133587 -0.0135633
v 0.649518 -0.000719943 -0.0146548
v 0.645763 -0.000769817 -0.01567
v 0.649518 -0.00286245 -0.0143905
v 0.645763 -0.00306075 -0.0153874
v 0.653044 -0.000668741 -0.0136125
v 0.639728 -0.00334812 -0.0168322
v 0.639728 -0.00578167 -0.0161587
v 0.645763 -0.00528542 -0.0147718
v 0.633257 -0.00752695 -0.0169805
v 0.639728 -0.00695472 -0.0156896
v 0.633257 -0.00625739 -0.0174882
v 0.633257 -0.00875572 -0.0163808
v 0.645763 -0.00635778 -0.0143429
v 0.639728 -0.00809007 -0.0151355
v 0.626406 -0.00939419 -0.0175753
v 0.626406 -0.0106617 -0.0168366
v 0.633257 -0.00993704 -0.0156923
v 0.619232 -0.011358 -0.0179363
v 0.619232 -0.0126467 -0.0170522
v 0.626406 -0.0118713 -0.0160067
v 0.611164 -0.0134552 -0.0181423
v 0.611164 -0.0147534 -0.0171033
v 0.619232 -0.0138669 -0.0160756
v 0.602859 -0.0156085 -0.0180946
v 0.602859 -0.0168973 -0.0168973
v 0.611164 -0.0159716 -0.0159716
v 0.585797 -0.0186622 -0.0186622
v 0.585797 -0.0172388 -0.0199845
v 0.551279 -0.0218834 -0.0218834
v 0.551279 -0.0202143 -0.0234339
v 0.534392 -0.0233299 -0.0233299
v 0.534392 -0.0215504 -0.0249829
v 0.517987 -0.0246516 -0.0246516
v 0.502151 -0.0258408 -0.0258408
v 0.517987 -0.0227713 -0.0263983
v 0.517987 -0.0207676 -0.0280019
v 0.534392 -0.0196542 -0.0265006
v 0.534392 -0.0176514 -0.0278746
v 0.551279 -0.016557 -0.0261464
v 0.551279 -0.0184356 -0.0248575
v 0.585797 -0.0141198 -0.0222977
v 0.585797 -0.0157219 -0.0211985
v 0.602859 -0.0127845 -0.0201889
v 0.602859 -0.0142351 -0.0191938
v 0.611164 -0.0120841 -0.0190829
v 0.611164 -0.0106476 -0.0199202
v 0.619232 -0.0100078 -0.0187232
v 0.619232 -0.0086033 -0.0194087
v 0.626406 -0.00807582 -0.0182187
v 0.626406 -0.00671368 -0.0187635
v 0.619232 -0.00715219 -0.019989
v 0.626406 -0.00388784 -0.0195455
v 0.633257 -0.00362361 -0.0182171
v 0.633257 -0.000911383 -0.0185516
v 0.639728 -0.000842095 -0.0171412
v 0.639728 0.00168216 -0.0170793
v 0.639728 0.00417001 -0.0166476
v 0.633257 0.00182057 -0.0184846
v 0.633257 0.00451311 -0.0180174
v 0.626406 0.00195333 -0.0198324
v 0.626406 -0.000977841 -0.0199044
v 0.619232 -0.00104171 -0.0212045
v 0.619232 -0.00414178 -0.0208221
v 0.611164 -0.00440656 -0.0221533
v 0.611164 -0.00760942 -0.0212669
v 0.602859 -0.0096838 -0.0218463
v 0.611164 -0.00915329 -0.0206495
v 0.602859 -0.00805045 -0.0224995
v 0.602859 -0.0112647 -0.0210747
v 0.585797 -0.0124413 -0.023276
v 0.585797 -0.0106953 -0.0241281
v 0.551279 -0.0145887 -0.0272935
v 0.551279 -0.0125413 -0.0282928
v 0.534392 -0.015553 -0.0290976
v 0.534392 -0.0133703 -0.0301629
v 0.517987 -0.0164341 -0.030746
v 0.517987 -0.0186514 -0.0294538
v 0.517987 -0.0141278 -0.0318717
v 0.502151 -0.0172269 -0.0322293
v 0.534392 -0.0111152 -0.0310648
v 0.517987 -0.0117448 -0.0328247
v 0.517987 -0.00680135 -0.0341927
v 0.534392 -0.0064367 -0.0323595
v 0.534392 -0.00161891 -0.0329537
v 0.551279 -0.00151854 -0.0309105
v 0.551279 -0.00603761 -0.0303531
v 0.585797 -0.00129501 -0.0263605
v 0.585797 -0.00514889 -0.0258852
v 0.551279 -0.010426 -0.0291387
v 0.602859 -0.00117254 -0.0238676
v 0.602859 -0.00466195 -0.0234372
v 0.585797 -0.00889131 -0.0248495
v 0.611164 -0.0011083 -0.0225601
v 0.611164 0.00221394 -0.0224785
v 0.619232 0.00208091 -0.0211278
v 0.619232 0.00515849 -0.0205938
v 0.626406 0.00484221 -0.0193312
v 0.626406 0.00625118 -0.0189226
v 0.633257 0.00582632 -0.0176365
v 0.633257 0.00710796 -0.0171601
v 0.639728 0.00656758 -0.0158555
v 0.639728 0.00538338 -0.0162957
v 0.645763 0.00600387 -0.0144946
v 0.649518 0.0065969 -0.0131058
v 0.645763 0.0070539 -0.0140137
v 0.649518 0.00754314 -0.012585
v 0.653044 0.00700669 -0.0116899
v 0.653044 0.00784767 -0.0111428
v 0.656328 0.00723199 -0.0102686
v 0.656328 0.00796781 -0.0097088
v 0.65936 0.00727453 -0.00886404
v 0.65936 0.00790689 -0.00830487
v 0.662135 0.00713915 -0.00749848
v 0.662135 0.00767143 -0.00695298
v 0.662135 0.00816213 -0.00636979
v 0.65936 0.00849641 -0.0077007
v 0.65936 0.00903989 -0.0070548
v 0.656328 0.00930614 -0.0084346
v 0.656328 0.00866044 -0.00909634
v 0.653044 0.00864612 -0.0105353
v 0.649518 0.00844851 -0.011996
v 0.645763 0.0080657 -0.0134568
v 0.639728 0.00771619 -0.0153294
v 0.639728 0.00882299 -0.0147203
v 0.633257 0.00835108 -0.0165907
v 0.633257 0.00954894 -0.0159314
v 0.626406 0.00896004 -0.0178005
v 0.626406 0.0102453 -0.0170932
v 0.619232 0.00954528 -0.0189632
v 0.619232 0.0109144 -0.0182096
v 0.611164 0.0101555 -0.0201755
v 0.611164 0.0116122 -0.0193737
v 0.602859 0.0107441 -0.0213448
v 0.602859 0.0122852 -0.0204966
v 0.585797 0.0118663 -0.0235743
v 0.585797 0.0135684 -0.0226375
v 0.551279 0.0139145 -0.0276433
v 0.551279 0.0159103 -0.0265448
v 0.534392 0.0148342 -0.0294705
v 0.534392 0.016962 -0.0282994
v 0.517987 0.0156746 -0.0311401
v 0.517987 0.0179229 -0.0299026
v 0.517987 0.0133413 -0.0322088
v 0.534392 0.012626 -0.030482
v 0.517987 0.0109358 -0.033103
v 0.551279 0.0118432 -0.028592
v 0.534392 0.0103494 -0.0313282
v 0.585797 0.0100999 -0.0243833
v 0.551279 0.00970776 -0.0293858
v 0.602859 0.00914475 -0.0220774
v 0.585797 0.00827879 -0.0250603
v 0.611164 0.00864377 -0.0208679
v 0.602859 0.00749586 -0.0226903
v 0.619232 0.0081244 -0.019614
v 0.611164 0.00708521 -0.0214472
v 0.626406 0.00762627 -0.0184115
v 0.619232 0.00665948 -0.0201585
v 0.611164 0.00548826 -0.0219103
v 0.602859 0.00580635 -0.0231802
v 0.602859 0.00234226 -0.0237813
v 0.585797 0.0025869 -0.0262652
v 0.585797 0.00641281 -0.0256014
v 0.551279 0.00303341 -0.0307988
v 0.551279 0.0075197 -0.0300203
v 0.534392 0.00323392 -0.0328346
v 0.534392 0.00801675 -0.0320047
v 0.517987 0.00341713 -0.0346947
v 0.517987 -0.00171063 -0.0348206
v 0.517987 0.00847092 -0.0338178
v 0.656328 0.00990142 -0.00772714
v 0.65936 0.00953438 -0.00637067
v 0.65936 0.0099772 -0.00565202
v 0.662135 0.00900843 -0.00510321
v 0.662135 0.00860861 -0.00575209
v 0.619232 -0.0150119 -0.0150119
v 0.626406 -0.0130167 -0.01509
v 0.626406 -0.0140915 -0.0140915
v 0.633257 -0.012132 -0.0140644
v 0.633257 -0.0131338 -0.0131338
v 0.639728 -0.0112097 -0.0129952
v 0.639728 -0.0121353 -0.0121353
v 0.645763 -0.0102475 -0.0118798
v 0.645763 -0.0110937 -0.0110937
v 0.649518 -0.00958364 -0.0111101
v 0.653044 -0.00811876 -0.0109469
v 0.653044 -0.00890207 -0.01032
v 0.649518 -0.00874036 -0.011785
v 0.653044 -0.00729146 -0.0115145
v 0.649518 -0.00784972 -0.0123961
v 0.645763 -0.00934585 -0.0126014
v 0.653044 -0.00642465 -0.0120197
v 0.645763 -0.00839351 -0.0132548
v 0.649518 -0.00691654 -0.0129399
v 0.656328 -0.00508972 -0.0114822
v 0.656328 -0.00592061 -0.0110767
v 0.653044 -0.00552302 -0.0124597
v 0.656328 -0.00423124 -0.0118255
v 0.649518 -0.00594588 -0.0134137
v 0.653044 -0.00459146 -0.0128323
v 0.649518 -0.004943 -0.0138147
v 0.645763 -0.00739569 -0.0138364
v 0.653044 -0.00265888 -0.0133671
v 0.656328 -0.000616277 -0.0125446
v 0.656328 -0.00245028 -0.0123184
v 0.65936 -0.000562654 -0.0114531
v 0.65936 -0.00223708 -0.0112466
v 0.662135 -0.000508021 -0.010341
v 0.65936 -0.00386308 -0.0107966
v 0.662135 -0.00201986 -0.0101545
v 0.664645 -0.000452558 -0.00921203
v 0.664645 -0.00179934 -0.00904592
v 0.662135 -0.00348798 -0.00974826
v 0.666888 -0.00157631 -0.00792464
v 0.664645 -0.00310718 -0.00868399
v 0.666888 -0.000396462 -0.00807016
v 0.666888 0.000791968 -0.00804099
v 0.66886 0.000679049 -0.0068945
v 0.66886 -0.000339934 -0.00691951
v 0.670403 0.000576998 -0.00585836
v 0.670403 -0.000288847 -0.00587961
v 0.66886 -0.00135156 -0.00679474
v 0.670403 -0.00114844 -0.00577359
v 0.66886 -0.00233392 -0.00652288
v 0.666888 -0.00272203 -0.00760758
v 0.666888 -0.00327431 -0.00738672
v 0.664645 -0.0037376 -0.00843188
v 0.66886 -0.00280745 -0.00633352
v 0.666888 -0.00380884 -0.00712583
v 0.664645 -0.00434776 -0.00813408
v 0.66886 -0.00326577 -0.00610982
v 0.664645 -0.00493436 -0.0077922
v 0.666888 -0.00432272 -0.00682633
v 0.666888 -0.00481319 -0.00648983
v 0.664645 -0.00549422 -0.00740809
v 0.66886 -0.00370639 -0.00585303
v 0.670403 -0.00277497 -0.00519161
v 0.670403 -0.00314937 -0.0049734
v 0.66886 -0.00412692 -0.00556451
v 0.670403 -0.0035067 -0.00472824
v 0.66886 -0.00452509 -0.00524584
v 0.666888 -0.00527757 -0.00611817
v 0.664645 -0.0060243 -0.00698384
v 0.666888 -0.00571335 -0.00571335
v 0.664645 -0.00652174 -0.00652174
v 0.662135 -0.00732102 -0.00732102
v 0.662135 -0.00789481 -0.00669825
v 0.664645 -0.00703289 -0.00596697
v 0.666888 -0.00616114 -0.00522734
v 0.664645 -0.007497 -0.00537227
v 0.662135 -0.0084158 -0.00603067
v 0.662135 -0.00888048 -0.00532276
v 0.65936 -0.0102844 -0.00507168
v 0.662135 -0.00928576 -0.00457923
v 0.664645 -0.00791095 -0.00474164
v 0.666888 -0.00656772 -0.00470636
v 0.666888 -0.00693036 -0.0041539
v 0.664645 -0.00827198 -0.00407929
v 0.66886 -0.00563129 -0.00403532
v 0.66886 -0.00528268 -0.00448202
v 0.66886 -0.00489874 -0.00489874
v 0.670403 -0.00416253 -0.00416253
v 0.670403 -0.00448877 -0.00380844
v 0.671727 -0.00342524 -0.00342524
v 0.670403 -0.00478499 -0.00342887
v 0.671727 -0.0036937 -0.00313387
v 0.671727 -0.00393745 -0.00282153
v 0.67283 -0.00268826 -0.00268826
v 0.67283 -0.00289896 -0.00245958
v 0.673714 -0.00195253 -0.00195253
v 0.673714 -0.00210556 -0.00178644
v 0.67283 -0.00309026 -0.00221445
v 0.674551 -0.000974406 -0.000974406
v 0.674551 -0.000900084 -0.00104345
v 0.673714 -0.0018036 -0.00209088
v 0.674551 -0.000820885 -0.00110683
v 0.673714 -0.0016449 -0.00221789
v 0.67283 -0.00248322 -0.00287874
v 0.674551 -0.000737237 -0.00116422
v 0.673714 -0.00147729 -0.00233289
v 0.67283 -0.00226471 -0.00305361
v 0.674551 -0.000649593 -0.0012153
v 0.67283 -0.00203394 -0.00321194
v 0.673714 -0.00130167 -0.00243525
v 0.671727 -0.00259154 -0.00409249
v 0.671727 -0.00288558 -0.00389075
v 0.67283 -0.00179214 -0.00335286
v 0.671727 -0.00228346 -0.00427205
v 0.673714 -0.00111899 -0.0025244
v 0.67283 -0.00154064 -0.00347562
v 0.671727 -0.001963 -0.00442845
v 0.670403 -0.00238554 -0.00538168
v 0.671727 -0.0016319 -0.00456086
v 0.67283 -0.00128078 -0.00357954
v 0.673714 -0.000538702 -0.00270824
v 0.67283 -0.000741689 -0.00372872
v 0.673714 -0.000930252 -0.00259988
v 0.673714 -0.00013549 -0.00275797
v 0.674551 -6.76162e-05 -0.00137636
v 0.674551 -0.000268838 -0.00135154
v 0.675 3.51831e-17 -4.62652e-32
v 0.674551 -0.00046424 -0.00129747
v 0.674551 -0.00055843 -0.0012598
v 0.674551 0.000669391 0.00120451
v 0.674551 0.000765586 0.00114578
v 0.674551 0.000568718 0.00125519
v 0.674551 0.00046424 0.00129747
v 0.674551 0.0013631 -0.000202197
v 0.674551 0.00131868 -0.000400018
v 0.674752 0.000896535 -4.62652e-32
v 0.674551 0.00137341 0.000112613
v 0.674551 0.00135961 0.000224473
v 0.674551 0.00128568 -0.000495942
v 0.674551 0.00124571 -0.000589179
v 0.674551 0.001199 -0.000679223
v 0.674551 0.00114578 -0.000765586
v 0.674551 0.00108636 -0.000847801
v 0.674551 0.00102104 -0.000925421
v 0.674551 0.0009502 -0.000998026
v 0.674551 0.000874206 -0.00106522
v 0.674551 0.000793474 -0.00112665
v 0.674551 0.000708443 -0.00118197
v 0.674551 0.000619573 -0.00123088
v 0.674551 0.000527345 -0.00127312
v 0.674551 0.000432259 -0.00130847
v 0.674551 0.000334831 -0.00133672
v 0.674551 0.000135069 -0.00137138
v 0.674551 -0.00105078 -0.000891518
v 0.674551 -0.00112012 -0.000802665
v 0.674551 -0.00118197 -0.000708443
v 0.674551 -0.00123591 -0.000609482
v 0.674551 -0.00128158 -0.000506444
v 0.674551 -0.00131868 -0.000400018
v 0.674551 -0.00134696 -0.000290916
v 0.674551 -0.00136623 -0.000179868
v 0.674551 -0.00137636 -6.76162e-05
v 0.674551 -0.00137728 4.50875e-05
v 0.674551 -0.00136899 0.00015749
v 0.674551 -0.00135154 0.000268838
v 0.674551 -0.00132505 0.000378388
v 0.674551 -0.0012897 0.000485407
v 0.674551 -0.00124571 0.000589179
v 0.674551 -0.0011934 0.000689009
v 0.674551 -0.0011331 0.000784231
v 0.674551 -0.00106522 0.000874206
v 0.674551 -0.000990219 0.000958333
v 0.674551 -0.000908591 0.00103605
v 0.674551 -0.000820885 0.00110683
v 0.674551 -0.000727687 0.00117022
v 0.674551 -0.000629633 0.00122576
v 0.674551 -0.000527345 0.00127312
v 0.674551 -0.00042154 0.00131196
v 0.674551 -0.000312915 0.00134202
v 0.674551 -0.000202197 0.0013631
v 0.674551 -9.01267e-05 0.00137507
v 0.674551 2.25468e-05 0.00137783
v 0.674551 0.000135069 0.00137138
v 0.674551 0.000246689 0.00135576
v 0.674551 0.000356657 0.00133106
v 0.674551 0.00085666 0.00107938
v 0.674551 0.000942003 0.00100577
v 0.674551 0.00102104 0.000925421
v 0.674551 0.00109326 0.000838885
v 0.674551 0.00115815 0.000746737
v 0.674551 0.0012153 0.000649593
v 0.674551 0.00126432 0.000548105
v 0.674551 0.00130489 0.00044295
v 0.674551 0.00133672 0.000334831
v 0.673714 0.00275206 0.000225656
v 0.673714 0.00272441 0.000449803
v 0.67283 0.00378906 0.000310685
v 0.673714 0.00267854 0.00067094
v 0.67283 0.00375099 0.000619292
v 0.671727 0.00482782 0.000395859
v 0.671727 0.00477932 0.000789069
v 0.67283 0.00368784 0.000923756
v 0.671727 0.00469885 0.001177
v 0.67283 0.00360001 0.00122204
v 0.673714 0.00261475 0.000887589
v 0.673714 0.00253347 0.0010983
v 0.67283 0.00348811 0.00151215
v 0.673714 0.00243525 0.00130167
v 0.673714 0.00232073 0.00149632
v 0.67283 0.00335286 0.00179214
v 0.67283 0.00319519 0.00206015
v 0.673714 0.00219068 0.00168097
v 0.67283 0.00301615 0.00231437
v 0.673714 0.00204599 0.00185437
v 0.671727 0.00407115 0.00262493
v 0.671727 0.00384302 0.00294885
v 0.67283 0.00281693 0.00255311
v 0.671727 0.00358918 0.00325305
v 0.67283 0.00259886 0.00277478
v 0.673714 0.0018876 0.00201537
v 0.673714 0.00171659 0.00216289
v 0.67283 0.00236341 0.00297788
v 0.673714 0.00153409 0.00229593
v 0.67283 0.00211215 0.00316106
v 0.673714 0.00134134 0.00241362
v 0.673714 0.00113961 0.00251516
v 0.67283 0.00184676 0.00332309
v 0.67283 0.00156902 0.0034629
v 0.671727 0.00235305 0.00423411
v 0.671727 0.00269119 0.00402766
v 0.671727 0.00301134 0.00379426
v 0.670403 0.00365953 0.00461098
v 0.670403 0.00327048 0.00489462
v 0.670403 0.00402411 0.00429649
v 0.66886 0.00473583 0.00505639
v 0.66886 0.00430678 0.0054265
v 0.666888 0.00598681 0.00542613
v 0.66886 0.0051332 0.00465246
v 0.666888 0.00552335 0.00589723
v 0.666888 0.00641021 0.00491873
v 0.664645 0.00683389 0.00619388
v 0.664645 0.00731721 0.00561469
v 0.662135 0.00821397 0.0063028
v 0.662135 0.00870157 0.00561047
v 0.664645 0.00775157 0.00499794
v 0.662135 0.00913096 0.0048806
v 0.664645 0.00813408 0.00434776
v 0.666888 0.00679074 0.00437843
v 0.666888 0.00712583 0.00380884
v 0.66886 0.00549624 0.00421741
v 0.66886 0.00582251 0.00375415
v 0.66886 0.00610982 0.00326577
v 0.670403 0.00494747 0.00318995
v 0.670403 0.00467024 0.0035836
v 0.670403 0.00436176 0.00395327
v 0.671727 0.00331134 0.00353548
v 0.670403 0.00519161 0.00277497
v 0.671727 0.00427205 0.00228346
v 0.670403 0.00540102 0.00234143
v 0.66886 0.00635627 0.00275554
v 0.671727 0.00444436 0.0019267
v 0.671727 0.00458695 0.00155706
v 0.670403 0.0055743 0.00189222
v 0.670403 0.00571029 0.00143035
v 0.66886 0.00672024 0.00168333
v 0.66886 0.0065602 0.00222689
v 0.666888 0.00783775 0.00196325
v 0.666888 0.0076511 0.0025972
v 0.666888 0.00741326 0.00321377
v 0.664645 0.00873367 0.00296468
v 0.664645 0.00894673 0.00224104
v 0.662135 0.0100432 0.00251569
v 0.662135 0.00980403 0.00332802
v 0.664645 0.00846218 0.00366849
v 0.662135 0.00949927 0.00411808
v 0.65936 0.0105208 0.00456094
v 0.65936 0.0108584 0.00368591
v 0.65936 0.0111233 0.00278623
v 0.656328 0.0121833 0.00305176
v 0.656328 0.0118932 0.00403719
v 0.65936 0.0113137 0.00186791
v 0.656328 0.012392 0.00204592
v 0.656328 0.0125177 0.00102639
v 0.653044 0.0135834 0.00111377
v 0.653044 0.0134469 0.0022201
v 0.649518 0.0146234 0.00119905
v 0.645763 0.0156364 0.00128211
v 0.649518 0.0144765 0.00239007
v 0.645521 0.0157515 -4.62652e-32
v 0.639205 0.0172819 -4.62652e-32
v 0.639728 0.0171045 0.00140249
v 0.633257 0.0185119 0.00151789
v 0.639728 0.0169327 0.0027956
v 0.645763 0.0154793 0.00255565
v 0.649518 0.0142327 0.00356511
v 0.645763 0.0152187 0.00381209
v 0.653044 0.0132205 0.00331157
v 0.649518 0.0138938 0.0047163
v 0.653044 0.0129057 0.00438089
v 0.656328 0.0115235 0.00499561
v 0.653044 0.0125045 0.0054209
v 0.656328 0.0110767 0.00592061
v 0.649518 0.0134619 0.00583594
v 0.653044 0.0120197 0.00642465
v 0.645763 0.0143945 0.00624023
v 0.649518 0.0129399 0.00691654
v 0.645763 0.0148563 0.00504302
v 0.645763 0.0138364 0.00739569
v 0.649518 0.0123314 0.00795087
v 0.653044 0.0114544 0.00738542
v 0.639728 0.015746 0.00682613
v 0.639728 0.0151355 0.00809007
v 0.645763 0.0131857 0.00850167
v 0.633257 0.0170415 0.00738778
v 0.633257 0.0163808 0.00875572
v 0.639728 0.0144237 0.0092999
v 0.626406 0.0182842 0.00792649
v 0.626406 0.0175753 0.00939419
v 0.633257 0.0156105 0.0100651
v 0.619232 0.0194785 0.00844423
v 0.619232 0.0187232 0.0100078
v 0.626406 0.0167488 0.010799
v 0.611164 0.0207237 0.00898405
v 0.611164 0.0199202 0.0106476
v 0.619232 0.0178428 0.0115044
v 0.602859 0.0219248 0.00950475
v 0.602859 0.0210747 0.0112647
v 0.611164 0.0189834 0.0122398
v 0.585797 0.0242148 0.0104975
v 0.585797 0.023276 0.0124413
v 0.602859 0.0200837 0.0129492
v 0.551279 0.0283944 0.0123094
v 0.551279 0.0272935 0.0145887
v 0.585797 0.0221814 0.0143018
v 0.534392 0.0302713 0.0131231
v 0.534392 0.0290976 0.015553
v 0.551279 0.02601 0.0167703
v 0.517987 0.0319862 0.0138665
v 0.517987 0.030746 0.0164341
v 0.534392 0.0277293 0.0178789
v 0.517987 0.0293002 0.0188917
v 0.517987 0.0276583 0.021223
v 0.534392 0.0261755 0.0200851
v 0.534392 0.0244465 0.022157
v 0.551279 0.0229308 0.0207833
v 0.551279 0.0245525 0.0188398
v 0.585797 0.0195554 0.017724
v 0.585797 0.0209384 0.0160666
v 0.602859 0.0177061 0.0160478
v 0.602859 0.0189583 0.0145472
v 0.611164 0.0167361 0.0151687
v 0.611164 0.0179197 0.0137503
v 0.619232 0.0157304 0.0142572
v 0.619232 0.0168429 0.012924
v 0.626406 0.014766 0.0133831
v 0.626406 0.0158103 0.0121316
v 0.633257 0.0137624 0.0124735
v 0.633257 0.0147357 0.0113071
v 0.639728 0.0127161 0.0115252
v 0.639728 0.0136155 0.0104475
v 0.645763 0.0116247 0.010536
v 0.645763 0.0124468 0.00955078
v 0.649518 0.0108716 0.00985341
v 0.649518 0.0116404 0.00893202
v 0.653044 0.00931665 0.00994729
v 0.653044 0.0100984 0.00915265
v 0.649518 0.01003 0.0107089
v 0.653044 0.00847259 0.0106754
v 0.649518 0.00912128 0.0114927
v 0.645763 0.0107248 0.0114507
v 0.653044 0.00757184 0.0113321
v 0.645763 0.00975316 0.0122889
v 0.649518 0.00815157 0.0121997
v 0.656328 0.00610106 0.0109783
v 0.656328 0.00697781 0.010443
v 0.653044 0.00662045 0.0119129
v 0.656328 0.00518349 0.0114402
v 0.649518 0.00712733 0.012825
v 0.653044 0.00562477 0.0124141
v 0.645763 0.00762108 0.0137135
v 0.649518 0.00605542 0.0133646
v 0.645763 0.00871627 0.0130448
v 0.645763 0.00647491 0.0142904
v 0.649518 0.004943 0.0138147
v 0.653044 0.00459146 0.0128323
v 0.639728 0.00833663 0.0150011
v 0.639728 0.00708284 0.0156322
v 0.645763 0.00528542 0.0147718
v 0.633257 0.00902257 0.0162353
v 0.633257 0.00766562 0.0169184
v 0.639728 0.00578167 0.0161587
v 0.626406 0.00968049 0.0174192
v 0.626406 0.0082246 0.0181521
v 0.633257 0.00625739 0.0174882
v 0.619232 0.0103128 0.018557
v 0.619232 0.0087618 0.0193377
v 0.626406 0.00671368 0.0187635
v 0.611164 0.0109721 0.0197433
v 0.611164 0.00932192 0.0205739
v 0.619232 0.00715219 0.019989
v 0.602859 0.011608 0.0208876
v 0.602859 0.00986221 0.0217664
v 0.611164 0.00760942 0.0212669
v 0.585797 0.0128204 0.0230693
v 0.585797 0.0108923 0.0240398
v 0.602859 0.00805045 0.0224995
v 0.551279 0.0150333 0.0270512
v 0.551279 0.0127724 0.0281892
v 0.585797 0.00889131 0.0248495
v 0.534392 0.016027 0.0288392
v 0.534392 0.0136166 0.0300525
v 0.551279 0.010426 0.0291387
v 0.517987 0.016935 0.030473
v 0.517987 0.014388 0.0317551
v 0.534392 0.0111152 0.0310648
v 0.517987 0.0117448 0.0328247
v 0.517987 0.0090231 0.0336747
v 0.534392 0.00853933 0.0318692
v 0.534392 0.00590638 0.0324605
v 0.551279 0.00554018 0.0304479
v 0.551279 0.00800988 0.0298933
v 0.585797 0.00472467 0.025966
v 0.585797 0.00683084 0.025493
v 0.602859 0.00427786 0.0235104
v 0.602859 0.00618484 0.0230821
v 0.611164 0.0040435 0.0222224
v 0.611164 0.00584601 0.0218176
v 0.619232 0.00380054 0.0208871
v 0.619232 0.00549475 0.0205067
v 0.626406 0.00356752 0.0196065
v 0.626406 0.00515785 0.0192494
v 0.633257 0.00332506 0.0182739
v 0.633257 0.0048073 0.0179411
v 0.639728 0.00307227 0.0168847
v 0.639728 0.00444183 0.0165771
v 0.645763 0.00280857 0.0154354
v 0.645763 0.00406058 0.0151543
v 0.649518 0.00262661 0.0144354
v 0.649518 0.00379751 0.0141725
v 0.653044 0.00133587 0.0135633
v 0.653044 0.00243981 0.0134088
v 0.649518 0.00143815 0.0146018
v 0.653044 0.000222993 0.0136271
v 0.649518 0.000240067 0.0146705
v 0.645763 0.00153778 0.0156133
v 0.653044 -0.000891377 0.0135998
v 0.645763 0.000256697 0.0156868
v 0.649518 -0.000959623 0.014641
v 0.656328 -0.00184289 0.0124238
v 0.656328 -0.000821445 0.0125328
v 0.653044 -0.00199978 0.0134814
v 0.656328 -0.00285202 0.0122316
v 0.649518 -0.00215289 0.0145136
v 0.653044 -0.00309481 0.0132729
v 0.645763 -0.00230204 0.0155191
v 0.649518 -0.00333176 0.0142892
v 0.645763 -0.0010261 0.0156553
v 0.645763 -0.00356257 0.015279
v 0.649518 -0.00448834 0.0139691
v 0.653044 -0.00416914 0.0129756
v 0.639728 -0.00251818 0.0169762
v 0.639728 -0.00389706 0.0167136
v 0.645763 -0.00479928 0.0149368
v 0.633257 -0.00272537 0.018373
v 0.633257 -0.00421771 0.0180888
v 0.639728 -0.00524988 0.0163392
v 0.626406 -0.00292411 0.0197127
v 0.626406 -0.00452527 0.0194078
v 0.633257 -0.00568184 0.0176836
v 0.619232 -0.0031151 0.0210003
v 0.619232 -0.00482084 0.0206755
v 0.626406 -0.00609616 0.0189731
v 0.611164 -0.00331424 0.0223428
v 0.611164 -0.00512903 0.0219972
v 0.619232 -0.00649434 0.0202124
v 0.602859 -0.00350633 0.0236377
v 0.602859 -0.0054263 0.0232721
v 0.611164 -0.00690951 0.0215045
v 0.585797 -0.00387256 0.0261067
v 0.585797 -0.00599307 0.0257029
v 0.602859 -0.00730998 0.0227509
v 0.551279 -0.00454098 0.0306128
v 0.551279 -0.00702751 0.0301393
v 0.585797 -0.00807349 0.0251272
v 0.534392 -0.00484114 0.0326363
v 0.534392 -0.00749203 0.0321315
v 0.551279 -0.00946702 0.0294642
v 0.517987 -0.0051154 0.0344852
v 0.517987 -0.00791646 0.0339519
v 0.534392 -0.0100928 0.0314118
v 0.502151 -0.00536218 0.0361489
v 0.517987 -0.0106646 0.0331914
v 0.517987 -0.0133413 0.0322088
v 0.534392 -0.012626 0.030482
v 0.534392 -0.0150829 0.029344
v 0.551279 -0.0141471 0.027525
v 0.551279 -0.0118432 0.028592
v 0.585797 -0.0120635 0.023474
v 0.585797 -0.0100999 0.0243833
v 0.602859 -0.0109221 0.0212543
v 0.602859 -0.00914475 0.0220774
v 0.611164 -0.0103235 0.02009
v 0.611164 -0.00864377 0.0208679
v 0.619232 -0.00970297 0.018883
v 0.619232 -0.0081244 0.019614
v 0.626406 -0.00910786 0.0177254
v 0.626406 -0.00762627 0.0184115
v 0.633257 -0.00848867 0.0165208
v 0.633257 -0.00710796 0.0171601
v 0.639728 -0.00784315 0.0152649
v 0.639728 -0.00656758 0.0158555
v 0.645763 -0.0071698 0.0139547
v 0.645763 -0.00600387 0.0144946
v 0.649518 -0.00670519 0.0130507
v 0.649518 -0.0056149 0.0135556
v 0.653044 -0.00719702 0.0115737
v 0.653044 -0.00622823 0.0121226
v 0.649518 -0.00774804 0.0124599
v 0.653044 -0.00811876 0.0109469
v 0.649518 -0.00874036 0.011785
v 0.645763 -0.00828479 0.013323
v 0.653044 -0.0089862 0.0102468
v 0.645763 -0.00934585 0.0126014
v 0.649518 -0.00967421 0.0110313
v 0.656328 -0.00902519 0.00873457
v 0.656328 -0.0082812 0.0094429
v 0.653044 -0.00979352 0.00947816
v 0.656328 -0.0097088 0.00796781
v 0.649518 -0.0105433 0.0102038
v 0.653044 -0.0105353 0.00864612
v 0.645763 -0.0112737 0.0109107
v 0.649518 -0.0113419 0.0093081
v 0.645763 -0.0103444 0.0117955
v 0.645763 -0.0121277 0.00995292
v 0.649518 -0.0120647 0.00835009
v 0.653044 -0.0112067 0.00775624
v 0.639728 -0.0123322 0.0119351
v 0.639728 -0.0132663 0.0108874
v 0.645763 -0.0129005 0.00892854
v 0.633257 -0.0133469 0.0129171
v 0.633257 -0.0143579 0.0117832
v 0.639728 -0.0141117 0.00976685
v 0.626406 -0.0143202 0.0138591
v 0.626406 -0.0154049 0.0126424
v 0.633257 -0.0152728 0.0105705
v 0.619232 -0.0152555 0.0147643
v 0.619232 -0.0164111 0.0134682
v 0.626406 -0.0163865 0.0113413
v 0.611164 -0.0162308 0.0157081
v 0.611164 -0.0174602 0.0143292
v 0.619232 -0.0174568 0.012082
v 0.602859 -0.0171715 0.0166186
v 0.602859 -0.0184722 0.0151597
v 0.611164 -0.0185728 0.0128544
v 0.619232 -0.0183858 0.010615
v 0.626406 -0.0180151 0.00852049
v 0.626406 -0.0172585 0.00996421
v 0.633257 -0.0167907 0.00794141
v 0.633257 -0.0160856 0.009287
v 0.639728 -0.0155142 0.00733766
v 0.639728 -0.0148627 0.00858096
v 0.645763 -0.0141826 0.00670786
v 0.645763 -0.013587 0.00784444
v 0.649518 -0.0132637 0.00627328
v 0.649518 -0.0127067 0.00733622
v 0.653044 -0.0127554 0.0048008
v 0.653044 -0.0123204 0.00582713
v 0.649518 -0.013732 0.00516837
v 0.653044 -0.0131051 0.00374236
v 0.649518 -0.0141085 0.00402888
v 0.645763 -0.0146833 0.00552641
v 0.653044 -0.0133671 0.00265888
v 0.645763 -0.0150858 0.00430799
v 0.649518 -0.0143905 0.00286245
v 0.656328 -0.0124774 0.00143541
v 0.656328 -0.0123184 0.00245028
v 0.653044 -0.0135397 0.00155761
v 0.656328 -0.012553 0.000410943
v 0.649518 -0.0145763 0.00167687
v 0.653044 -0.0136217 0.000445927
v 0.649518 -0.0146646 0.000480069
v 0.645763 -0.0153874 0.00306075
v 0.653044 -0.0136125 -0.000668741
v 0.656328 -0.0124523 -0.00163937
v 0.656328 -0.0125446 -0.000616277
v 0.65936 -0.0113688 -0.00149673
v 0.65936 -0.0114531 -0.000562654
v 0.662135 -0.0102649 -0.0013514
v 0.65936 -0.0114608 0.000375187
v 0.662135 -0.010341 -0.000508021
v 0.664645 -0.00914423 -0.00120386
v 0.664645 -0.00921203 -0.000452558
v 0.662135 -0.0103479 0.000338757
v 0.666888 -0.00807016 -0.000396462
v 0.664645 -0.0092182 0.000301773
v 0.666888 -0.00801077 -0.00105464
v 0.666888 -0.00789779 -0.00170576
v 0.66886 -0.00677172 -0.00146255
v 0.66886 -0.00686859 -0.000904267
v 0.670403 -0.00575403 -0.00124275
v 0.670403 -0.00583634 -0.000768369
v 0.66886 -0.00691951 -0.000339934
v 0.670403 -0.00587961 -0.000288847
v 0.66886 -0.00692415 0.000226673
v 0.666888 -0.00807557 0.000264367
v 0.666888 -0.00802695 0.000923427
v 0.664645 -0.0091627 0.00105408
v 0.66886 -0.00688246 0.000791764
v 0.666888 -0.00792464 0.00157631
v 0.664645 -0.00904592 0.00179934
v 0.66886 -0.00679474 0.00135156
v 0.664645 -0.00886862 0.00253257
v 0.666888 -0.00776932 0.00221865
v 0.666888 -0.00756202 0.00284614
v 0.664645 -0.00863199 0.00324885
v 0.66886 -0.00666156 0.00190231
v 0.670403 -0.00577359 0.00114844
v 0.670403 -0.00566043 0.00161642
v 0.66886 -0.00648382 0.00244034
v 0.670403 -0.0055094 0.00207359
v 0.66886 -0.00626271 0.00296204
v 0.666888 -0.00730414 0.0034546
v 0.664645 -0.00833762 0.0039434
v 0.666888 -0.00699739 0.00403995
v 0.664645 -0.00798747 0.00461157
v 0.662135 -0.00896638 0.00517674
v 0.662135 -0.00851334 0.00589217
v 0.664645 -0.00758389 0.00524889
v 0.666888 -0.00664384 0.00459827
v 0.664645 -0.00712958 0.0058511
v 0.662135 -0.00800335 0.00656818
v 0.65936 -0.00823991 0.00797457
v 0.662135 -0.00743982 0.00720026
v 0.65936 -0.00886404 0.00727453
v 0.65936 -0.00942887 0.00652582
v 0.65936 -0.00993063 0.00573345
v 0.656328 -0.0103275 0.00714774
v 0.656328 -0.010877 0.00627986
v 0.653044 -0.011803 0.00681448
v 0.656328 -0.0113539 0.00536998
v 0.65936 -0.010366 0.00490273
v 0.65936 -0.0107319 0.00403922
v 0.662135 -0.00935944 0.00442669
v 0.662135 -0.00968989 0.00364702
v 0.65936 -0.0110261 0.00314868
v 0.662135 -0.00995552 0.00284295
v 0.656328 -0.0117547 0.00442416
v 0.662135 -0.0101545 0.00201986
v 0.65936 -0.0112466 0.00223708
v 0.662135 -0.0102856 0.00118327
v 0.65936 -0.0113918 0.00131052
v 0.656328 -0.012077 0.00344876
v 0.65936 -0.00756065 0.00862127
v 0.662135 -0.00682653 0.00778416
v 0.664645 -0.00662758 0.00641416
v 0.666888 -0.00624584 0.00512583
v 0.666888 -0.00580606 0.0056191
v 0.664645 -0.00608124 0.00693432
v 0.66886 -0.00535531 0.00439499
v 0.66886 -0.00569656 0.00394264
v 0.66886 -0.0059997 0.00346393
v 0.670403 -0.00509803 0.00294335
v 0.670403 -0.00484045 0.00335012
v 0.671727 -0.00419505 0.00242201
v 0.670403 -0.00455048 0.00373449
v 0.671727 -0.00398309 0.00275673
v 0.671727 -0.00374448 0.00307301
v 0.67283 -0.00329243 0.00190089
v 0.67283 -0.00312608 0.00216359
v 0.673714 -0.00239135 0.00138065
v 0.673714 -0.00227053 0.00157145
v 0.67283 -0.00293881 0.00241182
v 0.673714 -0.00249618 0.00118061
v 0.673714 -0.00258431 0.000972666
v 0.67283 -0.00343676 0.00162547
v 0.673714 -0.00265516 0.00075822
v 0.67283 -0.0035581 0.00133917
v 0.67283 -0.00365564 0.00104392
v 0.673714 -0.00270824 0.000538702
v 0.671727 -0.00465783 0.00133011
v 0.671727 -0.00453355 0.00170631
v 0.67283 -0.00372872 0.000741689
v 0.671727 -0.00475095 0.000945022
v 0.673714 -0.0027432 0.00031558
v 0.67283 -0.00377686 0.000434493
v 0.671727 -0.00481228 0.000553609
v 0.670403 -0.00584813 0.000672773
v 0.671727 -0.00484143 0.000158492
v 0.67283 -0.00379974 0.000124391
v 0.673714 -0.00275797 -0.00013549
v 0.67283 -0.00379719 -0.000186544
v 0.673714 -0.00275982 9.03471e-05
v 0.673714 -0.00273767 -0.000360421
v 0.673714 -0.00269906 -0.000582941
v 0.67283 -0.00376925 -0.000496231
v 0.673714 -0.00264239 -0.000801562
v 0.67283 -0.00371609 -0.000802598
v 0.673714 -0.00256805 -0.00101482
v 0.67283 -0.00363807 -0.0011036
v 0.67283 -0.00353571 -0.00139721
v 0.673714 -0.00247653 -0.00122129
v 0.671727 -0.00450502 -0.00178026
v 0.671727 -0.00463544 -0.00140615
v 0.67283 -0.00340971 -0.00168148
v 0.671727 -0.00434447 -0.00214246
v 0.673714 -0.00236844 -0.00141959
v 0.67283 -0.00326089 -0.0019545
v 0.670403 -0.00527962 -0.00260362
v 0.670403 -0.00547474 -0.00216346
v 0.671727 -0.00415486 -0.00249032
v 0.66886 -0.00644303 -0.0025461
v 0.66886 -0.00662955 -0.00201105
v 0.670403 -0.00563322 -0.00170882
v 0.666888 -0.00773198 -0.00234547
v 0.664645 -0.00882599 -0.00267734
v 0.666888 -0.00751444 -0.00296949
v 0.664645 -0.00901526 -0.00194711
v 0.662135 -0.0101201 -0.00218574
v 0.65936 -0.0112085 -0.0024208
v 0.662135 -0.00990767 -0.00300546
v 0.662135 -0.00962892 -0.00380507
v 0.664645 -0.00857768 -0.00338965
v 0.65936 -0.0109731 -0.00332867
v 0.65936 -0.0106644 -0.00421427
v 0.656328 -0.0120189 -0.0036459
v 0.656328 -0.0122767 -0.0026515
v 0.656328 -0.0116808 -0.0046159
v 0.666888 -0.00724664 -0.00357365
v 0.66886 -0.00594222 -0.00356163
v 0.66886 -0.00621341 -0.00306411
v 0.670403 -0.00504919 -0.00302637
v 0.673714 -0.00224451 -0.00160839
v 0.671727 -0.00473485 -0.00102263
v 0.671727 -0.00480258 -0.000632272
v 0.671727 -0.00483819 -0.000237685
v 0.670403 -0.00588355 0.000192608
v 0.670403 -0.00532152 0.00251689
v 0.671727 -0.00437894 0.00207109
v 0.673714 -0.00213451 0.00175175
v 0.673714 -0.00198422 0.00192032
v 0.67283 -0.00273188 0.00264392
v 0.671727 -0.00348083 0.00336874
v 0.67283 -0.00250668 0.00285832
v 0.671727 -0.00319389 0.00364193
v 0.670403 -0.00388137 0.00442586
v 0.670403 -0.0035067 0.00472824
v 0.671727 -0.00288558 0.00389075
v 0.67283 -0.00226471 0.00305361
v 0.671727 -0.00255797 0.00411355
v 0.670403 -0.00310858 0.004999
v 0.66886 -0.00365838 0.00588315
v 0.66886 -0.00316565 0.0061623
v 0.670403 -0.00268986 0.00523621
v 0.66886 -0.00265118 0.00640051
v 0.670403 -0.00225274 0.0054386
v 0.671727 -0.00221339 0.00430876
v 0.67283 -0.00200759 0.00322847
v 0.67283 -0.00173713 0.00338169
v 0.671727 -0.00185373 0.00447529
v 0.673714 -0.00145815 0.0023449
v 0.673714 -0.00126169 0.00245619
v 0.67283 -0.00145488 0.00351238
v 0.673714 -0.0016449 0.00221789
v 0.673714 -0.00182065 0.00207605
v 0.673714 -0.0010567 0.0025511
v 0.673714 -0.000844689 0.00262893
v 0.67283 -0.00116297 0.00361953
v 0.671727 -0.0014818 0.00461181
v 0.67283 -0.000863292 0.00370246
v 0.671727 -0.00109996 0.00471748
v 0.670403 -0.00133673 0.00573292
v 0.670403 -0.000863759 0.00582299
v 0.671727 -0.000710766 0.00479159
v 0.670403 -0.000385009 0.0058741
v 0.671727 -0.000316814 0.00483365
v 0.67283 -0.000557836 0.00376062
v 0.673714 -0.000627025 0.00268916
v 0.673714 -0.000405166 0.00273141
v 0.67283 -0.000248648 0.00379363
v 0.673714 -0.000180597 0.00275538
v 0.673714 4.51796e-05 0.00276093
v 0.67283 6.22036e-05 0.00380126
v 0.671727 7.92566e-05 0.00484337
v 0.671727 0.000474797 0.0048207
v 0.67283 0.000372639 0.00378347
v 0.673714 0.000270654 0.002748
v 0.67283 0.000680582 0.00374036
v 0.671727 0.000867162 0.00476577
v 0.670403 0.00105382 0.00579161
v 0.671727 0.00125373 0.00467897
v 0.670403 0.00152359 0.00568612
v 0.66886 0.00179306 0.0066918
v 0.66886 0.00233392 0.00652288
v 0.670403 0.00198317 0.00554259
v 0.66886 0.00285918 0.00631033
v 0.670403 0.00242948 0.00536198
v 0.671727 0.0016319 0.00456086
v 0.671727 0.00199916 0.00441224
v 0.67283 0.000983971 0.00367223
v 0.67283 0.00128078 0.00357954
v 0.673714 0.000714676 0.00266721
v 0.673714 0.000930252 0.00259988
v 0.673714 0.000494318 0.00271669
v 0.670403 0.00285954 0.00514551
v 0.66886 0.0033653 0.00605557
v 0.66886 0.00384891 0.0057603
v 0.666888 0.00448895 0.00671819
v 0.666888 0.00502295 0.00632887
v 0.664645 0.00630487 0.00673164
v 0.664645 0.00573366 0.00722436
v 0.662135 0.00707756 0.00755664
v 0.662135 0.00767143 0.00695298
v 0.65936 0.00849641 0.0077007
v 0.65936 0.00909731 0.00698061
v 0.656328 0.0099643 0.00764588
v 0.656328 0.0105558 0.00680601
v 0.65936 0.00963734 0.00621382
v 0.65936 0.0101129 0.00540546
v 0.653044 0.0108126 0.00829679
v 0.656328 0.00930614 0.0084346
v 0.65936 0.00783869 0.00836928
v 0.656328 0.00858573 0.00916689
v 0.65936 0.00712852 0.00898187
v 0.662135 0.00643635 0.00810975
v 0.664645 0.0051241 0.00766876
v 0.662135 0.00575209 0.00860861
v 0.65936 0.00637067 0.00953438
v 0.662135 0.00502934 0.00904988
v 0.664645 0.00448026 0.00806185
v 0.666888 0.00333463 0.00735968
v 0.664645 0.00380645 0.00840102
v 0.666888 0.00392492 0.00706256
v 0.666888 0.00272203 0.00760758
v 0.664645 0.00310718 0.00868399
v 0.666888 0.00209123 0.00780458
v 0.664645 0.00238712 0.00890887
v 0.666888 0.00144644 0.00794937
v 0.66886 0.0012402 0.00681594
v 0.662135 0.00267968 0.0100007
v 0.662135 0.00348798 0.00974826
v 0.664645 0.0016511 0.00907415
v 0.662135 0.00185345 0.0101862
v 0.664645 0.000904025 0.00917873
v 0.666888 0.000791968 0.00804099
v 0.666888 0.000132201 0.00807881
v 0.66886 0.000113352 0.00692693
v 0.66886 0.000679049 0.0068945
v 0.66886 -0.000453104 0.00691302
v 0.670403 9.63167e-05 0.00588592
v 0.670403 0.000576998 0.00585836
v 0.666888 -0.00052845 0.0080626
v 0.66886 -0.00101653 0.00685287
v 0.666888 -0.00118557 0.00799244
v 0.664645 -0.000603222 0.00920339
v 0.664645 0.000150906 0.0092219
v 0.66886 -0.00157315 0.00674688
v 0.666888 -0.00183475 0.00786882
v 0.664645 -0.00135332 0.00912331
v 0.66886 -0.00211925 0.00659575
v 0.664645 -0.00209436 0.0089822
v 0.666888 -0.00247166 0.00769257
v 0.670403 -0.00180076 0.00560451
v 0.664645 -0.00282139 0.008781
v 0.666888 -0.00309204 0.00746485
v 0.664645 -0.00352954 0.00852107
v 0.666888 -0.00369212 0.007187
v 0.662135 -0.00396211 0.00956537
v 0.662135 -0.00316716 0.00985717
v 0.664645 -0.00421459 0.00820387
v 0.662135 -0.00473118 0.00920927
v 0.664645 -0.00487044 0.00783231
v 0.666888 -0.00426673 0.00686146
v 0.666888 -0.00481319 0.00648983
v 0.66886 -0.00412692 0.00556451
v 0.66886 -0.00456785 0.00520864
v 0.666888 -0.00532744 0.00607479
v 0.66886 -0.00497823 0.00481793
v 0.670403 -0.00423008 0.00409386
v 0.664645 -0.00549422 0.00740809
v 0.662135 -0.00616756 0.008316
v 0.662135 -0.00546734 0.0087922
v 0.65936 -0.0060553 0.00973772
v 0.65936 -0.00524005 0.0101996
v 0.65936 -0.00683083 0.0092103
v 0.656328 -0.00663239 0.0106657
v 0.656328 -0.00573952 0.0111716
v 0.656328 -0.0048064 0.0116037
v 0.653044 -0.00521558 0.0125915
v 0.65936 -0.00438819 0.010594
v 0.656328 -0.00384206 0.0119576
v 0.65936 -0.00350776 0.0109172
v 0.65936 -0.00260386 0.0111674
v 0.65936 -0.00168254 0.0113428
v 0.662135 -0.00235103 0.010083
v 0.662135 -0.00151917 0.0102414
v 0.65936 -0.000749971 0.0114424
v 0.662135 -0.00067715 0.0103313
v 0.65936 0.000187618 0.0114654
v 0.662135 0.000169401 0.0103521
v 0.662135 0.00101482 0.0103036
v 0.65936 0.00112395 0.0114117
v 0.656328 0.00123107 0.0124992
v 0.656328 0.0022484 0.0123568
v 0.65936 0.00205277 0.0112817
v 0.656328 0.0032507 0.0121318
v 0.65936 0.00296785 0.0110762
v 0.656328 0.00423124 0.0118255
v 0.65936 0.00386308 0.0107966
v 0.65936 0.00473247 0.0104448
v 0.65936 0.0055702 0.0100231
v 0.662135 0.00427296 0.00943062
v 0.653044 0.00352743 0.0131646
v 0.656328 0.000205499 0.012558
v 0.656328 -0.00748182 0.0100881
v 0.656328 0.00780789 0.00983787
v 0.639728 -0.0165022 0.00471247
v 0.633257 -0.0173835 0.00654269
v 0.639728 -0.0160619 0.00604529
v 0.585797 -0.0174017 0.0198428
v 0.602859 -0.015756 0.0179663
v 0.551279 -0.0184356 0.0248575
v 0.585797 -0.0157219 0.0211985
v 0.534392 -0.0174228 0.0280181
v 0.551279 -0.0163425 0.0262809
v 0.517987 -0.0159382 0.031006
v 0.502151 -0.0167079 0.0325014
v 0.585797 -0.0139369 0.0224124
v 0.602859 -0.0142351 0.0191938
v 0.602859 -0.0126189 0.0202929
v 0.611164 -0.0134552 0.0181423
v 0.611164 -0.0119276 0.0191812
v 0.619232 -0.0126467 0.0170522
v 0.619232 -0.0112109 0.0180286
v 0.626406 -0.0118713 0.0160067
v 0.626406 -0.0105236 0.0169233
v 0.633257 -0.0110645 0.0149188
v 0.633257 -0.00980833 0.0157731
v 0.639728 -0.0102233 0.0137846
v 0.639728 -0.00906266 0.0145739
v 0.639728 -0.0113156 0.012903
v 0.633257 -0.0122467 0.0139647
v 0.626406 -0.0131397 0.014983
v 0.619232 -0.013998 0.0159616
v 0.611164 -0.0148928 0.016982
v 0.517987 -0.00228012 0.0347879
v 0.534392 -0.00215787 0.0329228
v 0.517987 0.000570412 0.0348579
v 0.551279 -0.00202408 0.0308815
v 0.534392 0.00053983 0.032989
v 0.585797 -0.00172614 0.0263358
v 0.551279 0.000506359 0.0309436
v 0.602859 -0.0015629 0.0238452
v 0.585797 0.000431824 0.0263888
v 0.611164 -0.00147728 0.0225389
v 0.602859 0.000390986 0.0238932
v 0.619232 -0.00138851 0.0211846
v 0.611164 0.000369567 0.0225842
v 0.626406 -0.00130338 0.0198857
v 0.619232 0.000347361 0.0212272
v 0.633257 -0.0012148 0.0185342
v 0.626406 0.000326063 0.0199257
v 0.639728 -0.00112244 0.0171252
v 0.633257 0.000303903 0.0185715
v 0.639728 0.000280799 0.0171596
v 0.633257 0.00182057 0.0184846
v 0.639728 0.00168216 0.0170793
v 0.626406 0.00195333 0.0198324
v 0.619232 0.00208091 0.0211278
v 0.611164 0.00221394 0.0224785
v 0.602859 0.00234226 0.0237813
v 0.585797 0.0025869 0.0262652
v 0.551279 0.00303341 0.0307988
v 0.534392 0.00323392 0.0328346
v 0.517987 0.00341713 0.0346947
v 0.517987 0.00624099 0.0342994
v 0.502151 0.00654206 0.0359541
v 0.502151 0.00945839 0.0352992
v 0.494459 0.00965757 0.0360425
v 0.517987 0.0193686 0.0289872
v 0.502151 0.020303 0.0303856
v 0.534392 0.0183302 0.027433
v 0.517987 0.0216727 0.0273074
v 0.551279 0.0171937 0.0257321
v 0.534392 0.0205107 0.0258433
v 0.585797 0.0146628 0.0219444
v 0.551279 0.019239 0.024241
v 0.602859 0.0132761 0.0198691
v 0.585797 0.0164071 0.0206728
v 0.611164 0.0125488 0.0187806
v 0.602859 0.0148554 0.0187177
v 0.619232 0.0117948 0.0176522
v 0.611164 0.0140416 0.0176923
v 0.626406 0.0110716 0.0165699
v 0.619232 0.0131979 0.0166292
v 0.633257 0.0103192 0.0154437
v 0.626406 0.0123887 0.0156097
v 0.639728 0.00953465 0.0142696
v 0.633257 0.0115467 0.0145488
v 0.639728 0.0106689 0.0134427
v 0.633257 0.012697 0.0135565
v 0.639728 0.0117318 0.0125259
v 0.626406 0.0136229 0.014545
v 0.619232 0.0145127 0.0154951
v 0.611164 0.0154405 0.0164856
v 0.602859 0.0163354 0.0174411
v 0.585797 0.0180416 0.0192628
v 0.551279 0.0211557 0.0225877
v 0.534392 0.0225541 0.0240807
v 0.517987 0.0238318 0.0254449
v 0.517987 0.0258315 0.0234123
v 0.502151 0.0289926 0.0222468
v 0.517987 0.0330124 0.0112062
v 0.534392 0.0312425 0.0106054
v 0.517987 0.0338178 0.00847092
v 0.551279 0.0293054 0.00994784
v 0.534392 0.0320047 0.00801675
v 0.585797 0.0249917 0.00848354
v 0.551279 0.0300203 0.0075197
v 0.602859 0.0226282 0.00768124
v 0.585797 0.0256014 0.00641281
v 0.611164 0.0213886 0.00726044
v 0.602859 0.0231802 0.00580635
v 0.619232 0.0201034 0.00682418
v 0.611164 0.0219103 0.00548826
v 0.626406 0.0188708 0.00640578
v 0.619232 0.0205938 0.00515849
v 0.633257 0.0175883 0.00597041
v 0.626406 0.0193312 0.00484221
v 0.639728 0.0162511 0.00551652
v 0.633257 0.0180174 0.00451311
v 0.639728 0.0166476 0.00417001
v 0.633257 0.0183259 0.00302562
v 0.626406 0.0196622 0.00324625
v 0.626406 0.0198618 0.00162857
v 0.619232 0.0211591 0.00173494
v 0.619232 0.0209465 0.00345828
v 0.611164 0.0225117 0.00184586
v 0.611164 0.0222856 0.00367936
v 0.602859 0.0238165 0.00195284
v 0.6099 0.0227916 -4.62652e-32
v 0.617702 0.0214951 -4.62652e-32
v 0.625231 0.0201489 -4.62652e-32
v 0.632421 0.0187464 -4.62652e-32
v 0.593726 0.0252593 -4.62652e-32
v 0.56052 0.0297792 -4.62652e-32
v 0.585797 0.0263041 0.00215681
v 0.551279 0.0308443 0.00252909
v 0.585797 0.0260398 0.00429919
v 0.602859 0.0235772 0.00389261
v 0.551279 0.0305344 0.00504125
v 0.534392 0.0328831 0.00269626
v 0.534392 0.0325528 0.00537448
v 0.517987 0.034746 0.00284901
v 0.528019 0.033734 -4.62652e-32
v 0.544083 0.0318337 -4.62652e-32
v 0.512438 0.0354662 -4.62652e-32
v 0.517987 0.0344852 -0.0051154
v 0.502151 0.0361489 -0.00536218
v 0.494459 0.0369101 -0.0054751
v 0.502151 0.0364222 0.00298645
v 0.517987 0.0343969 0.00567896
v 0.65936 0.0114285 0.000937088
v 0.662135 0.0103189 0.000846098
v 0.662135 0.0102152 0.00168654
v 0.661125 0.0107732 -4.62652e-32
v 0.664645 0.00909995 0.00150241
v 0.664645 0.00919229 0.000753725
v 0.666888 0.00797198 0.00131618
v 0.665086 0.00900964 -4.62652e-32
v 0.666888 0.00805287 0.000660298
v 0.66886 0.00683532 0.00112852
v 0.66886 0.00690469 0.000566152
v 0.668392 0.00721647 -4.62652e-32
v 0.670403 0.00580808 0.000958917
v 0.670403 0.00586701 0.000481068
v 0.671037 0.00540887 -4.62652e-32
v 0.673019 0.00359929 -4.62652e-32
v 0.671727 0.00479159 -0.000710766
v 0.67283 0.00376062 -0.000557836
v 0.673714 0.00273141 -0.000405166
v 0.674339 0.00179535 -4.62652e-32
v 0.67283 0.00363807 -0.0011036
v 0.673714 0.00264239 -0.000801562
v 0.673714 0.00257627 -0.000993777
v 0.67283 0.00354703 -0.00136824
v 0.671727 0.00451944 -0.00174334
v 0.67283 0.00343676 -0.00162547
v 0.671727 0.00437894 -0.00207109
v 0.670403 0.00532152 -0.00251689
v 0.670403 0.00512194 -0.00290155
v 0.671727 0.00421472 -0.00238761
v 0.671727 0.00402766 -0.00269119
v 0.67283 0.00330787 -0.00187389
v 0.673714 0.00249618 -0.00118061
v 0.673714 0.00240257 -0.00136104
v 0.67283 0.00316106 -0.00211215
v 0.673714 0.00229593 -0.00153409
v 0.673714 0.00217686 -0.00169884
v 0.67283 0.00299711 -0.00233897
v 0.671727 0.00381877 -0.0029802
v 0.671727 0.00358918 -0.00325305
v 0.67283 0.00281693 -0.00255311
v 0.673714 0.00204599 -0.00185437
v 0.67283 0.00262148 -0.00275342
v 0.671727 0.00334015 -0.00350827
v 0.670403 0.00405912 -0.00426343
v 0.671727 0.00307301 -0.00374448
v 0.670403 0.00373449 -0.00455048
v 0.66886 0.00439499 -0.00535531
v 0.66886 0.00398912 -0.00566411
v 0.670403 0.00338961 -0.00481288
v 0.66886 0.00356163 -0.00594222
v 0.670403 0.00302637 -0.00504919
v 0.671727 0.00278923 -0.0039604
v 0.671727 0.00249032 -0.00415486
v 0.67283 0.00241182 -0.00293881
v 0.67283 0.00218909 -0.00310827
v 0.673714 0.00175175 -0.00213451
v 0.673714 0.00158998 -0.00225759
v 0.67283 0.0019545 -0.00326089
v 0.673714 0.00190403 -0.00199986
v 0.673714 0.00141959 -0.00236844
v 0.673714 0.00124151 -0.00246646
v 0.67283 0.00170932 -0.00339584
v 0.671727 0.00217793 -0.0043268
v 0.67283 0.00145488 -0.00351238
v 0.671727 0.00185373 -0.00447529
v 0.670403 0.00225274 -0.0054386
v 0.670403 0.00184655 -0.00558959
v 0.671727 0.00151948 -0.00459953
v 0.67283 0.00119255 -0.00360989
v 0.671727 0.001177 -0.00469885
v 0.670403 0.00143035 -0.00571029
v 0.66886 0.00168333 -0.00672024
v 0.666888 0.00196325 -0.00783775
v 0.66886 0.00217314 -0.0065782
v 0.666888 0.00253452 -0.00767209
v 0.66886 0.00265118 -0.00640051
v 0.664645 0.00224104 -0.00894673
v 0.666888 0.00309204 -0.00746485
v 0.664645 0.00289313 -0.00875763
v 0.66886 0.00311484 -0.00618813
v 0.666888 0.00363281 -0.00721716
v 0.664645 0.00352954 -0.00852107
v 0.666888 0.0041539 -0.00693036
v 0.664645 0.00414683 -0.00823833
v 0.662135 0.00396211 -0.00956537
v 0.65936 0.00438819 -0.010594
v 0.65936 0.00359696 -0.0108881
v 0.662135 0.0032477 -0.00983093
v 0.662135 0.00251569 -0.0100432
v 0.65936 0.00278623 -0.0111233
v 0.656328 0.00305176 -0.0121833
v 0.656328 0.00123107 -0.0124992
v 0.65936 0.00112395 -0.0114117
v 0.662135 0.00101482 -0.0103036
v 0.664645 0.000904025 -0.00917873
v 0.656328 0.00393976 -0.0119258
v 0.670403 0.00264673 -0.00525815
v 0.67283 0.000923756 -0.00368784
v 0.673714 0.0010567 -0.0025511
v 0.673714 0.000866168 -0.00262193
v 0.673714 0.00067094 -0.00267854
v 0.67283 0.000372639 -0.00378347
v 0.673714 0.000270654 -0.002748
v 0.67283 -0.000186544 -0.00379719
v 0.671727 -0.000237685 -0.00483819
v 0.671727 -0.000945022 -0.00475095
v 0.670403 -0.00198317 -0.00554259
v 0.671727 0.000474797 -0.0048207
v 0.671727 0.00463544 -0.00140615
v 0.662135 0.0102414 -0.00151917
v 0.664645 0.00912331 -0.00135332
v 0.670403 -0.00384503 -0.00445746
v 0.671727 -0.00316398 -0.00366794
v 0.662135 -0.00676262 -0.00783975
v 0.65936 -0.00810832 -0.00810832
v 0.65936 -0.00748987 -0.00868284
v 0.656328 -0.00820367 -0.00951034
v 0.65936 -0.00683083 -0.0092103
v 0.662135 -0.00616756 -0.008316
v 0.65936 -0.00613477 -0.00968785
v 0.662135 -0.00553909 -0.00874718
v 0.656328 -0.00748182 -0.0100881
v 0.662135 -0.0048806 -0.00913096
v 0.65936 -0.00540546 -0.0101129
v 0.662135 -0.00419566 -0.00946526
v 0.65936 -0.00464686 -0.0104832
v 0.656328 -0.00671942 -0.0106111
v 0.639728 -0.00918158 -0.0144993
v 0.633257 -0.0110645 -0.0149188
v 0.639728 -0.0102233 -0.0137846
v 0.494459 0.0310254 -0.0207305
v 0.502151 0.0303856 -0.020303
v 0.517987 0.0289872 -0.0193686
v 0.534392 0.027433 -0.0183302
v 0.517987 0.0274838 -0.0214486
v 0.551279 0.0257321 -0.0171937
v 0.534392 0.0260103 -0.0202986
v 0.585797 0.0219444 -0.0146628
v 0.551279 0.0243976 -0.0190401
v 0.602859 0.0198691 -0.0132761
v 0.585797 0.0208063 -0.0162374
v 0.611164 0.0187806 -0.0125488
v 0.602859 0.0188386 -0.0147018
v 0.619232 0.0176522 -0.0117948
v 0.611164 0.0178066 -0.0138964
v 0.626406 0.0165699 -0.0110716
v 0.619232 0.0167366 -0.0130614
v 0.633257 0.0154437 -0.0103192
v 0.626406 0.0157105 -0.0122606
v 0.639728 0.0142696 -0.00953465
v 0.633257 0.0146427 -0.0114273
v 0.639728 0.0135295 -0.0105586
v 0.633257 0.0137624 -0.0124735
v 0.639728 0.0127161 -0.0115252
v 0.626406 0.014766 -0.0133831
v 0.619232 0.0157304 -0.0142572
v 0.611164 0.0167361 -0.0151687
v 0.602859 0.0177061 -0.0160478
v 0.585797 0.0195554 -0.017724
v 0.551279 0.0229308 -0.0207833
v 0.534392 0.0244465 -0.022157
v 0.517987 0.0258315 -0.0234123
v 0.469014 0.0357615 -0.00693553
v 0.494459 -0.0357072 -0.0108317
v 0.494459 -0.0347026 -0.0137135
v 0.502151 -0.0339869 -0.0134307
v 0.502151 -0.0349708 -0.0106083
v 0.517987 -0.0324228 -0.0128126
v 0.517987 -0.0312673 -0.0154193
v 0.534392 -0.0295909 -0.0145926
v 0.502151 -0.0327757 -0.0161632
v 0.472183 -0.0138304 -0.0334196
v 0.472183 -0.0170352 -0.0319053
v 0.472183 -0.020083 -0.0300802
v 0.480585 -0.0119377 -0.0333637
v 0.489194 -0.0067477 -0.0339748
v 0.480585 -0.00690246 -0.0347563
v 0.49801 -0.0016574 -0.0337372
v 0.489194 -0.00169962 -0.0345967
v 0.49801 0.00331485 -0.0336148
v 0.489194 0.00339948 -0.0344712
v 0.480585 -0.00173872 -0.0353924
v 0.480585 0.00347786 -0.035264
v 0.472183 9.20697e-06 -0.0361683
v 0.472183 0.00355002 -0.0359937
v 0.472183 0.00706556 -0.0354715
v 0.49801 0.00820735 -0.0327656
v 0.507033 0.00322393 -0.0326946
v 0.507033 -0.00161203 -0.0328136
v 0.548379 -0.0252149 -0.0124346
v 0.489194 -0.0338577 -0.00731256
v 0.472183 0.0233152 -0.0214631
# </points>

# <faces count="8106">
g patch0
f 1 2 3
f 3 4 1
f 3 5 4
f 3 6 7
f 7 8 3
f 3 8 5
f 3 2 6
f 9 6 2
f 10 11 6
f 7 6 11
f 10 6 9
f 12 10 9
f 12 9 13
f 13 9 14
f 2 14 9
f 13 14 15
f 15 14 16
f 2 16 14
f 16 17 18
f 17 16 2
f 15 16 19
f 19 16 18
f 18 17 20
f 19 18 21
f 21 18 22
f 18 20 22
f 23 20 17
f 24 20 23
f 24 25 20
f 22 20 25
f 26 25 24
f 26 27 25
f 28 25 27
f 22 25 28
f 29 22 28
f 29 28 30
f 30 28 31
f 28 27 31
f 30 31 32
f 31 33 34
f 31 27 33
f 32 31 34
f 34 35 36
f 34 33 35
f 32 34 37
f 37 34 36
f 37 36 38
f 38 36 39
f 36 40 39
f 36 35 40
f 41 40 35
f 42 40 41
f 39 40 43
f 42 43 40
f 44 43 42
f 45 44 42
f 45 42 46
f 46 42 47
f 47 42 41
f 48 46 47
f 47 41 49
f 50 47 49
f 48 47 50
f 50 49 51
f 52 48 50
f 50 51 53
f 54 52 50
f 53 54 50
f 53 51 55
f 56 54 53
f 56 53 57
f 53 55 58
f 57 53 58
f 59 57 60
f 59 56 57
f 60 57 61
f 57 58 61
f 60 61 62
f 62 61 63
f 61 58 64
f 61 64 63
f 63 65 26
f 64 65 63
f 63 26 66
f 62 63 66
f 66 26 67
f 68 66 67
f 68 62 66
f 67 69 68
f 70 71 68
f 71 62 68
f 68 69 72
f 68 72 70
f 70 72 73
f 74 71 70
f 70 73 75
f 75 74 70
f 76 74 75
f 76 77 74
f 74 78 71
f 77 78 74
f 77 79 78
f 80 79 77
f 81 80 77
f 81 77 76
f 82 83 81
f 83 80 81
f 84 81 76
f 82 81 84
f 85 84 86
f 84 76 86
f 87 84 85
f 87 82 84
f 88 85 89
f 90 85 88
f 90 87 85
f 86 89 85
f 91 87 90
f 92 91 90
f 92 90 93
f 93 90 88
f 93 88 94
f 95 93 94
f 96 93 95
f 96 92 93
f 97 95 98
f 95 94 98
f 99 95 97
f 99 96 95
f 97 98 100
f 101 99 97
f 102 97 100
f 101 97 102
f 103 101 102
f 104 102 105
f 102 100 105
f 103 102 104
f 106 103 104
f 106 104 107
f 107 104 108
f 104 105 108
f 108 109 107
f 107 109 110
f 107 110 111
f 111 106 107
f 111 112 113
f 111 110 112
f 113 114 111
f 114 106 111
f 115 114 113
f 115 116 114
f 116 117 114
f 114 117 106
f 117 118 103
f 119 118 117
f 117 103 106
f 116 119 117
f 119 120 118
f 121 122 119
f 122 120 119
f 121 119 116
f 120 123 124
f 125 123 120
f 120 124 118
f 122 125 120
f 125 126 123
f 127 126 125
f 128 127 125
f 128 125 122
f 129 130 128
f 130 127 128
f 131 128 122
f 129 128 131
f 132 129 131
f 133 131 121
f 131 122 121
f 132 131 133
f 133 121 134
f 135 132 133
f 136 133 134
f 135 133 136
f 136 134 137
f 138 136 139
f 138 135 136
f 139 136 137
f 137 134 115
f 137 115 140
f 139 137 141
f 141 137 140
f 140 115 113
f 113 142 140
f 140 143 141
f 140 142 143
f 144 143 145
f 146 143 144
f 146 141 143
f 142 145 143
f 147 141 146
f 148 147 146
f 148 146 149
f 149 146 144
f 149 144 150
f 151 149 150
f 152 149 151
f 152 148 149
f 151 150 153
f 154 152 151
f 155 151 153
f 154 151 155
f 155 153 156
f 157 154 155
f 158 155 156
f 157 155 158
f 159 157 158
f 160 158 161
f 158 156 161
f 159 158 160
f 162 159 160
f 162 160 163
f 163 160 164
f 160 161 164
f 163 164 165
f 165 164 166
f 164 167 166
f 164 161 167
f 166 167 168
f 161 169 167
f 167 170 168
f 167 169 170
f 170 171 172
f 169 171 170
f 170 172 173
f 168 170 173
f 174 173 175
f 173 176 175
f 168 173 174
f 173 172 176
f 176 177 178
f 172 177 176
f 176 178 179
f 175 176 179
f 179 178 180
f 181 179 182
f 179 180 182
f 175 179 181
f 178 183 180
f 180 183 184
f 180 184 185
f 182 180 185
f 185 186 187
f 185 184 186
f 188 185 187
f 182 185 188
f 188 187 189
f 190 182 188
f 191 188 189
f 190 188 191
f 191 189 192
f 193 190 191
f 194 191 192
f 193 191 194
f 195 193 194
f 196 194 197
f 194 192 197
f 195 194 196
f 198 195 196
f 198 196 199
f 199 196 200
f 196 197 200
f 199 200 201
f 201 200 202
f 200 203 202
f 200 197 203
f 202 203 204
f 197 205 203
f 203 206 204
f 203 205 206
f 206 207 208
f 205 207 206
f 206 208 209
f 204 206 209
f 210 209 211
f 209 212 211
f 204 209 210
f 209 208 212
f 212 213 214
f 208 213 212
f 212 214 215
f 211 212 215
f 215 214 216
f 217 215 218
f 215 216 218
f 211 215 217
f 214 219 216
f 216 219 220
f 216 220 221
f 218 216 221
f 221 222 223
f 221 220 222
f 224 221 223
f 218 221 224
f 224 223 225
f 226 218 224
f 227 224 225
f 226 224 227
f 227 225 228
f 229 226 227
f 230 227 228
f 229 227 230
f 231 229 230
f 232 230 233
f 230 228 233
f 231 230 232
f 234 231 232
f 234 232 235
f 235 232 236
f 232 233 236
f 235 236 237
f 237 236 238
f 236 239 238
f 236 233 239
f 238 239 240
f 233 241 239
f 239 242 240
f 239 241 242
f 242 243 244
f 241 243 242
f 242 244 245
f 240 242 245
f 246 245 247
f 245 248 247
f 240 245 246
f 245 244 248
f 248 249 250
f 244 249 248
f 248 250 251
f 247 248 251
f 251 250 252
f 253 251 254
f 251 252 254
f 247 251 253
f 250 255 252
f 252 255 256
f 252 256 257
f 254 252 257
f 257 258 259
f 257 256 258
f 260 257 259
f 254 257 260
f 260 259 261
f 262 254 260
f 263 260 261
f 262 260 263
f 263 261 264
f 265 262 263
f 266 263 264
f 265 263 266
f 267 265 266
f 268 266 269
f 266 264 269
f 267 266 268
f 270 267 268
f 270 268 271
f 271 268 272
f 268 269 272
f 271 272 273
f 273 272 274
f 272 275 274
f 272 269 275
f 274 275 276
f 269 277 275
f 275 278 276
f 275 277 278
f 278 279 280
f 278 281 279
f 277 281 278
f 276 278 280
f 279 282 280
f 280 283 284
f 280 282 283
f 285 280 284
f 276 280 285
f 282 286 287
f 288 286 282
f 279 288 282
f 282 287 283
f 283 287 289
f 289 287 290
f 287 291 290
f 287 292 291
f 286 292 287
f 290 291 293
f 294 291 292
f 295 293 291
f 295 291 294
f 296 295 294
f 296 294 297
f 297 294 298
f 294 292 298
f 297 298 299
f 299 298 300
f 298 301 300
f 298 292 301
f 302 301 286
f 302 303 301
f 300 301 303
f 286 301 292
f 304 303 302
f 304 305 303
f 306 303 305
f 300 303 306
f 307 306 308
f 307 300 306
f 308 306 309
f 306 305 309
f 308 309 310
f 309 311 312
f 309 305 311
f 310 309 312
f 312 313 314
f 312 311 313
f 310 312 315
f 315 312 314
f 314 316 317
f 314 313 316
f 315 314 318
f 318 314 317
f 318 317 319
f 317 316 320
f 319 317 320
f 320 316 321
f 319 320 322
f 322 320 323
f 320 321 323
f 324 321 325
f 324 326 321
f 325 321 316
f 323 321 326
f 327 326 324
f 327 328 326
f 329 326 328
f 323 326 329
f 330 323 329
f 329 328 331
f 330 329 332
f 332 329 331
f 332 331 333
f 333 331 334
f 331 335 334
f 331 328 335
f 336 335 337
f 336 338 335
f 334 335 338
f 337 335 328
f 339 336 337
f 339 337 340
f 340 337 341
f 341 337 327
f 337 328 327
f 342 340 341
f 341 327 343
f 341 343 344
f 342 341 345
f 345 341 344
f 345 344 346
f 344 343 347
f 346 344 348
f 349 348 344
f 344 347 349
f 350 351 349
f 351 348 349
f 349 352 350
f 349 347 352
f 350 352 353
f 352 354 353
f 347 355 352
f 352 355 354
f 355 356 354
f 354 356 357
f 354 357 358
f 353 354 358
f 359 358 360
f 359 353 358
f 360 358 361
f 358 357 361
f 360 361 362
f 361 363 364
f 362 361 364
f 357 363 361
f 365 360 362
f 365 362 366
f 366 362 367
f 362 364 367
f 366 367 249
f 249 367 368
f 367 369 368
f 367 364 369
f 369 370 371
f 368 369 371
f 369 372 370
f 364 372 369
f 372 373 370
f 370 373 374
f 371 370 374
f 374 373 375
f 374 375 376
f 377 374 376
f 371 374 377
f 255 371 377
f 377 376 378
f 256 377 378
f 255 377 256
f 258 378 379
f 256 378 258
f 378 376 379
f 379 375 304
f 376 375 379
f 379 304 380
f 259 379 380
f 259 258 379
f 380 304 302
f 380 302 381
f 382 380 381
f 259 380 382
f 261 259 382
f 382 381 383
f 384 382 383
f 261 382 384
f 264 261 384
f 277 384 281
f 384 383 281
f 264 384 277
f 383 381 385
f 383 385 386
f 281 383 386
f 281 386 279
f 386 288 279
f 386 385 288
f 385 302 286
f 381 302 385
f 385 286 288
f 373 311 375
f 375 305 304
f 375 311 305
f 387 313 373
f 372 387 373
f 373 313 311
f 388 387 372
f 387 316 313
f 325 316 387
f 388 325 387
f 389 325 388
f 389 388 390
f 364 388 372
f 390 388 363
f 363 388 364
f 356 390 357
f 356 389 390
f 357 390 363
f 391 389 356
f 391 325 389
f 391 324 325
f 392 324 391
f 392 391 355
f 355 391 356
f 343 392 347
f 343 324 392
f 347 392 355
f 368 371 255
f 249 368 250
f 250 368 255
f 244 366 249
f 243 366 244
f 243 365 366
f 393 394 365
f 394 360 365
f 393 365 243
f 228 225 393
f 225 394 393
f 241 393 243
f 228 393 241
f 225 223 394
f 223 359 394
f 394 359 360
f 222 353 359
f 223 222 359
f 222 350 353
f 220 350 222
f 220 351 350
f 351 395 348
f 219 395 351
f 219 351 220
f 396 397 395
f 398 396 395
f 397 348 395
f 398 395 219
f 399 396 398
f 213 399 398
f 213 398 214
f 214 398 219
f 400 399 213
f 400 401 399
f 399 402 396
f 401 402 399
f 403 404 401
f 405 403 401
f 405 401 400
f 401 404 402
f 403 406 404
f 407 404 406
f 402 404 408
f 407 408 404
f 409 408 410
f 411 410 408
f 411 408 407
f 402 408 409
f 396 402 409
f 409 397 396
f 410 412 409
f 409 412 397
f 413 414 412
f 410 413 412
f 412 346 397
f 412 414 346
f 414 342 345
f 415 342 414
f 414 345 346
f 413 415 414
f 416 415 413
f 416 339 415
f 415 339 340
f 415 340 342
f 417 416 413
f 418 416 417
f 418 419 416
f 419 420 416
f 416 420 339
f 419 336 420
f 420 336 339
f 419 421 336
f 422 421 419
f 422 419 418
f 422 423 421
f 424 423 422
f 425 424 422
f 425 422 426
f 426 422 418
f 426 418 427
f 428 426 427
f 428 425 426
f 429 428 430
f 429 431 428
f 430 428 427
f 431 425 428
f 431 432 424
f 433 432 431
f 433 431 429
f 431 424 425
f 433 434 432
f 435 434 433
f 435 433 436
f 436 433 429
f 437 436 438
f 437 435 436
f 438 436 439
f 436 429 439
f 439 430 440
f 441 439 440
f 439 429 430
f 438 439 441
f 442 438 441
f 442 441 443
f 443 441 444
f 441 440 444
f 443 444 445
f 445 444 446
f 444 447 446
f 444 440 447
f 447 448 446
f 440 449 447
f 449 450 447
f 447 450 448
f 446 448 451
f 448 406 451
f 450 407 448
f 448 407 406
f 186 451 452
f 186 453 451
f 453 446 451
f 452 451 406
f 187 186 452
f 187 452 454
f 454 452 403
f 452 406 403
f 189 187 454
f 454 403 405
f 455 454 405
f 189 454 455
f 192 189 455
f 205 455 207
f 455 405 207
f 192 455 205
f 184 453 186
f 456 445 453
f 184 456 453
f 445 446 453
f 457 458 456
f 183 457 456
f 456 458 445
f 183 456 184
f 458 443 445
f 458 459 443
f 457 460 458
f 460 459 458
f 461 460 457
f 461 462 460
f 460 463 459
f 462 463 460
f 462 464 463
f 465 464 462
f 466 462 461
f 466 465 462
f 467 466 461
f 468 466 467
f 469 465 466
f 468 469 466
f 470 469 468
f 471 470 468
f 471 468 472
f 472 468 467
f 472 467 177
f 172 472 177
f 171 472 172
f 171 471 472
f 473 474 471
f 474 470 471
f 473 471 171
f 156 153 473
f 153 474 473
f 169 473 171
f 156 473 169
f 153 150 474
f 150 475 474
f 474 475 470
f 144 145 475
f 150 144 475
f 475 476 470
f 475 145 476
f 477 476 145
f 470 476 469
f 476 478 469
f 477 478 476
f 478 479 465
f 480 479 478
f 469 478 465
f 480 478 477
f 112 480 477
f 110 480 112
f 481 479 480
f 110 481 480
f 482 483 481
f 109 482 481
f 109 481 110
f 481 483 479
f 483 484 485
f 482 484 483
f 479 483 464
f 464 483 485
f 485 484 486
f 485 486 487
f 463 485 487
f 464 485 463
f 487 488 442
f 487 486 488
f 459 487 442
f 463 487 459
f 486 489 488
f 489 437 488
f 488 437 438
f 488 438 442
f 490 491 489
f 491 492 489
f 489 492 437
f 486 490 489
f 493 491 490
f 484 490 486
f 494 490 484
f 493 490 494
f 495 494 496
f 495 493 494
f 496 494 482
f 494 484 482
f 497 495 496
f 497 496 108
f 108 496 109
f 496 482 109
f 497 498 499
f 499 495 497
f 108 105 497
f 105 498 497
f 498 500 499
f 105 100 498
f 498 501 500
f 100 501 498
f 500 502 503
f 500 504 502
f 499 500 503
f 501 504 500
f 503 502 505
f 505 506 503
f 503 506 507
f 503 507 499
f 506 508 507
f 499 507 495
f 507 493 495
f 507 508 493
f 506 509 508
f 508 509 510
f 508 510 491
f 508 491 493
f 509 511 510
f 491 510 492
f 510 511 492
f 511 512 513
f 514 512 511
f 514 511 509
f 511 513 515
f 492 511 515
f 515 513 516
f 515 516 434
f 435 515 434
f 492 515 435
f 513 517 516
f 434 516 432
f 432 516 423
f 516 518 423
f 516 517 518
f 519 518 517
f 520 521 518
f 423 518 521
f 520 518 519
f 522 519 523
f 522 520 519
f 519 517 524
f 523 519 524
f 524 517 525
f 523 524 526
f 526 524 527
f 524 525 527
f 513 525 517
f 512 525 513
f 512 528 525
f 527 525 528
f 529 528 512
f 529 11 528
f 530 528 11
f 527 528 530
f 531 527 530
f 530 11 10
f 531 530 532
f 532 530 10
f 532 10 12
f 533 532 12
f 534 532 533
f 534 531 532
f 533 12 535
f 534 533 536
f 533 535 537
f 536 533 537
f 536 537 538
f 537 535 539
f 538 537 540
f 537 539 540
f 535 541 539
f 539 541 542
f 540 539 543
f 539 542 543
f 543 542 544
f 542 545 544
f 542 546 545
f 541 546 542
f 541 15 546
f 546 15 19
f 546 547 545
f 546 19 547
f 547 21 548
f 547 19 21
f 549 547 548
f 545 547 550
f 550 547 549
f 550 549 551
f 551 549 552
f 549 548 553
f 549 553 552
f 553 554 552
f 552 554 555
f 556 552 555
f 551 552 556
f 555 557 556
f 556 557 558
f 556 558 559
f 559 551 556
f 559 558 560
f 559 560 561
f 561 562 559
f 562 551 559
f 544 562 561
f 544 545 562
f 545 550 562
f 562 550 551
f 561 560 563
f 561 563 564
f 564 544 561
f 564 563 565
f 564 565 566
f 566 543 564
f 543 544 564
f 566 565 567
f 566 567 568
f 568 540 566
f 540 543 566
f 568 567 569
f 568 569 570
f 570 538 568
f 538 540 568
f 570 569 571
f 570 571 572
f 572 573 570
f 573 538 570
f 574 573 575
f 574 536 573
f 573 536 538
f 575 573 572
f 576 574 575
f 577 576 575
f 578 575 572
f 577 575 578
f 572 579 578
f 578 579 580
f 578 580 581
f 581 577 578
f 581 580 582
f 581 582 583
f 583 584 581
f 584 577 581
f 585 586 584
f 587 585 584
f 587 584 583
f 584 586 577
f 586 588 576
f 585 588 586
f 586 576 577
f 576 588 534
f 588 531 534
f 589 588 585
f 588 526 531
f 589 526 588
f 589 523 526
f 590 523 589
f 591 590 589
f 591 589 592
f 592 589 585
f 591 592 593
f 592 585 587
f 592 587 593
f 594 593 595
f 594 591 593
f 593 587 596
f 595 593 596
f 596 597 595
f 595 597 598
f 595 598 599
f 599 594 595
f 599 598 600
f 599 600 601
f 601 602 599
f 602 594 599
f 603 602 601
f 603 604 602
f 604 605 602
f 602 605 594
f 604 590 605
f 605 590 591
f 605 591 594
f 606 604 603
f 606 607 604
f 607 590 604
f 607 522 523
f 608 522 607
f 607 523 590
f 608 607 606
f 608 609 522
f 610 611 608
f 611 609 608
f 610 608 612
f 612 608 606
f 611 613 609
f 613 614 609
f 609 614 520
f 609 520 522
f 614 521 520
f 614 338 521
f 334 338 614
f 613 334 614
f 615 333 613
f 333 334 613
f 615 613 611
f 616 617 615
f 617 333 615
f 615 611 618
f 616 615 619
f 619 615 618
f 619 618 620
f 620 618 621
f 618 622 621
f 618 611 622
f 622 611 610
f 621 622 623
f 610 623 622
f 624 625 623
f 626 623 625
f 621 623 626
f 610 624 623
f 612 624 610
f 627 624 612
f 628 625 624
f 628 624 627
f 628 627 629
f 629 630 628
f 628 630 631
f 628 631 625
f 625 631 632
f 631 633 632
f 631 634 633
f 630 634 631
f 632 633 635
f 634 636 633
f 633 637 635
f 633 636 637
f 635 637 638
f 636 639 637
f 637 640 638
f 637 639 640
f 638 640 641
f 639 642 640
f 640 643 641
f 640 642 643
f 641 643 644
f 642 645 643
f 643 646 644
f 643 645 646
f 644 646 647
f 645 648 646
f 646 649 647
f 646 648 649
f 647 649 650
f 648 651 649
f 649 652 650
f 649 651 652
f 650 652 653
f 651 654 652
f 652 655 653
f 652 654 655
f 653 655 656
f 654 657 655
f 655 658 656
f 655 657 658
f 656 658 659
f 657 660 658
f 658 661 659
f 658 660 661
f 659 661 662
f 660 663 661
f 661 664 662
f 661 663 664
f 662 664 665
f 666 664 663
f 667 665 664
f 667 664 666
f 666 663 668
f 668 669 666
f 666 670 667
f 666 669 670
f 670 671 672
f 669 671 670
f 670 672 673
f 667 670 673
f 673 672 674
f 675 673 676
f 673 674 676
f 667 673 675
f 672 677 674
f 674 677 678
f 674 678 679
f 676 674 679
f 679 680 681
f 679 678 680
f 682 679 681
f 676 679 682
f 682 681 683
f 684 676 682
f 685 682 683
f 684 682 685
f 685 683 686
f 685 687 684
f 685 688 687
f 686 688 685
f 686 683 689
f 686 689 690
f 686 691 688
f 690 691 686
f 690 689 692
f 690 692 693
f 690 694 691
f 693 694 690
f 695 696 693
f 693 697 695
f 693 692 697
f 693 696 694
f 698 694 696
f 698 696 699
f 695 700 696
f 699 696 700
f 701 699 702
f 703 699 701
f 703 698 699
f 699 700 702
f 701 702 704
f 702 705 706
f 704 702 706
f 702 700 705
f 707 701 704
f 707 704 708
f 704 706 709
f 708 704 709
f 710 707 708
f 710 708 711
f 708 709 712
f 711 708 712
f 713 710 711
f 713 711 714
f 711 712 715
f 714 711 715
f 716 713 714
f 716 714 717
f 714 715 718
f 717 714 718
f 719 716 717
f 719 717 720
f 717 718 721
f 720 717 721
f 722 719 720
f 722 720 723
f 720 721 724
f 723 720 724
f 725 723 726
f 727 723 725
f 727 722 723
f 723 724 726
f 725 726 728
f 726 729 730
f 728 726 730
f 726 724 729
f 731 725 728
f 731 728 732
f 728 730 733
f 732 728 733
f 734 732 735
f 736 732 734
f 736 731 732
f 732 733 735
f 737 731 736
f 738 737 736
f 738 736 739
f 739 736 734
f 739 740 738
f 739 734 741
f 741 742 739
f 742 740 739
f 742 743 740
f 740 744 738
f 743 745 740
f 740 745 744
f 745 746 744
f 744 746 747
f 744 747 748
f 738 744 748
f 746 749 747
f 748 747 750
f 747 751 750
f 747 749 751
f 750 751 752
f 749 753 751
f 751 753 754
f 751 754 752
f 752 754 755
f 755 756 752
f 752 756 757
f 752 757 750
f 750 757 758
f 757 759 758
f 757 760 759
f 756 760 757
f 758 759 761
f 760 762 759
f 759 727 761
f 759 762 727
f 763 764 762
f 760 763 762
f 762 722 727
f 762 764 722
f 765 766 764
f 763 765 764
f 764 719 722
f 764 766 719
f 767 768 766
f 765 767 766
f 766 716 719
f 766 768 716
f 769 770 768
f 767 769 768
f 768 713 716
f 768 770 713
f 771 772 770
f 769 771 770
f 770 710 713
f 770 772 710
f 773 774 772
f 771 773 772
f 772 707 710
f 772 774 707
f 773 775 774
f 774 701 707
f 774 703 701
f 775 703 774
f 776 775 773
f 777 778 775
f 776 777 775
f 775 778 703
f 779 780 778
f 777 779 778
f 778 698 703
f 778 780 698
f 781 691 780
f 779 781 780
f 780 694 698
f 780 691 694
f 782 688 781
f 783 782 781
f 783 781 779
f 781 688 691
f 784 782 783
f 785 784 783
f 785 783 786
f 786 783 779
f 787 785 786
f 787 786 788
f 786 779 777
f 788 786 777
f 789 787 788
f 789 788 790
f 788 777 776
f 790 788 776
f 791 790 792
f 793 790 791
f 793 789 790
f 790 776 792
f 791 792 794
f 792 773 771
f 794 792 771
f 792 776 773
f 795 791 794
f 795 794 796
f 794 771 769
f 796 794 769
f 797 795 796
f 797 796 798
f 796 769 767
f 798 796 767
f 799 797 798
f 799 798 800
f 798 767 765
f 800 798 765
f 801 799 800
f 801 800 802
f 800 765 763
f 802 800 763
f 803 802 756
f 803 801 802
f 802 763 760
f 756 802 760
f 804 801 803
f 805 804 803
f 805 803 755
f 755 803 756
f 805 806 807
f 807 804 805
f 755 808 805
f 808 806 805
f 808 809 806
f 809 810 806
f 806 811 807
f 810 811 806
f 807 811 812
f 810 813 811
f 811 813 814
f 811 814 812
f 812 814 815
f 815 816 812
f 812 816 817
f 812 817 807
f 807 817 804
f 817 818 804
f 817 819 818
f 816 819 817
f 819 820 818
f 804 818 801
f 818 799 801
f 818 820 799
f 821 822 820
f 819 821 820
f 820 797 799
f 820 822 797
f 823 824 822
f 821 823 822
f 822 795 797
f 822 824 795
f 823 825 824
f 824 791 795
f 824 793 791
f 825 793 824
f 826 825 823
f 827 828 825
f 826 827 825
f 825 828 793
f 829 830 828
f 827 829 828
f 828 789 793
f 828 830 789
f 831 832 830
f 829 831 830
f 830 787 789
f 830 832 787
f 833 834 832
f 831 833 832
f 832 785 787
f 832 834 785
f 835 836 834
f 833 835 834
f 834 784 785
f 834 836 784
f 837 838 836
f 835 837 836
f 836 839 784
f 836 838 839
f 838 840 839
f 839 687 782
f 784 839 782
f 839 840 687
f 675 840 665
f 838 665 840
f 684 687 840
f 684 840 675
f 662 665 838
f 837 662 838
f 659 662 837
f 841 659 837
f 841 837 835
f 656 659 841
f 842 656 841
f 842 841 843
f 843 841 835
f 844 842 843
f 844 843 845
f 843 835 833
f 845 843 833
f 846 844 845
f 846 845 847
f 845 833 831
f 847 845 831
f 848 846 847
f 848 847 849
f 847 831 829
f 849 847 829
f 850 848 849
f 850 849 851
f 849 829 827
f 851 849 827
f 852 850 851
f 852 851 853
f 851 827 826
f 853 851 826
f 854 853 855
f 856 853 854
f 856 852 853
f 853 826 855
f 854 855 857
f 855 823 821
f 857 855 821
f 855 826 823
f 858 854 857
f 857 821 819
f 816 857 819
f 858 857 816
f 859 854 858
f 860 859 858
f 860 858 815
f 815 858 816
f 861 860 862
f 861 859 860
f 815 863 860
f 862 860 863
f 864 862 863
f 865 862 864
f 866 862 865
f 861 862 866
f 865 867 866
f 861 866 868
f 866 867 869
f 866 869 868
f 868 869 870
f 870 871 868
f 868 871 872
f 868 872 861
f 861 872 859
f 872 856 859
f 872 873 856
f 871 873 872
f 874 875 873
f 871 874 873
f 873 852 856
f 873 875 852
f 876 877 875
f 874 876 875
f 875 850 852
f 875 877 850
f 878 879 877
f 876 878 877
f 877 848 850
f 877 879 848
f 880 881 879
f 878 880 879
f 879 846 848
f 879 881 846
f 882 883 881
f 880 882 881
f 881 844 846
f 881 883 844
f 650 653 883
f 882 650 883
f 883 842 844
f 883 653 842
f 647 650 882
f 884 647 882
f 884 882 880
f 644 647 884
f 885 644 884
f 885 884 886
f 886 884 880
f 887 885 886
f 887 886 888
f 886 880 878
f 888 886 878
f 889 887 888
f 889 888 890
f 888 878 876
f 890 888 876
f 891 890 892
f 891 889 890
f 892 890 874
f 890 876 874
f 893 891 892
f 893 892 870
f 870 892 871
f 892 874 871
f 893 894 895
f 895 891 893
f 870 896 893
f 896 894 893
f 894 616 897
f 898 616 894
f 894 897 895
f 896 898 894
f 898 617 616
f 899 617 898
f 899 898 896
f 900 617 899
f 867 900 899
f 867 899 869
f 869 899 896
f 900 332 617
f 900 330 332
f 901 900 867
f 901 330 900
f 901 322 330
f 902 322 901
f 864 902 901
f 864 901 865
f 865 901 867
f 902 319 322
f 903 319 902
f 903 902 813
f 813 902 904
f 904 902 864
f 813 904 814
f 814 904 863
f 864 863 904
f 903 318 319
f 905 318 903
f 809 905 903
f 809 903 810
f 810 903 813
f 905 315 318
f 906 905 753
f 906 315 905
f 753 905 907
f 907 905 809
f 753 907 754
f 754 907 808
f 907 809 808
f 908 906 749
f 908 310 906
f 749 906 753
f 906 310 315
f 745 909 908
f 909 308 908
f 908 308 310
f 745 908 746
f 746 908 749
f 910 909 911
f 910 307 909
f 909 307 308
f 911 909 743
f 743 909 745
f 912 910 911
f 912 911 913
f 913 911 742
f 911 743 742
f 914 913 741
f 913 742 741
f 915 912 913
f 913 914 915
f 915 916 912
f 917 916 915
f 915 914 918
f 915 918 917
f 914 919 918
f 918 919 920
f 918 920 921
f 918 921 917
f 921 920 922
f 921 922 923
f 923 924 921
f 917 921 924
f 925 924 923
f 925 926 924
f 927 924 926
f 927 917 924
f 916 917 927
f 927 928 916
f 926 929 927
f 927 929 928
f 928 297 299
f 929 297 928
f 928 299 910
f 916 928 910
f 929 296 297
f 930 296 929
f 930 929 931
f 931 929 926
f 932 931 933
f 932 930 931
f 933 931 925
f 931 926 925
f 934 932 933
f 935 933 936
f 933 925 936
f 934 933 935
f 936 937 935
f 935 937 938
f 935 938 939
f 939 934 935
f 939 938 940
f 939 940 941
f 941 942 939
f 942 934 939
f 942 943 934
f 944 943 942
f 945 942 941
f 945 944 942
f 946 944 945
f 946 947 944
f 944 947 943
f 947 948 930
f 947 949 948
f 950 947 946
f 950 949 947
f 943 947 930
f 950 951 949
f 951 952 949
f 949 952 953
f 949 953 948
f 953 293 295
f 953 954 293
f 952 954 953
f 948 953 295
f 955 293 954
f 956 954 957
f 955 954 956
f 952 957 954
f 290 293 955
f 958 290 955
f 958 955 959
f 959 955 960
f 960 955 956
f 961 959 960
f 960 956 962
f 960 962 963
f 961 960 964
f 964 960 963
f 965 963 966
f 964 963 965
f 963 967 966
f 963 968 967
f 963 962 968
f 966 967 969
f 967 968 970
f 967 970 971
f 967 971 969
f 969 971 972
f 966 969 973
f 969 972 974
f 973 969 974
f 975 966 973
f 975 973 976
f 976 973 977
f 973 974 977
f 976 977 978
f 978 977 979
f 977 980 979
f 977 974 980
f 979 980 981
f 974 982 980
f 980 983 981
f 980 982 983
f 982 984 983
f 981 983 985
f 983 986 985
f 983 984 986
f 984 987 986
f 986 988 989
f 985 986 989
f 986 987 988
f 987 990 988
f 988 991 992
f 989 988 992
f 988 990 991
f 991 990 993
f 994 991 995
f 992 991 994
f 995 991 993
f 996 995 997
f 995 993 997
f 998 995 996
f 998 994 995
f 996 997 999
f 1000 998 996
f 1001 996 999
f 1000 996 1001
f 1001 1002 1000
f 1000 1002 1003
f 1000 1003 1004
f 1004 998 1000
f 1004 1003 1005
f 1004 1005 1006
f 1006 1007 1004
f 1004 1007 998
f 1008 1007 1006
f 1009 1007 1008
f 1007 994 998
f 1009 994 1007
f 1010 1009 1011
f 1010 992 1009
f 1011 1009 1008
f 992 994 1009
f 1012 1010 1011
f 1012 1011 1013
f 1011 1008 1014
f 1013 1011 1014
f 1015 1013 1016
f 1015 1012 1013
f 1016 1013 1017
f 1013 1014 1017
f 1016 1017 1018
f 1017 1019 1020
f 1018 1017 1020
f 1017 1014 1019
f 1014 1021 1019
f 1021 1022 1019
f 1019 1022 1023
f 1019 1023 1020
f 1020 1023 1024
f 1023 1025 1024
f 1023 1026 1025
f 1022 1026 1023
f 1024 1025 1027
f 1028 1025 1026
f 1029 1027 1025
f 1029 1025 1028
f 1028 1026 1030
f 1031 1029 1028
f 1032 1028 1030
f 1031 1028 1032
f 1033 1032 1034
f 1032 1030 1034
f 1035 1032 1033
f 1035 1031 1032
f 1036 1035 1033
f 1033 1034 1037
f 1038 1033 1037
f 1036 1033 1038
f 1039 1036 1038
f 1038 1037 1040
f 1041 1038 1040
f 1039 1038 1041
f 1042 1039 1041
f 1041 1040 1043
f 1044 1041 1043
f 1042 1041 1044
f 1045 1044 1046
f 1045 1042 1044
f 1046 1044 1047
f 1044 1043 1047
f 1046 1048 1049
f 1047 1048 1046
f 1046 1050 1051
f 1046 1049 1050
f 1051 1045 1046
f 1052 1050 1049
f 1052 1049 1048
f 1053 1052 1054
f 1053 1050 1052
f 1052 1048 1055
f 1052 1055 1056
f 1054 1052 1056
f 1057 1054 1058
f 1054 1056 1058
f 1054 1059 1053
f 1057 1059 1054
f 1060 1057 1061
f 1060 1059 1057
f 1062 1057 1058
f 1061 1057 1062
f 1063 1060 1061
f 1063 1061 1064
f 1064 1061 1065
f 1061 1062 1065
f 1064 1065 1066
f 1066 1065 1067
f 1065 1068 1067
f 1065 1062 1068
f 1069 1068 1070
f 1067 1068 1069
f 1068 1071 1070
f 1068 1062 1071
f 1070 1072 1073
f 1070 1074 1072
f 1069 1070 1073
f 1071 1074 1070
f 1074 1075 1076
f 1077 1075 1074
f 1074 1076 1072
f 1071 1077 1074
f 1077 1078 1075
f 1056 1078 1077
f 1058 1056 1077
f 1058 1077 1071
f 1078 1079 1075
f 1056 1055 1078
f 1055 1080 1078
f 1078 1080 1079
f 1080 1081 1079
f 1075 1079 1082
f 1079 1083 1082
f 1079 1081 1083
f 1083 1084 1085
f 1083 1086 1084
f 1081 1086 1083
f 1082 1083 1085
f 1081 1087 1086
f 1086 1087 1088
f 1086 1088 1089
f 1086 1089 1090
f 1086 1090 1084
f 1090 1089 1091
f 1090 1091 1092
f 1090 1092 1093
f 1084 1090 1093
f 1093 1092 1094
f 1095 1093 1096
f 1093 1094 1096
f 1084 1093 1095
f 1094 1097 1098
f 1094 1099 1097
f 1092 1099 1094
f 1096 1094 1098
f 1098 1097 1100
f 1101 1098 1102
f 1098 1100 1102
f 1096 1098 1101
f 1097 1103 1100
f 1100 1103 1104
f 1100 1104 1105
f 1102 1100 1105
f 1105 1104 1106
f 1105 1106 1107
f 1108 1105 1107
f 1102 1105 1108
f 1109 1102 1108
f 1110 1108 1111
f 1108 1107 1111
f 1109 1108 1110
f 1112 1110 1113
f 1110 1111 1113
f 1114 1110 1112
f 1114 1109 1110
f 1112 1113 1115
f 1116 1114 1112
f 1117 1112 1115
f 1116 1112 1117
f 1118 1116 1117
f 130 1117 127
f 1117 1115 127
f 1118 1117 130
f 1119 1120 1118
f 1120 1116 1118
f 1121 1118 130
f 1119 1118 1121
f 1121 130 129
f 1122 1119 1121
f 1123 1121 129
f 1122 1121 1123
f 1123 129 132
f 1124 1122 1123
f 1125 1123 132
f 1124 1123 1125
f 1126 1124 1125
f 1127 1125 135
f 1125 132 135
f 1126 1125 1127
f 1128 1127 138
f 1129 1127 1128
f 1129 1126 1127
f 1127 135 138
f 1130 1126 1129
f 1131 1130 1129
f 1131 1129 1132
f 1132 1129 1128
f 1132 1128 1133
f 1134 1132 1133
f 1135 1132 1134
f 1135 1131 1132
f 1136 1135 1134
f 1134 1133 1137
f 1138 1134 1137
f 1136 1134 1138
f 1139 1138 1140
f 1138 1137 1140
f 1141 1138 1139
f 1141 1136 1138
f 1139 1140 1142
f 1143 1139 1144
f 1143 1141 1139
f 1144 1139 1142
f 1142 1140 1145
f 1142 1145 1146
f 1144 1142 1147
f 1147 1142 1146
f 1148 1146 157
f 1146 154 157
f 1147 1146 1148
f 1146 1145 154
f 1149 1148 159
f 1150 1148 1149
f 1148 157 159
f 1150 1147 1148
f 1151 1152 1150
f 1152 1147 1150
f 1153 1150 1149
f 1151 1150 1153
f 1153 1149 1154
f 1155 1151 1153
f 1155 1153 1156
f 1156 1153 1154
f 1154 1149 162
f 1154 162 1157
f 1156 1154 1158
f 1158 1154 1157
f 1158 1157 1159
f 1159 1157 1160
f 1157 163 1160
f 1157 162 163
f 1159 1160 1161
f 1161 1160 1162
f 1160 165 1162
f 1160 163 165
f 1162 1163 1164
f 1162 165 1163
f 1161 1162 1165
f 1165 1162 1164
f 1164 1163 1166
f 1164 1166 1167
f 1165 1164 1168
f 1168 1164 1167
f 1168 1167 1169
f 1169 1167 1170
f 1167 1171 1170
f 1167 1166 1171
f 1166 1172 1171
f 1171 1172 1173
f 1171 1173 1174
f 1170 1171 1174
f 1174 1173 1175
f 1174 1175 1176
f 1177 1174 1176
f 1170 1174 1177
f 1177 1176 1178
f 1179 1170 1177
f 1179 1177 1180
f 1180 1177 1178
f 1178 1176 198
f 1178 198 1181
f 1180 1178 1182
f 1182 1178 1181
f 1182 1181 1183
f 1183 1181 1184
f 1181 199 1184
f 1181 198 199
f 1183 1184 1185
f 1185 1184 1186
f 1184 201 1186
f 1184 199 201
f 1186 1187 1188
f 1186 201 1187
f 1185 1186 1189
f 1189 1186 1188
f 1188 1187 1190
f 1188 1190 1191
f 1189 1188 1192
f 1192 1188 1191
f 1192 1191 1193
f 1193 1191 1194
f 1191 1195 1194
f 1191 1190 1195
f 1190 1196 1195
f 1195 1196 1197
f 1195 1197 1198
f 1194 1195 1198
f 1198 1197 1199
f 1198 1199 1200
f 1201 1198 1200
f 1194 1198 1201
f 1201 1200 1202
f 1203 1194 1201
f 1203 1201 1204
f 1204 1201 1202
f 1202 1200 234
f 1202 234 1205
f 1204 1202 1206
f 1206 1202 1205
f 1206 1205 1207
f 1207 1205 1208
f 1205 235 1208
f 1205 234 235
f 1207 1208 1209
f 1209 1208 1210
f 1208 237 1210
f 1208 235 237
f 1210 1211 1212
f 1210 237 1211
f 1209 1210 1213
f 1213 1210 1212
f 1212 1211 1214
f 1212 1214 1215
f 1213 1212 1216
f 1216 1212 1215
f 1216 1215 1217
f 1217 1215 1218
f 1215 1219 1218
f 1215 1214 1219
f 1214 1220 1219
f 1219 1220 1221
f 1219 1221 1222
f 1218 1219 1222
f 1222 1221 1223
f 1222 1223 1224
f 1225 1222 1224
f 1218 1222 1225
f 1225 1224 1226
f 1227 1218 1225
f 1227 1225 1228
f 1228 1225 1226
f 1226 1224 270
f 1226 270 1229
f 1228 1226 1230
f 1230 1226 1229
f 1230 1229 1231
f 1231 1229 1232
f 1229 271 1232
f 1229 270 271
f 1231 1232 1233
f 1233 1232 1234
f 1232 273 1234
f 1232 271 273
f 1234 1235 1236
f 1234 273 1235
f 1233 1234 1237
f 1237 1234 1236
f 1236 1235 1238
f 1236 1238 1239
f 1237 1236 1240
f 1240 1236 1239
f 1240 1239 1241
f 1241 1239 1242
f 1239 1243 1242
f 1239 1238 1243
f 1238 1244 1243
f 1243 1244 1245
f 1243 1245 1246
f 1242 1243 1246
f 976 1246 975
f 1246 1247 975
f 1242 1246 976
f 1246 1245 1247
f 1247 1248 1249
f 1245 1248 1247
f 1247 1249 965
f 975 1247 965
f 1248 1250 1249
f 965 1249 964
f 1249 1250 961
f 1249 961 964
f 1248 1251 1250
f 1251 958 1250
f 1250 958 959
f 1250 959 961
f 1251 289 958
f 284 289 1251
f 1252 284 1251
f 1252 1251 1248
f 285 284 1252
f 1244 1252 1245
f 1244 285 1252
f 1245 1252 1248
f 1253 285 1244
f 1238 1253 1244
f 274 276 1253
f 1235 274 1253
f 1235 1253 1238
f 1253 276 285
f 1241 1242 978
f 978 1242 976
f 1254 1240 1241
f 1255 1241 978
f 1254 1241 1255
f 1256 1240 1254
f 1257 1256 1254
f 1257 1254 1258
f 1258 1254 1255
f 1255 1259 1258
f 1258 1259 1260
f 1258 1260 1261
f 1261 1257 1258
f 1261 1260 1262
f 1261 1262 1263
f 1263 1264 1261
f 1264 1257 1261
f 1264 1265 1257
f 1266 1265 1264
f 1267 1266 1264
f 1267 1264 1263
f 1266 1268 1265
f 1268 1269 1265
f 1265 1269 1256
f 1265 1256 1257
f 1270 1233 1269
f 1268 1270 1269
f 1269 1233 1237
f 1269 1237 1256
f 1271 1231 1270
f 1272 1271 1270
f 1270 1231 1233
f 1272 1270 1268
f 1273 1274 1272
f 1274 1271 1272
f 1275 1272 1268
f 1273 1272 1275
f 1276 1275 1277
f 1276 1273 1275
f 1277 1275 1266
f 1275 1268 1266
f 1278 1276 1277
f 1277 1266 1267
f 1279 1277 1267
f 1278 1277 1279
f 1279 1267 1280
f 1281 1279 1280
f 1282 1278 1279
f 1282 1279 1281
f 1280 1283 1281
f 1281 1283 1284
f 1281 1284 1285
f 1285 1282 1281
f 1285 1284 1286
f 1285 1286 1287
f 1287 1288 1285
f 1288 1282 1285
f 1288 1289 1282
f 1290 1289 1288
f 1291 1290 1288
f 1291 1288 1287
f 1292 1291 1287
f 1293 1291 1292
f 1293 1294 1291
f 1294 1290 1291
f 1295 1294 1293
f 1296 1295 1293
f 1296 1293 1297
f 1297 1293 1292
f 1292 1298 1297
f 1297 1298 1299
f 1297 1299 1300
f 1300 1296 1297
f 1300 1299 1301
f 1300 1301 1302
f 1302 1303 1300
f 1303 1296 1300
f 1304 1305 1303
f 1306 1304 1303
f 1306 1303 1302
f 1303 1305 1296
f 1304 1307 1305
f 1307 1308 1305
f 1305 1308 1295
f 1305 1295 1296
f 1308 1309 1295
f 1308 1310 1309
f 1311 1310 1308
f 1307 1311 1308
f 1311 1312 1310
f 1312 1313 1310
f 1310 1313 1314
f 1310 1314 1309
f 1309 1314 1315
f 1314 1316 1315
f 1314 1317 1316
f 1313 1317 1314
f 1317 1318 1316
f 1316 1318 1319
f 1316 1319 1320
f 1315 1316 1320
f 1320 1319 1321
f 1320 1321 1289
f 1290 1320 1289
f 1315 1320 1290
f 1289 1321 1278
f 1321 1276 1278
f 1321 1322 1276
f 1319 1322 1321
f 1319 1323 1322
f 1323 1324 1322
f 1322 1324 1273
f 1322 1273 1276
f 1324 1274 1273
f 1324 1325 1274
f 1326 1325 1324
f 1323 1326 1324
f 1326 1327 1325
f 1327 1328 1325
f 1325 1328 1329
f 1325 1329 1274
f 1274 1329 1271
f 1329 1230 1271
f 1329 1228 1230
f 1328 1228 1329
f 1330 1227 1328
f 1327 1330 1328
f 1328 1227 1228
f 1331 1217 1330
f 1332 1331 1330
f 1330 1217 1227
f 1332 1330 1327
f 1333 1334 1332
f 1334 1331 1332
f 1335 1332 1327
f 1333 1332 1335
f 1336 1335 1337
f 1336 1333 1335
f 1337 1335 1326
f 1335 1327 1326
f 1338 1336 1337
f 1337 1326 1323
f 1318 1337 1323
f 1338 1337 1318
f 1339 1336 1338
f 1340 1339 1338
f 1340 1338 1317
f 1317 1338 1318
f 1341 1339 1340
f 1313 1340 1317
f 1342 1340 1313
f 1342 1341 1340
f 1343 1344 1341
f 1344 1345 1341
f 1341 1345 1339
f 1343 1341 1342
f 1346 1344 1343
f 1347 1346 1343
f 1347 1343 1348
f 1348 1343 1342
f 1349 1347 1348
f 1348 1342 1312
f 1350 1348 1312
f 1349 1348 1350
f 1351 1349 1350
f 1351 1350 1352
f 1352 1350 1311
f 1350 1312 1311
f 1353 1351 1352
f 1352 1311 1307
f 1354 1352 1307
f 1353 1352 1354
f 1355 1353 1354
f 1355 1354 1356
f 1354 1307 1304
f 1356 1354 1304
f 1357 1355 1356
f 1356 1304 1306
f 1358 1356 1306
f 1357 1356 1358
f 1358 1306 1359
f 1360 1358 1359
f 1361 1358 1360
f 1361 1357 1358
f 1362 1361 1360
f 1363 1364 1361
f 1364 1357 1361
f 1363 1361 1362
f 1365 1364 1363
f 1366 1365 1363
f 1366 1363 1367
f 1367 1363 1362
f 1362 1368 1367
f 1367 1368 1369
f 1367 1369 1370
f 1370 1366 1367
f 1370 1369 1371
f 1370 1371 1372
f 1372 1373 1370
f 1373 1366 1370
f 1373 1374 1366
f 1375 1373 1372
f 1376 1374 1373
f 1375 1376 1373
f 1376 1377 1374
f 1377 1378 1374
f 1374 1378 1365
f 1374 1365 1366
f 1378 1379 1380
f 1381 1379 1378
f 1378 1380 1365
f 1377 1381 1378
f 1381 1382 1379
f 1383 1382 1381
f 1384 1383 1381
f 1384 1381 1377
f 1383 1385 1382
f 1385 1386 1382
f 1382 1386 1387
f 1382 1387 1379
f 1379 1387 1388
f 1387 1389 1388
f 1387 1390 1389
f 1386 1390 1387
f 1386 1391 1390
f 1391 1392 1390
f 1390 1392 1393
f 1390 1393 1389
f 1389 1393 1394
f 1393 1395 1394
f 1393 1396 1395
f 1392 1396 1393
f 1396 1397 1395
f 1395 1397 1349
f 1395 1349 1351
f 1394 1395 1351
f 1397 1347 1349
f 1397 1398 1347
f 1399 1398 1397
f 1396 1399 1397
f 1399 1400 1398
f 1400 1401 1398
f 1398 1401 1346
f 1398 1346 1347
f 1401 1402 1403
f 1404 1402 1401
f 1401 1403 1346
f 1400 1404 1401
f 1404 1405 1402
f 1406 1405 1404
f 1407 1406 1404
f 1407 1404 1400
f 1406 1408 1405
f 1408 1409 1405
f 1405 1409 1410
f 1405 1410 1402
f 1402 1410 1411
f 1410 1412 1411
f 1410 1413 1412
f 1409 1413 1410
f 1409 1414 1413
f 1414 1415 1413
f 1413 1415 1416
f 1413 1416 1412
f 1416 1417 1418
f 1415 1417 1416
f 1416 1418 1419
f 1412 1416 1419
f 1412 1419 1420
f 1420 1419 1421
f 1419 1422 1421
f 1419 1418 1422
f 1418 1423 1422
f 1422 1423 1424
f 1422 1424 1425
f 1421 1422 1425
f 1425 1424 1426
f 1425 1426 1334
f 1427 1425 1334
f 1421 1425 1427
f 1427 1334 1333
f 1428 1421 1427
f 1428 1427 1429
f 1429 1427 1333
f 1345 1428 1429
f 1429 1333 1336
f 1339 1429 1336
f 1345 1429 1339
f 1430 1420 1428
f 1420 1421 1428
f 1430 1428 1345
f 1411 1420 1430
f 1403 1411 1430
f 1403 1430 1344
f 1344 1430 1345
f 1334 1426 1331
f 1426 1216 1331
f 1426 1213 1216
f 1424 1213 1426
f 1423 1209 1424
f 1424 1209 1213
f 1431 1207 1423
f 1418 1431 1423
f 1423 1207 1209
f 1432 1206 1431
f 1417 1432 1431
f 1431 1206 1207
f 1417 1431 1418
f 1433 1432 1417
f 1432 1204 1206
f 1434 1204 1432
f 1433 1434 1432
f 1435 1436 1433
f 1436 1434 1433
f 1415 1433 1417
f 1435 1433 1415
f 1437 1436 1435
f 1438 1437 1435
f 1438 1435 1414
f 1414 1435 1415
f 1439 1440 1438
f 1440 1437 1438
f 1441 1438 1414
f 1439 1438 1441
f 1442 1439 1441
f 1442 1441 1408
f 1408 1441 1409
f 1441 1414 1409
f 1443 1444 1442
f 1444 1439 1442
f 1445 1442 1408
f 1443 1442 1445
f 1446 1445 1406
f 1447 1445 1446
f 1445 1408 1406
f 1447 1443 1445
f 1448 1449 1447
f 1449 1443 1447
f 1450 1447 1446
f 1448 1447 1450
f 1450 1446 1451
f 1452 1448 1450
f 1452 1450 1453
f 1453 1450 1451
f 1454 1451 1455
f 1453 1451 1454
f 1451 1407 1455
f 1451 1446 1407
f 1454 1455 1456
f 1456 1455 1399
f 1455 1400 1399
f 1455 1407 1400
f 1457 1454 1456
f 1456 1399 1396
f 1392 1456 1396
f 1457 1456 1392
f 1458 1454 1457
f 1459 1458 1457
f 1459 1457 1391
f 1391 1457 1392
f 1460 1461 1459
f 1461 1458 1459
f 1462 1459 1391
f 1460 1459 1462
f 1463 1460 1462
f 1463 1462 1385
f 1385 1462 1386
f 1462 1391 1386
f 1464 1465 1463
f 1465 1460 1463
f 1466 1463 1385
f 1464 1463 1466
f 1467 1466 1383
f 1468 1466 1467
f 1466 1385 1383
f 1468 1464 1466
f 1469 1470 1468
f 1470 1464 1468
f 1471 1468 1467
f 1469 1468 1471
f 1472 1471 1473
f 1474 1471 1472
f 1471 1467 1473
f 1474 1469 1471
f 1475 1476 1474
f 1476 1469 1474
f 1477 1474 1472
f 1475 1474 1477
f 1477 1472 1478
f 1479 1475 1477
f 1479 1477 1480
f 1480 1477 1478
f 1481 1478 1482
f 1480 1478 1481
f 1478 1483 1482
f 1478 1472 1483
f 1472 1473 1483
f 1483 1473 1484
f 1483 1484 1485
f 1482 1483 1485
f 1485 1484 1376
f 1485 1376 1375
f 1486 1485 1375
f 1482 1485 1486
f 1487 1482 1486
f 1487 1486 1488
f 1486 1375 1489
f 1488 1486 1489
f 1489 1490 1488
f 1488 1490 1491
f 1488 1491 1492
f 1492 1487 1488
f 1492 1491 1493
f 1492 1493 1494
f 1492 1494 1495
f 1492 1495 1487
f 1495 1496 1481
f 1495 1497 1496
f 1495 1481 1487
f 1495 1494 1497
f 1498 1499 1497
f 1499 1500 1497
f 1501 1497 1500
f 1494 1502 1497
f 1503 1497 1502
f 1498 1497 1504
f 1504 1497 1505
f 1505 1497 1506
f 1506 1497 1507
f 1507 1497 1508
f 1497 1509 1508
f 1509 1497 1510
f 1510 1497 1511
f 1511 1497 1503
f 1496 1497 1512
f 1512 1497 1513
f 1513 1497 1514
f 1514 1497 1515
f 1497 1516 1515
f 1516 1497 1517
f 1517 1497 1518
f 1518 1497 1519
f 1519 1497 1520
f 1497 1521 1520
f 1522 1497 1523
f 1523 1497 1524
f 1524 1497 1525
f 1525 1497 1526
f 1497 1527 1526
f 1527 1497 1528
f 1528 1497 1529
f 1529 1497 1530
f 1530 1497 1531
f 1531 1497 1532
f 1497 1533 1532
f 1533 1497 1534
f 1534 1497 1535
f 1535 1497 1536
f 1536 1497 1537
f 1497 1538 1537
f 1538 1497 1539
f 1539 1497 1540
f 1540 1497 1541
f 1541 1497 1542
f 1542 1497 1543
f 1497 1544 1543
f 1544 1497 1545
f 1545 1497 1546
f 1497 1547 1546
f 1548 1497 1549
f 1549 1497 1550
f 1497 1551 1550
f 1501 1551 1497
f 1497 1552 1553
f 1497 1548 1552
f 1497 1554 1555
f 1497 1553 1554
f 1497 1556 1557
f 1497 1555 1556
f 1497 1558 1547
f 1497 1557 1558
f 1497 1522 1521
f 1522 1559 1521
f 1522 1560 1559
f 1523 1560 1522
f 1523 1561 1560
f 1561 1562 1560
f 1560 1562 1563
f 1560 1563 1559
f 1559 1563 1564
f 1563 1565 1564
f 1563 1566 1565
f 1562 1566 1563
f 1566 1567 1565
f 1565 1567 1568
f 1565 1568 1569
f 1564 1565 1569
f 1569 1568 1570
f 1569 1570 1571
f 1572 1569 1571
f 1564 1569 1572
f 1572 1571 1573
f 1574 1564 1572
f 1574 1572 1575
f 1575 1572 1573
f 1573 1571 1576
f 1573 1576 1577
f 1575 1573 1578
f 1578 1573 1577
f 1579 1577 1580
f 1578 1577 1579
f 1577 1581 1580
f 1577 1576 1581
f 1576 1582 1581
f 1581 1582 1583
f 1581 1583 1584
f 1580 1581 1584
f 1584 1583 1585
f 1584 1585 1465
f 1586 1584 1465
f 1580 1584 1586
f 1586 1465 1464
f 1587 1580 1586
f 1587 1586 1470
f 1470 1586 1464
f 1588 1579 1587
f 1579 1580 1587
f 1589 1587 1470
f 1588 1587 1589
f 1590 1588 1589
f 1590 1589 1476
f 1476 1589 1469
f 1589 1470 1469
f 1516 1591 1590
f 1591 1588 1590
f 1592 1590 1476
f 1516 1590 1592
f 1515 1516 1592
f 1593 1592 1475
f 1515 1592 1593
f 1592 1476 1475
f 1593 1475 1479
f 1513 1593 1479
f 1513 1514 1593
f 1514 1515 1593
f 1591 1594 1588
f 1595 1594 1591
f 1517 1591 1516
f 1517 1595 1591
f 1518 1596 1595
f 1596 1597 1595
f 1595 1597 1594
f 1517 1518 1595
f 1598 1575 1597
f 1596 1598 1597
f 1597 1575 1578
f 1597 1578 1594
f 1520 1598 1596
f 1520 1521 1598
f 1521 1574 1598
f 1598 1574 1575
f 1596 1519 1520
f 1518 1519 1596
f 1594 1579 1588
f 1594 1578 1579
f 1465 1585 1460
f 1585 1461 1460
f 1585 1599 1461
f 1583 1599 1585
f 1583 1600 1599
f 1600 1601 1599
f 1599 1601 1602
f 1599 1602 1461
f 1461 1602 1458
f 1602 1453 1458
f 1602 1452 1453
f 1601 1452 1602
f 1601 1603 1452
f 1604 1603 1601
f 1600 1604 1601
f 1604 1605 1603
f 1606 1605 1604
f 1607 1606 1604
f 1607 1604 1600
f 1608 1609 1607
f 1609 1606 1607
f 1582 1607 1600
f 1608 1607 1582
f 1570 1609 1608
f 1571 1570 1608
f 1571 1608 1576
f 1576 1608 1582
f 1609 1610 1606
f 1611 1610 1609
f 1570 1611 1609
f 1568 1612 1611
f 1612 1613 1611
f 1611 1613 1610
f 1568 1611 1570
f 1613 1614 1615
f 1616 1614 1613
f 1612 1616 1613
f 1613 1615 1610
f 1614 1617 1615
f 1615 1617 1618
f 1615 1618 1619
f 1610 1615 1619
f 1619 1618 1620
f 1619 1620 1605
f 1606 1619 1605
f 1610 1619 1606
f 1605 1620 1621
f 1620 1622 1621
f 1620 1623 1622
f 1618 1623 1620
f 1623 1624 1622
f 1622 1624 1625
f 1622 1625 1449
f 1621 1622 1449
f 1625 1444 1443
f 1625 1626 1444
f 1624 1626 1625
f 1449 1625 1443
f 1624 1627 1626
f 1627 1628 1626
f 1626 1628 1629
f 1626 1629 1444
f 1444 1629 1439
f 1629 1440 1439
f 1629 1630 1440
f 1628 1630 1629
f 1628 1631 1630
f 1631 1632 1630
f 1630 1632 1633
f 1630 1633 1440
f 1633 1634 1635
f 1632 1634 1633
f 1633 1635 1437
f 1440 1633 1437
f 1634 1636 1635
f 1635 1636 1637
f 1635 1637 1436
f 1437 1635 1436
f 1636 1193 1637
f 1637 1193 1203
f 1436 1637 1434
f 1637 1203 1434
f 1638 1192 1636
f 1634 1638 1636
f 1636 1192 1193
f 1639 1638 1634
f 1638 1189 1192
f 1640 1189 1638
f 1639 1640 1638
f 1641 1642 1639
f 1642 1640 1639
f 1632 1639 1634
f 1641 1639 1632
f 1643 1642 1641
f 1644 1643 1641
f 1644 1641 1631
f 1631 1641 1632
f 1645 1646 1644
f 1646 1643 1644
f 1647 1644 1631
f 1645 1644 1647
f 1648 1645 1647
f 1648 1647 1627
f 1627 1647 1628
f 1647 1631 1628
f 1649 1650 1648
f 1650 1645 1648
f 1651 1648 1627
f 1649 1648 1651
f 1623 1651 1624
f 1652 1651 1623
f 1651 1627 1624
f 1652 1649 1651
f 1617 1653 1652
f 1653 1649 1652
f 1618 1652 1623
f 1617 1652 1618
f 1654 1655 1653
f 1655 1656 1653
f 1653 1656 1649
f 1654 1653 1617
f 1657 1655 1654
f 1658 1657 1654
f 1658 1654 1614
f 1614 1654 1617
f 1659 1657 1658
f 1616 1658 1614
f 1660 1658 1616
f 1660 1659 1658
f 1661 1662 1659
f 1662 1663 1659
f 1659 1663 1657
f 1661 1659 1660
f 1664 1661 1660
f 1665 1661 1664
f 1666 1662 1661
f 1665 1666 1661
f 1667 1668 1665
f 1668 1666 1665
f 1669 1665 1664
f 1667 1665 1669
f 1670 1669 1671
f 1672 1669 1670
f 1669 1664 1671
f 1672 1667 1669
f 1673 1674 1672
f 1674 1667 1672
f 1675 1672 1670
f 1673 1672 1675
f 1675 1670 1562
f 1676 1673 1675
f 1676 1675 1561
f 1561 1675 1562
f 1526 1673 1676
f 1524 1676 1561
f 1524 1525 1676
f 1676 1525 1526
f 1527 1674 1673
f 1526 1527 1673
f 1527 1677 1674
f 1677 1678 1674
f 1674 1678 1667
f 1679 1680 1678
f 1677 1679 1678
f 1678 1680 1668
f 1678 1668 1667
f 1679 1681 1680
f 1681 1682 1680
f 1680 1682 1683
f 1680 1683 1668
f 1683 1684 1685
f 1682 1684 1683
f 1683 1685 1666
f 1668 1683 1666
f 1684 1686 1685
f 1685 1686 1687
f 1685 1687 1662
f 1666 1685 1662
f 1686 1688 1687
f 1662 1687 1663
f 1687 1689 1663
f 1687 1688 1689
f 1688 1690 1689
f 1689 1690 1691
f 1689 1691 1692
f 1663 1689 1692
f 1692 1691 1693
f 1692 1693 1655
f 1657 1692 1655
f 1663 1692 1657
f 1691 1694 1693
f 1655 1693 1656
f 1693 1695 1656
f 1693 1694 1695
f 1694 1696 1695
f 1695 1696 1697
f 1695 1697 1650
f 1656 1695 1650
f 1650 1697 1645
f 1697 1646 1645
f 1697 1698 1646
f 1696 1698 1697
f 1696 1699 1698
f 1699 1700 1698
f 1698 1700 1701
f 1698 1701 1646
f 1701 1702 1703
f 1700 1702 1701
f 1701 1703 1643
f 1646 1701 1643
f 1702 1704 1703
f 1703 1704 1705
f 1703 1705 1642
f 1643 1703 1642
f 1704 1183 1705
f 1705 1183 1185
f 1642 1705 1640
f 1705 1185 1640
f 1706 1182 1704
f 1702 1706 1704
f 1704 1182 1183
f 1707 1706 1702
f 1706 1180 1182
f 1708 1180 1706
f 1707 1708 1706
f 1709 1710 1707
f 1710 1708 1707
f 1700 1707 1702
f 1709 1707 1700
f 1711 1710 1709
f 1712 1711 1709
f 1712 1709 1699
f 1699 1709 1700
f 1713 1714 1712
f 1714 1711 1712
f 1715 1712 1699
f 1713 1712 1715
f 1716 1713 1715
f 1716 1715 1694
f 1694 1715 1696
f 1715 1699 1696
f 1690 1717 1716
f 1717 1713 1716
f 1691 1716 1694
f 1690 1716 1691
f 1717 1718 1713
f 1719 1718 1717
f 1720 1717 1690
f 1720 1719 1717
f 1721 1722 1719
f 1722 1723 1719
f 1719 1723 1718
f 1721 1719 1720
f 1724 1722 1721
f 1725 1724 1721
f 1725 1721 1726
f 1726 1721 1720
f 1727 1725 1726
f 1726 1720 1688
f 1686 1726 1688
f 1727 1726 1686
f 1684 1727 1686
f 1728 1727 1684
f 1729 1725 1727
f 1728 1729 1727
f 1730 1731 1728
f 1731 1729 1728
f 1682 1728 1684
f 1730 1728 1682
f 1681 1730 1682
f 1732 1730 1681
f 1733 1731 1730
f 1732 1733 1730
f 1734 1735 1732
f 1735 1733 1732
f 1736 1732 1681
f 1734 1732 1736
f 1737 1736 1679
f 1738 1736 1737
f 1736 1681 1679
f 1738 1734 1736
f 1529 1530 1738
f 1530 1739 1738
f 1739 1734 1738
f 1529 1738 1737
f 1530 1531 1739
f 1739 1531 1532
f 1532 1740 1739
f 1739 1740 1734
f 1532 1533 1740
f 1533 1741 1740
f 1740 1741 1735
f 1740 1735 1734
f 1533 1742 1741
f 1742 1743 1741
f 1741 1743 1744
f 1741 1744 1735
f 1744 1745 1746
f 1743 1745 1744
f 1744 1746 1733
f 1735 1744 1733
f 1745 1747 1746
f 1746 1747 1748
f 1746 1748 1731
f 1733 1746 1731
f 1747 1749 1748
f 1731 1748 1729
f 1748 1750 1729
f 1748 1749 1750
f 1749 1751 1750
f 1750 1751 1724
f 1750 1724 1725
f 1729 1750 1725
f 1751 1752 1753
f 1754 1752 1751
f 1751 1753 1724
f 1749 1754 1751
f 1754 1755 1752
f 1756 1755 1754
f 1757 1756 1754
f 1757 1754 1749
f 1756 1758 1755
f 1758 1759 1755
f 1755 1759 1760
f 1755 1760 1752
f 1752 1760 1761
f 1760 1762 1761
f 1760 1763 1762
f 1759 1763 1760
f 1759 1764 1763
f 1764 1765 1763
f 1763 1765 1766
f 1763 1766 1762
f 1766 1767 1768
f 1765 1767 1766
f 1766 1768 1769
f 1762 1766 1769
f 1762 1769 1770
f 1770 1769 1771
f 1769 1772 1771
f 1769 1768 1772
f 1768 1773 1772
f 1772 1773 1774
f 1772 1774 1775
f 1771 1772 1775
f 1775 1774 1776
f 1775 1776 1777
f 1778 1775 1777
f 1771 1775 1778
f 1778 1777 1779
f 1780 1771 1778
f 1780 1778 1781
f 1781 1778 1779
f 1779 1777 1782
f 1779 1782 1711
f 1781 1779 1714
f 1714 1779 1711
f 1777 1783 1782
f 1782 1783 1784
f 1782 1784 1710
f 1711 1782 1710
f 1783 1169 1784
f 1784 1169 1179
f 1710 1784 1708
f 1784 1179 1708
f 1776 1168 1783
f 1777 1776 1783
f 1783 1168 1169
f 1723 1780 1781
f 1718 1781 1714
f 1723 1781 1718
f 1785 1770 1780
f 1770 1771 1780
f 1785 1780 1723
f 1761 1770 1785
f 1753 1761 1785
f 1753 1785 1722
f 1722 1785 1723
f 1776 1165 1168
f 1774 1165 1776
f 1773 1161 1774
f 1774 1161 1165
f 1786 1159 1773
f 1768 1786 1773
f 1773 1159 1161
f 1787 1158 1786
f 1767 1787 1786
f 1786 1158 1159
f 1767 1786 1768
f 1788 1787 1767
f 1787 1156 1158
f 1789 1156 1787
f 1788 1789 1787
f 1790 1791 1788
f 1791 1789 1788
f 1765 1788 1767
f 1790 1788 1765
f 1792 1791 1790
f 1793 1792 1790
f 1793 1790 1764
f 1764 1790 1765
f 1794 1795 1793
f 1795 1792 1793
f 1796 1793 1764
f 1794 1793 1796
f 1797 1794 1796
f 1797 1796 1758
f 1758 1796 1759
f 1796 1764 1759
f 1798 1799 1797
f 1799 1794 1797
f 1800 1797 1758
f 1798 1797 1800
f 1801 1800 1756
f 1802 1800 1801
f 1800 1758 1756
f 1802 1798 1800
f 1803 1804 1802
f 1804 1798 1802
f 1805 1802 1801
f 1803 1802 1805
f 1805 1801 1806
f 1807 1803 1805
f 1807 1805 1808
f 1808 1805 1806
f 1745 1806 1747
f 1808 1806 1745
f 1806 1757 1747
f 1806 1801 1757
f 1809 1807 1808
f 1743 1808 1745
f 1809 1808 1743
f 1742 1809 1743
f 1810 1809 1742
f 1811 1807 1809
f 1810 1811 1809
f 1534 1810 1742
f 1534 1535 1810
f 1535 1812 1810
f 1812 1811 1810
f 1812 1813 1811
f 1537 1813 1812
f 1535 1536 1812
f 1812 1536 1537
f 1813 1814 1815
f 1538 1814 1813
f 1537 1538 1813
f 1813 1815 1811
f 1814 1816 1815
f 1815 1816 1803
f 1815 1803 1807
f 1811 1815 1807
f 1817 1818 1816
f 1814 1817 1816
f 1816 1804 1803
f 1816 1818 1804
f 1817 1819 1818
f 1819 1820 1818
f 1818 1820 1821
f 1818 1821 1804
f 1821 1799 1798
f 1821 1822 1799
f 1820 1822 1821
f 1804 1821 1798
f 1820 1823 1822
f 1823 1824 1822
f 1822 1824 1825
f 1822 1825 1799
f 1799 1825 1794
f 1825 1795 1794
f 1825 1826 1795
f 1824 1826 1825
f 1824 1827 1826
f 1827 1828 1826
f 1826 1828 1829
f 1826 1829 1795
f 1829 1830 1831
f 1828 1830 1829
f 1829 1831 1792
f 1795 1829 1792
f 1830 1832 1831
f 1831 1832 1833
f 1831 1833 1791
f 1792 1831 1791
f 1832 1834 1833
f 1833 1834 1155
f 1791 1833 1789
f 1833 1155 1789
f 1832 1835 1834
f 1835 1836 1834
f 1834 1836 1151
f 1834 1151 1155
f 1835 1837 1836
f 1836 1152 1151
f 1836 1838 1152
f 1837 1838 1836
f 1837 1839 1838
f 1840 1839 1837
f 1841 1840 1837
f 1841 1837 1835
f 1842 1843 1841
f 1843 1840 1841
f 1844 1841 1835
f 1842 1841 1844
f 1830 1844 1832
f 1845 1844 1830
f 1844 1835 1832
f 1845 1842 1844
f 1846 1847 1845
f 1847 1842 1845
f 1828 1845 1830
f 1846 1845 1828
f 1848 1847 1846
f 1849 1848 1846
f 1849 1846 1827
f 1827 1846 1828
f 1850 1851 1849
f 1851 1848 1849
f 1852 1849 1827
f 1850 1849 1852
f 1853 1850 1852
f 1853 1852 1823
f 1823 1852 1824
f 1852 1827 1824
f 1854 1855 1853
f 1855 1850 1853
f 1856 1853 1823
f 1854 1853 1856
f 1819 1856 1820
f 1857 1856 1819
f 1856 1823 1820
f 1857 1854 1856
f 1858 1859 1857
f 1859 1854 1857
f 1860 1857 1819
f 1858 1857 1860
f 1860 1819 1817
f 1861 1858 1860
f 1861 1860 1862
f 1862 1860 1817
f 1539 1861 1862
f 1862 1817 1814
f 1538 1862 1814
f 1539 1862 1538
f 1539 1540 1861
f 1540 1863 1861
f 1863 1858 1861
f 1540 1541 1863
f 1541 1864 1863
f 1864 1865 1863
f 1863 1865 1858
f 1866 1867 1865
f 1864 1866 1865
f 1865 1859 1858
f 1865 1867 1859
f 1866 1868 1867
f 1868 1869 1867
f 1867 1869 1870
f 1867 1870 1859
f 1870 1855 1854
f 1870 1871 1855
f 1869 1871 1870
f 1859 1870 1854
f 1869 1872 1871
f 1872 1873 1871
f 1871 1873 1874
f 1871 1874 1855
f 1855 1874 1850
f 1874 1851 1850
f 1874 1875 1851
f 1873 1875 1874
f 1873 1876 1875
f 1876 1877 1875
f 1875 1877 1878
f 1875 1878 1851
f 1878 1879 1880
f 1877 1879 1878
f 1878 1880 1848
f 1851 1878 1848
f 1879 1881 1880
f 1880 1881 1882
f 1880 1882 1847
f 1848 1880 1847
f 1881 1883 1882
f 1882 1883 1843
f 1847 1882 1842
f 1882 1843 1842
f 1881 1884 1883
f 1884 1885 1883
f 1883 1885 1886
f 1883 1886 1843
f 1885 1887 1886
f 1843 1886 1840
f 1886 1888 1840
f 1886 1887 1888
f 1887 1889 1888
f 1888 1889 1890
f 1888 1890 1839
f 1840 1888 1839
f 1839 1890 1143
f 1890 1141 1143
f 1890 1891 1141
f 1889 1891 1890
f 1889 1892 1891
f 1892 1893 1891
f 1891 1136 1141
f 1891 1893 1136
f 1893 1894 1135
f 1895 1894 1893
f 1893 1135 1136
f 1892 1895 1893
f 1895 1896 1894
f 1897 1896 1895
f 1898 1897 1895
f 1898 1895 1892
f 1899 1900 1898
f 1900 1897 1898
f 1901 1898 1892
f 1899 1898 1901
f 1902 1899 1901
f 1902 1901 1887
f 1887 1901 1889
f 1901 1892 1889
f 1903 1904 1902
f 1904 1899 1902
f 1885 1902 1887
f 1903 1902 1885
f 1905 1904 1903
f 1906 1905 1903
f 1906 1903 1884
f 1884 1903 1885
f 1907 1908 1906
f 1908 1905 1906
f 1909 1906 1884
f 1907 1906 1909
f 1879 1909 1881
f 1910 1909 1879
f 1909 1884 1881
f 1910 1907 1909
f 1911 1912 1910
f 1912 1907 1910
f 1877 1910 1879
f 1911 1910 1877
f 1913 1912 1911
f 1914 1913 1911
f 1914 1911 1876
f 1876 1911 1877
f 1915 1916 1914
f 1916 1913 1914
f 1917 1914 1876
f 1915 1914 1917
f 1918 1915 1917
f 1918 1917 1872
f 1872 1917 1873
f 1917 1876 1873
f 1919 1920 1918
f 1920 1915 1918
f 1921 1918 1872
f 1919 1918 1921
f 1868 1921 1869
f 1922 1921 1868
f 1921 1872 1869
f 1922 1919 1921
f 1545 1922 1544
f 1545 1546 1922
f 1546 1919 1922
f 1544 1922 1868
f 1547 1920 1919
f 1546 1547 1919
f 1920 1923 1915
f 1558 1923 1920
f 1547 1558 1920
f 1923 1916 1915
f 1923 1924 1916
f 1557 1924 1923
f 1558 1557 1923
f 1557 1556 1924
f 1556 1925 1924
f 1924 1925 1926
f 1924 1926 1916
f 1926 1927 1928
f 1925 1927 1926
f 1926 1928 1913
f 1916 1926 1913
f 1927 1929 1928
f 1928 1929 1930
f 1928 1930 1912
f 1913 1928 1912
f 1929 1931 1930
f 1930 1931 1908
f 1912 1930 1907
f 1930 1908 1907
f 1929 1932 1931
f 1932 1933 1931
f 1931 1933 1934
f 1931 1934 1908
f 1933 1935 1934
f 1908 1934 1905
f 1934 1936 1905
f 1934 1935 1936
f 1935 1937 1936
f 1936 1937 1938
f 1936 1938 1904
f 1905 1936 1904
f 1904 1938 1899
f 1938 1900 1899
f 1938 1939 1900
f 1937 1939 1938
f 1939 1940 1900
f 1939 1941 1940
f 1942 1941 1939
f 1937 1942 1939
f 1942 1943 1941
f 1944 1943 1942
f 1945 1942 1937
f 1945 1944 1942
f 1944 1946 1943
f 1947 1946 1944
f 1948 1944 1945
f 1948 1947 1944
f 1947 1949 1946
f 1950 1947 1948
f 1950 1951 1947
f 1951 1949 1947
f 1949 1952 1953
f 1954 1952 1949
f 1949 1953 1946
f 1951 1954 1949
f 1954 1955 1952
f 1956 1955 1954
f 1957 1956 1954
f 1957 1954 1951
f 1958 1959 1957
f 1959 1956 1957
f 1960 1957 1951
f 1960 1958 1957
f 1961 1958 1960
f 1961 1960 1962
f 1962 1960 1950
f 1950 1960 1951
f 1963 1961 1962
f 1962 1950 1964
f 1965 1962 1964
f 1963 1962 1965
f 1965 1964 1966
f 1967 1963 1965
f 1967 1965 1968
f 1968 1965 1966
f 1966 1964 1969
f 1966 1969 1933
f 1968 1966 1932
f 1932 1966 1933
f 1964 1948 1969
f 1969 1948 1945
f 1969 1945 1935
f 1933 1969 1935
f 1970 1967 1968
f 1971 1968 1932
f 1970 1968 1971
f 1927 1971 1929
f 1972 1971 1927
f 1971 1932 1929
f 1972 1970 1971
f 1555 1554 1972
f 1554 1970 1972
f 1925 1972 1927
f 1555 1972 1925
f 1553 1967 1970
f 1554 1553 1970
f 1553 1552 1967
f 1552 1963 1967
f 1548 1961 1963
f 1552 1548 1963
f 1964 1950 1948
f 1548 1973 1961
f 1973 1958 1961
f 1973 1974 1958
f 1550 1974 1973
f 1549 1973 1548
f 1549 1550 1973
f 1974 1551 1975
f 1550 1551 1974
f 1958 1974 1959
f 1974 1975 1959
f 1551 1976 1975
f 1976 1977 1975
f 1975 1978 1959
f 1975 1977 1978
f 1978 1979 1956
f 1978 1980 1979
f 1977 1980 1978
f 1959 1978 1956
f 1980 1981 1982
f 1983 1981 1980
f 1980 1982 1979
f 1977 1983 1980
f 1984 1983 1977
f 1984 1985 1983
f 1983 1985 1986
f 1983 1986 1981
f 1987 1986 1985
f 1981 1986 1988
f 1986 1989 1988
f 1989 1986 1990
f 1990 1986 1991
f 1991 1986 1987
f 1987 1992 1991
f 1993 1992 1987
f 1987 1985 1994
f 1994 1993 1987
f 1995 1996 1993
f 1996 1997 1993
f 1993 1997 1992
f 1995 1993 1994
f 1998 1996 1995
f 1999 1998 1995
f 1999 1995 2000
f 2000 1995 1994
f 2000 1499 1498
f 2000 2001 1499
f 1994 2001 2000
f 1498 1999 2000
f 2001 2002 1499
f 2002 2001 1984
f 1984 2001 1985
f 1994 1985 2001
f 1499 2002 1500
f 1501 1500 2002
f 2002 1984 1976
f 2002 1976 1501
f 1498 1504 1999
f 1504 2003 1999
f 2003 1998 1999
f 1504 1505 2003
f 1505 2004 2003
f 2004 2005 2003
f 2003 2005 1998
f 2006 2007 2005
f 2004 2006 2005
f 2005 2008 1998
f 2005 2007 2008
f 2007 2009 2008
f 1998 2008 1996
f 2008 2010 1996
f 2008 2009 2010
f 2011 2009 2012
f 2011 2010 2009
f 2012 2009 2013
f 2007 2013 2009
f 2014 2015 2013
f 2016 2013 2015
f 2014 2013 2007
f 2012 2013 2016
f 2017 2012 2016
f 2017 2016 2018
f 2018 2016 2019
f 2016 2015 2019
f 2018 2019 2020
f 2020 2019 2021
f 2019 2022 2021
f 2019 2015 2022
f 2021 2022 2023
f 2024 2022 2015
f 2025 2023 2022
f 2025 2022 2024
f 2024 2015 2014
f 1509 2025 2024
f 2026 2024 2014
f 1509 2024 2026
f 1508 2026 2027
f 1508 1509 2026
f 2027 2026 2006
f 2026 2014 2006
f 2027 2006 2004
f 1506 2027 2004
f 1506 1507 2027
f 2027 1507 1508
f 2028 2023 2025
f 1510 2028 2025
f 1510 2025 1509
f 1511 2029 2028
f 2029 2030 2028
f 2028 2030 2023
f 1510 1511 2028
f 2029 1491 2030
f 1490 2030 1491
f 2031 2030 1490
f 2031 2023 2030
f 2021 2023 2031
f 2032 2021 2031
f 2032 2031 2033
f 2033 2031 1490
f 2032 2033 1371
f 1372 1371 2033
f 1372 2033 1489
f 1489 2033 1490
f 2020 2021 2032
f 2034 2032 1371
f 2020 2032 2034
f 2034 1369 2035
f 1371 1369 2034
f 2034 2035 2036
f 2020 2034 2036
f 2036 2035 2037
f 2036 2037 2038
f 2018 2036 2038
f 2018 2020 2036
f 2038 2037 2039
f 2038 2039 2040
f 2017 2038 2040
f 2017 2018 2038
f 2041 2040 2042
f 2041 2017 2040
f 2040 2039 2043
f 2040 2043 2042
f 2041 2042 2044
f 2042 2043 2045
f 2042 2045 2046
f 2044 2042 2046
f 2044 2046 2047
f 2047 2048 2044
f 2044 2048 2011
f 2044 2011 2041
f 2049 1997 2048
f 2047 2049 2048
f 2048 2010 2011
f 2048 1997 2010
f 2050 1992 2049
f 2051 2050 2049
f 2051 2049 2047
f 2049 1992 1997
f 2051 2052 2053
f 2053 2050 2051
f 2047 2054 2051
f 2051 2054 2052
f 2054 2055 2052
f 2052 2056 2057
f 2052 2055 2056
f 2053 2052 2057
f 2055 2058 2059
f 2060 2058 2055
f 2054 2060 2055
f 2055 2059 2056
f 2059 2061 1039
f 2058 2061 2059
f 2059 1039 1042
f 2056 2059 1042
f 2061 2062 1036
f 2063 2062 2061
f 2058 2063 2061
f 2061 1036 1039
f 2063 2064 2062
f 2065 2064 2063
f 2066 2065 2063
f 2066 2063 2058
f 2067 2065 2066
f 2045 2067 2066
f 2060 2066 2058
f 2045 2066 2060
f 2067 2068 2065
f 2069 2068 2067
f 2043 2069 2067
f 2043 2067 2045
f 2069 2070 2068
f 2071 2070 2069
f 2039 2071 2069
f 2039 2069 2043
f 2037 2072 2071
f 2072 2073 2071
f 2071 2073 2070
f 2037 2071 2039
f 2073 2074 2075
f 2076 2074 2073
f 2072 2076 2073
f 2073 2075 2070
f 2075 2077 2078
f 2074 2077 2075
f 2075 2078 2079
f 2070 2075 2079
f 2079 2078 2080
f 2079 2080 2081
f 2068 2079 2081
f 2070 2079 2068
f 2065 2081 2064
f 2081 2082 2064
f 2068 2081 2065
f 2081 2080 2082
f 2082 2083 2084
f 2080 2083 2082
f 2082 2084 2085
f 2064 2082 2085
f 2062 2085 1035
f 2085 1031 1035
f 2064 2085 2062
f 2085 2084 1031
f 2084 2086 1029
f 2083 2086 2084
f 2084 1029 1031
f 2083 2087 2086
f 2087 2088 2086
f 2086 1027 1029
f 2086 2088 1027
f 2089 2088 1298
f 2090 2088 2089
f 2087 1298 2088
f 2090 1027 2088
f 1286 2090 2089
f 1024 1027 2090
f 2091 1024 2090
f 2091 2090 1286
f 1018 1020 2091
f 1020 1024 2091
f 1284 1018 2091
f 1284 2091 1286
f 1292 2089 1298
f 1287 2089 1292
f 1287 1286 2089
f 1299 1298 2087
f 2092 2087 2083
f 2092 1299 2087
f 1301 1299 2092
f 2080 2092 2083
f 2078 2092 2080
f 2078 1301 2092
f 2077 1301 2078
f 1359 2077 2074
f 1302 2077 1359
f 1302 1301 2077
f 1360 2074 2076
f 1360 2076 1362
f 1362 2076 1368
f 1368 2076 2072
f 1359 2074 1360
f 2035 2072 2037
f 2035 1368 2072
f 2062 1035 1036
f 2046 2045 2060
f 2046 2060 2054
f 2057 2056 1045
f 2057 1045 1051
f 2053 2057 2093
f 2093 2057 1051
f 2093 1989 1990
f 1051 1989 2093
f 2093 1990 2053
f 2056 1042 1045
f 2047 2046 2054
f 2053 1990 2050
f 1990 1991 2050
f 2050 1991 1992
f 2041 2011 2012
f 2041 2012 2017
f 1369 1368 2035
f 1493 1491 2029
f 2029 1503 1493
f 1511 1503 2029
f 2006 2014 2007
f 1996 2010 1997
f 1505 1506 2004
f 1988 1989 2094
f 2094 1989 1053
f 1053 1989 1050
f 1051 1050 1989
f 1988 2094 2095
f 2095 2094 1059
f 1059 2094 1053
f 1982 1988 2095
f 1982 2095 2096
f 2096 2095 1060
f 2095 1059 1060
f 1979 1982 2096
f 2096 1060 1063
f 1955 2096 1063
f 1979 2096 1955
f 1981 1988 1982
f 1976 1984 1977
f 1956 1979 1955
f 1501 1976 1551
f 1955 1063 1952
f 1953 1064 1066
f 1952 1064 1953
f 1953 1066 2097
f 1946 1953 2097
f 2097 1066 2098
f 2097 2098 2099
f 1943 2097 2099
f 1946 2097 1943
f 2099 2098 2100
f 1941 2099 2101
f 2099 2100 2101
f 1943 2099 1941
f 2098 2102 2100
f 2100 2102 2103
f 2100 2103 2104
f 2101 2100 2104
f 2104 2105 2106
f 2104 2103 2105
f 2107 2104 2106
f 2101 2104 2107
f 2107 2106 1896
f 1940 2101 2107
f 1897 2107 1896
f 1940 2107 1897
f 2106 2105 2108
f 2106 2108 2109
f 1896 2106 2109
f 2109 2108 1130
f 2109 1130 1131
f 1894 2109 1131
f 1896 2109 1894
f 2105 2110 2108
f 2108 2111 1130
f 2108 2110 2111
f 2110 2112 2111
f 1130 2111 1126
f 2111 1124 1126
f 2111 2112 1124
f 2110 2113 2112
f 2113 2114 2112
f 2112 1122 1124
f 2112 2114 1122
f 2113 2115 2114
f 2115 2116 2114
f 2114 1119 1122
f 2114 2116 1119
f 2116 1120 1119
f 2116 2117 1120
f 2115 2118 2116
f 2118 2117 2116
f 2117 2119 2120
f 2121 2119 2117
f 2117 2120 1120
f 2118 2121 2117
f 2121 2122 2119
f 2123 2122 2121
f 2124 2123 2121
f 2124 2121 2118
f 1072 1076 2124
f 1076 2123 2124
f 2125 2124 2118
f 1072 2124 2125
f 1073 1072 2125
f 2126 2125 2115
f 2125 2118 2115
f 1073 2125 2126
f 2126 2115 2113
f 2127 2126 2128
f 2127 1073 2126
f 2128 2126 2113
f 2105 2128 2110
f 2103 2128 2105
f 2103 2127 2128
f 2128 2113 2110
f 2127 1069 1073
f 2102 1069 2127
f 2102 2127 2103
f 2123 1085 2122
f 1076 1082 2123
f 1082 1085 2123
f 2122 2129 2119
f 2122 1095 2129
f 1085 1095 2122
f 1095 1096 2129
f 2119 2129 2130
f 2129 1101 2130
f 2129 1096 1101
f 2120 2130 1114
f 2130 1109 1114
f 2119 2130 2120
f 2130 1101 1109
f 1120 2120 1116
f 2120 1114 1116
f 1067 1069 2102
f 2098 1067 2102
f 1941 2101 1940
f 1066 1067 2098
f 1952 1063 1064
f 1935 1945 1937
f 1900 1940 1897
f 1556 1555 1925
f 1894 1131 1135
f 1544 1868 1866
f 1543 1866 1864
f 1543 1544 1866
f 1541 1542 1864
f 1864 1542 1543
f 1839 1143 1838
f 1838 1143 1144
f 1838 1144 1152
f 1801 1756 1757
f 1789 1155 1156
f 1761 1762 1770
f 1752 1761 1753
f 1747 1757 1749
f 1724 1753 1722
f 1534 1742 1533
f 1737 1679 1677
f 1528 1737 1677
f 1528 1529 1737
f 1688 1720 1690
f 1718 1714 1713
f 1708 1179 1180
f 1528 1677 1527
f 1670 1671 1566
f 1671 1664 2131
f 1566 1671 1567
f 1671 2131 1567
f 1664 1660 2131
f 2131 1660 1616
f 2131 1616 1612
f 1567 2131 1612
f 1562 1670 1566
f 1656 1650 1649
f 1640 1185 1189
f 1605 1621 1603
f 1603 1621 1448
f 1621 1449 1448
f 1567 1612 1568
f 1603 1448 1452
f 1582 1600 1583
f 1521 1559 1574
f 1559 1564 1574
f 1523 1524 1561
f 1512 1513 1479
f 1496 1512 1480
f 1512 1479 1480
f 1503 1502 1493
f 1494 1493 1502
f 1496 1480 1481
f 1489 1375 1372
f 1481 1482 1487
f 1473 1384 1484
f 1484 1384 1377
f 1484 1377 1376
f 1473 1467 1384
f 1467 1383 1384
f 1458 1453 1454
f 1446 1406 1407
f 1434 1203 1204
f 1411 1412 1420
f 1402 1411 1403
f 1346 1403 1344
f 1389 1394 2132
f 1394 1351 1353
f 2132 1394 1353
f 1388 1389 2132
f 2132 1353 1355
f 2133 2132 1355
f 1388 2132 2133
f 1380 1388 2133
f 1380 2133 1364
f 1364 2133 1357
f 2133 1355 1357
f 1379 1388 1380
f 1365 1380 1364
f 1359 1306 1302
f 1312 1342 1313
f 1331 1216 1217
f 1318 1323 1319
f 1309 1315 1294
f 1294 1315 1290
f 1295 1309 1294
f 1289 1278 1282
f 1283 1018 1284
f 2134 1016 1283
f 1280 2134 1283
f 1283 1016 1018
f 1263 2134 1280
f 2134 1015 1016
f 1262 1015 2134
f 1263 1262 2134
f 1280 1267 1263
f 1271 1230 1231
f 1260 2135 1262
f 1262 2135 1015
f 1260 2136 2135
f 2136 2137 2135
f 2135 1012 1015
f 2135 2137 1012
f 2137 1010 1012
f 2137 989 1010
f 985 989 2137
f 2136 985 2137
f 1259 2136 1260
f 1259 981 2136
f 981 985 2136
f 979 981 1259
f 1255 979 1259
f 1256 1237 1240
f 978 979 1255
f 273 274 1235
f 1217 1218 1227
f 1224 1223 267
f 1224 267 270
f 1223 265 267
f 1223 2138 265
f 1221 2138 1223
f 2138 262 265
f 2138 253 262
f 2139 253 2138
f 1221 2139 2138
f 2139 247 253
f 246 247 2139
f 1220 2139 1221
f 1220 246 2139
f 2140 246 1220
f 1214 2140 1220
f 238 240 2140
f 1211 238 2140
f 1211 2140 1214
f 2140 240 246
f 237 238 1211
f 1193 1194 1203
f 1200 1199 231
f 1200 231 234
f 1199 229 231
f 1199 2141 229
f 1197 2141 1199
f 2141 226 229
f 2141 217 226
f 2142 217 2141
f 1197 2142 2141
f 2142 211 217
f 210 211 2142
f 1196 2142 1197
f 1196 210 2142
f 2143 210 1196
f 1190 2143 1196
f 202 204 2143
f 1187 202 2143
f 1187 2143 1190
f 2143 204 210
f 201 202 1187
f 1169 1170 1179
f 1176 1175 195
f 1176 195 198
f 1175 193 195
f 1175 2144 193
f 1173 2144 1175
f 2144 190 193
f 2144 181 190
f 2145 181 2144
f 1173 2145 2144
f 2145 175 181
f 174 175 2145
f 1172 2145 1173
f 1172 174 2145
f 2146 174 1172
f 1166 2146 1172
f 166 168 2146
f 1163 166 2146
f 1163 2146 1166
f 2146 168 174
f 165 166 1163
f 1152 1144 1147
f 1149 159 162
f 1140 2147 1145
f 1145 152 154
f 1145 2147 152
f 1140 1137 2147
f 1137 2148 2147
f 2147 2148 148
f 2147 148 152
f 1137 1133 2148
f 1133 2149 2148
f 2148 2149 147
f 2148 147 148
f 1128 138 2149
f 1133 1128 2149
f 2149 139 147
f 2149 138 139
f 1115 1113 2150
f 1115 2150 126
f 127 1115 126
f 1113 2151 2150
f 126 2150 2152
f 2150 2153 2152
f 2150 2151 2153
f 2153 2154 2155
f 2151 2154 2153
f 2153 2155 2156
f 2152 2153 2156
f 2156 2155 92
f 2156 92 96
f 2157 2156 96
f 2152 2156 2157
f 123 2152 2157
f 124 2157 99
f 2157 96 99
f 123 2157 124
f 2154 2158 2155
f 2155 2158 91
f 2155 91 92
f 2159 2160 2158
f 2154 2159 2158
f 2158 2161 91
f 2158 2160 2161
f 2161 2160 2162
f 2161 82 87
f 91 2161 87
f 2161 2162 82
f 2160 2163 2162
f 2163 2164 2162
f 2162 2164 83
f 2162 83 82
f 2163 2165 2164
f 2165 2166 2164
f 2164 2166 2167
f 2164 2167 83
f 2166 2168 2167
f 2167 2168 2169
f 83 2167 80
f 2167 2169 80
f 2168 2170 2169
f 2169 2170 2171
f 2169 2171 79
f 80 2169 79
f 2170 2172 2171
f 79 2171 59
f 2171 56 59
f 2171 2172 56
f 2173 2174 2172
f 2170 2173 2172
f 2172 54 56
f 2172 2174 54
f 2174 2175 2176
f 2173 2175 2174
f 54 2174 52
f 2174 2176 52
f 2176 2177 2178
f 2179 2177 2176
f 2176 2178 52
f 2176 2175 2179
f 2175 2180 2179
f 2180 2181 2179
f 2179 2182 2177
f 2179 2181 2182
f 2183 2181 2180
f 2184 2181 2183
f 2181 2184 2185
f 2186 2182 2181
f 2186 2181 2187
f 2187 2181 2185
f 2187 2185 2188
f 2188 2185 2189
f 2185 2190 2189
f 2185 2184 2190
f 2191 2189 2190
f 2191 2190 2192
f 2192 2190 2193
f 2184 2193 2190
f 2194 2193 2195
f 2196 2195 2193
f 2196 2193 2197
f 2197 2193 2198
f 2193 2184 2198
f 2194 2192 2193
f 2199 2194 2195
f 2200 2192 2194
f 2201 2200 2194
f 2201 2194 2199
f 2199 2195 2202
f 2203 2199 2202
f 2204 2201 2199
f 2204 2199 2203
f 2205 2206 2203
f 2203 2202 2205
f 2206 2204 2203
f 2207 2206 2205
f 2206 2208 2204
f 999 2208 2206
f 2207 999 2206
f 2205 2209 2207
f 2207 2209 2210
f 2207 2210 1001
f 1001 999 2207
f 2209 2211 2210
f 1001 2210 1002
f 2210 2212 1002
f 2210 2211 2212
f 2213 2212 2211
f 1002 2212 2214
f 2215 2214 2212
f 2215 2212 2213
f 2213 1091 2216
f 2213 2217 1091
f 2211 2217 2213
f 2216 2215 2213
f 2218 2219 2216
f 2216 1089 2218
f 2219 2215 2216
f 2216 1091 1089
f 2220 2219 2218
f 2219 2221 2215
f 2222 2221 2219
f 2220 2222 2219
f 2223 2220 2218
f 2224 2220 2223
f 2225 2222 2220
f 2224 2225 2220
f 2226 2224 2223
f 1043 2224 2226
f 1040 2225 2224
f 1043 1040 2224
f 2223 2227 2226
f 2226 2228 1047
f 2226 2227 2228
f 1047 1043 2226
f 1080 2228 2227
f 1080 2227 1081
f 1081 2227 1087
f 2223 1087 2227
f 1047 2228 1048
f 1055 1048 2228
f 1055 2228 1080
f 2225 2229 2222
f 1037 2229 2225
f 1040 1037 2225
f 2229 2230 2231
f 1034 2230 2229
f 1037 1034 2229
f 2229 2231 2222
f 2230 2232 2231
f 2231 2233 2221
f 2231 2232 2233
f 2222 2231 2221
f 1005 2233 2232
f 2230 2234 2232
f 2235 2232 2234
f 1005 2232 2235
f 1006 1005 2235
f 1006 2235 1021
f 1021 2235 1022
f 2235 2234 1022
f 1030 1026 2234
f 1022 2234 1026
f 1030 2234 2230
f 1003 2233 1005
f 1003 2214 2233
f 2221 2233 2214
f 1034 1030 2230
f 2218 1087 2223
f 2221 2214 2215
f 2218 1088 1087
f 2218 1089 1088
f 1092 1091 2217
f 1092 2217 1099
f 1099 2217 2236
f 2217 2202 2236
f 2202 2217 2209
f 2209 2217 2211
f 1099 2236 1097
f 1097 2236 1103
f 2236 2237 1103
f 2236 2202 2237
f 1103 2237 2238
f 2202 2239 2237
f 2237 2239 2238
f 2239 2240 2241
f 2202 2240 2239
f 2241 2238 2239
f 2242 2241 2243
f 2241 2244 2243
f 2241 2240 2244
f 2242 2238 2241
f 1104 2242 1106
f 1104 2238 2242
f 1106 2242 2245
f 2245 2242 2243
f 1106 2245 2246
f 2246 2245 2247
f 2247 2245 2248
f 2245 2243 2248
f 2247 2248 2163
f 2243 2249 2248
f 2248 2249 2165
f 2248 2165 2163
f 2243 2244 2249
f 2244 2250 2249
f 2249 2250 2251
f 2249 2251 2165
f 2251 2252 2253
f 2250 2252 2251
f 2251 2253 2166
f 2165 2251 2166
f 2252 2254 2253
f 2253 2254 2255
f 2253 2255 2168
f 2166 2253 2168
f 2254 2256 2255
f 2168 2255 2170
f 2255 2173 2170
f 2255 2256 2173
f 2183 2180 2256
f 2254 2183 2256
f 2256 2175 2173
f 2256 2180 2175
f 2252 2198 2254
f 2198 2183 2254
f 2250 2197 2252
f 2197 2198 2252
f 2244 2196 2250
f 2196 2197 2250
f 2160 2247 2163
f 2159 2247 2160
f 2246 2247 2159
f 1107 1106 2246
f 1107 2246 2257
f 2257 2246 2159
f 2257 2159 2154
f 2151 2257 2154
f 1111 2257 2151
f 1111 1107 2257
f 2240 2196 2244
f 2240 2195 2196
f 2195 2240 2202
f 1103 2238 1104
f 1002 2214 1003
f 2205 2202 2209
f 2208 2258 2259
f 997 2258 2208
f 999 997 2208
f 2208 2259 2204
f 2258 2260 2259
f 2260 2261 2259
f 2259 2261 2201
f 2259 2201 2204
f 2262 2263 2261
f 2260 2262 2261
f 2261 2200 2201
f 2261 2263 2200
f 2262 2264 2263
f 2264 2265 2263
f 2263 2191 2200
f 2263 2265 2191
f 2264 2266 2265
f 2266 2267 2265
f 2265 2189 2191
f 2265 2267 2189
f 2268 2269 2267
f 2266 2268 2267
f 2188 2189 2267
f 2267 2269 2188
f 2269 2270 2188
f 2269 2271 2270
f 2268 2272 2269
f 2272 2271 2269
f 2271 2273 2274
f 2272 2273 2271
f 2271 2274 2275
f 2271 2275 2270
f 2275 2274 2276
f 2275 2276 2277
f 2277 2186 2275
f 2270 2275 2186
f 2277 2182 2186
f 2277 2276 2278
f 2277 2278 2182
f 2278 2279 2280
f 2276 2279 2278
f 2278 2280 2281
f 2182 2278 2281
f 2281 2280 2282
f 2177 2281 2282
f 2177 2182 2281
f 2282 2280 44
f 2282 44 45
f 2178 2282 45
f 2177 2282 2178
f 2280 2283 44
f 2280 2284 2283
f 2279 2284 2280
f 2285 43 2283
f 44 2283 43
f 2285 2283 2286
f 2286 2283 2284
f 2287 2285 2286
f 2287 2286 2288
f 2288 2286 2289
f 2286 2284 2289
f 2288 2289 2290
f 2290 2289 2291
f 2289 2292 2291
f 2289 2284 2292
f 2293 2292 2279
f 2293 2294 2292
f 2291 2292 2294
f 2279 2292 2284
f 2295 2294 2293
f 2295 2296 2294
f 2297 2294 2296
f 2291 2294 2297
f 2298 2291 2297
f 2298 2297 2299
f 2297 2296 2300
f 2299 2297 2300
f 2300 2296 2301
f 2299 2300 2302
f 2302 2300 2301
f 2302 2301 2303
f 2303 2301 2304
f 2301 2305 2304
f 2301 2296 2305
f 2304 2305 957
f 2306 957 2305
f 2306 2305 2307
f 2307 2305 2296
f 2308 2306 2307
f 2308 2307 2309
f 2309 2307 2310
f 2310 2307 2295
f 2307 2296 2295
f 2309 2310 2311
f 2310 2295 2312
f 2313 2310 2312
f 2311 2310 2314
f 2314 2310 2313
f 2315 2313 2316
f 2315 2314 2313
f 2313 2272 2268
f 2316 2313 2268
f 2313 2312 2272
f 2317 2316 2318
f 2317 2315 2316
f 2318 2316 2266
f 2316 2268 2266
f 2319 2317 2318
f 2318 2266 2264
f 2320 2318 2264
f 2319 2318 2320
f 2321 2319 2320
f 2321 2320 2322
f 2322 2320 2262
f 2320 2264 2262
f 2322 2262 2260
f 2323 2322 2260
f 2323 2324 2322
f 2324 2321 2322
f 990 2324 2323
f 993 990 2323
f 2258 2323 2260
f 993 2323 2258
f 987 2324 990
f 2325 2324 987
f 2325 2321 2324
f 984 2325 987
f 2326 2325 984
f 2326 2327 2325
f 2327 2321 2325
f 2328 2327 2326
f 2328 2329 2327
f 2327 2329 2319
f 2327 2319 2321
f 2330 2331 2329
f 2328 2330 2329
f 2329 2317 2319
f 2329 2331 2317
f 2330 2332 2331
f 2332 2333 2331
f 2331 2315 2317
f 2331 2333 2315
f 2332 2334 2333
f 2334 2311 2333
f 2333 2314 2315
f 2333 2311 2314
f 2308 2309 2334
f 2335 2308 2334
f 2335 2334 2332
f 2334 2309 2311
f 2336 2308 2335
f 968 2336 2335
f 968 2335 970
f 970 2335 2332
f 2336 956 2306
f 962 956 2336
f 962 2336 968
f 2336 2306 2308
f 970 2332 2330
f 971 2330 2328
f 971 970 2330
f 971 2328 972
f 972 2328 2326
f 972 2326 982
f 982 2326 984
f 2312 2295 2273
f 2272 2312 2273
f 956 957 2306
f 2303 2304 951
f 2304 957 952
f 951 2304 952
f 2337 2302 2303
f 2338 2303 951
f 2337 2303 2338
f 2339 2337 2338
f 2340 2338 950
f 2338 951 950
f 2339 2338 2340
f 2340 2341 2339
f 2342 2340 2343
f 2340 950 2343
f 2341 2340 2342
f 2342 2344 2341
f 2342 2343 2345
f 2345 2346 2342
f 2342 2346 2344
f 2346 2347 2344
f 2344 2347 2348
f 2344 2348 2349
f 2344 2349 2341
f 2349 2348 2350
f 2349 2350 2351
f 2351 2352 2349
f 2341 2349 2352
f 2339 2352 2353
f 2339 2341 2352
f 2354 2352 2351
f 2354 2353 2352
f 2353 2337 2339
f 2355 2337 2353
f 2355 2353 2354
f 2356 2337 2355
f 2357 2356 2355
f 2357 2355 2358
f 2358 2355 2354
f 2359 2357 2358
f 2358 2354 2360
f 2361 2358 2360
f 2359 2358 2361
f 2360 2362 2361
f 2361 2362 2363
f 2361 2363 2364
f 2364 2359 2361
f 2364 2363 2365
f 2364 2365 2366
f 2366 2367 2364
f 2367 2359 2364
f 2368 2369 2367
f 2370 2368 2367
f 2367 2369 2359
f 2370 2367 2366
f 2371 2370 2366
f 2372 2368 2370
f 2373 2372 2370
f 2373 2370 2371
f 2374 2375 2373
f 2375 2372 2373
f 2376 2373 2371
f 2376 2374 2373
f 2371 2377 2376
f 2376 2377 2378
f 2376 2378 2379
f 2379 2374 2376
f 2379 2378 2380
f 2379 2380 2381
f 2381 2382 2379
f 2379 2382 2374
f 2382 2383 2384
f 2385 2383 2382
f 2382 2384 2374
f 2382 2381 2385
f 2385 2386 2383
f 2387 2386 2385
f 2385 2388 2387
f 2385 2381 2388
f 2381 2389 2388
f 2388 2389 2390
f 2388 2390 2391
f 2388 2391 2387
f 2391 2390 2392
f 2391 2392 2393
f 2394 2391 2393
f 2394 2387 2391
f 2394 2395 2396
f 2393 2395 2394
f 2394 2396 2397
f 2397 2387 2394
f 2397 2398 2399
f 2397 2396 2398
f 2399 2386 2397
f 2397 2386 2387
f 2399 2288 2290
f 2398 2288 2399
f 2399 2290 2400
f 2400 2383 2399
f 2399 2383 2386
f 2400 2290 2298
f 2400 2298 2401
f 2384 2400 2401
f 2383 2400 2384
f 2401 2298 2299
f 2401 2299 2402
f 2401 2402 2372
f 2384 2401 2375
f 2375 2401 2372
f 2402 2302 2356
f 2402 2299 2302
f 2369 2402 2356
f 2372 2402 2368
f 2368 2402 2369
f 2398 2287 2288
f 2403 2398 2404
f 2403 2287 2398
f 2404 2398 2396
f 2404 2405 2403
f 2406 2405 2404
f 2404 2396 2407
f 2406 2404 2407
f 2408 2406 2407
f 2409 2406 2408
f 2409 2405 2406
f 2410 2405 2409
f 2411 2410 2409
f 2411 2409 2412
f 2412 2409 2408
f 2412 2408 2413
f 2414 2412 2415
f 2411 2412 2414
f 2415 2412 2413
f 2413 2416 2415
f 2415 2416 2417
f 2415 2417 2418
f 2418 2414 2415
f 2418 2417 2419
f 2418 2419 2420
f 2420 2421 2418
f 2421 2414 2418
f 2422 2421 2420
f 2422 2423 2421
f 2423 2424 2421
f 2421 2424 2414
f 2424 2425 2410
f 2423 2425 2424
f 2424 2410 2411
f 2424 2411 2414
f 2425 37 2410
f 2425 32 37
f 2426 2425 2427
f 2426 32 2425
f 2427 2425 2423
f 2428 2427 2422
f 2429 2427 2428
f 2427 2423 2422
f 2429 2426 2427
f 2430 2426 2429
f 2430 2429 2431
f 2429 2428 2431
f 2431 2428 2432
f 2433 2431 2434
f 2433 2430 2431
f 2434 2431 2432
f 2432 2435 2434
f 2434 2435 2436
f 2434 2436 2437
f 2437 2433 2434
f 2437 2436 2438
f 2437 2438 2439
f 2439 2440 2437
f 2440 2433 2437
f 2441 2442 2440
f 554 2441 2440
f 554 2440 2439
f 2440 2442 2433
f 2442 2443 2430
f 2441 2443 2442
f 2442 2430 2433
f 2430 2443 2426
f 2443 30 2426
f 548 2443 2441
f 2443 29 30
f 548 29 2443
f 553 2441 554
f 553 548 2441
f 2439 2438 2444
f 2439 2444 555
f 555 554 2439
f 2438 2445 2444
f 555 2444 557
f 2444 2446 557
f 2444 2445 2446
f 2445 2447 2446
f 2446 2448 2449
f 557 2446 2449
f 2446 2447 2448
f 2447 2450 2448
f 2448 2451 2452
f 2449 2448 2452
f 2448 2450 2451
f 2450 2453 2451
f 2451 2454 2455
f 2452 2451 2455
f 2451 2453 2454
f 2453 2456 2454
f 2454 2457 2458
f 2455 2454 2458
f 2454 2456 2457
f 2456 2459 2457
f 2457 2460 2461
f 2458 2457 2461
f 2457 2459 2460
f 2459 2462 2460
f 2460 2463 2464
f 2461 2460 2464
f 2460 2462 2463
f 2462 2465 2463
f 2463 2466 2467
f 2464 2463 2467
f 2463 2465 2466
f 2465 2468 2466
f 2466 2469 2470
f 2467 2466 2470
f 2466 2468 2469
f 2468 2471 2469
f 2469 2472 2473
f 2470 2469 2473
f 2469 2471 2472
f 2471 2474 2472
f 2472 2475 2476
f 2473 2472 2476
f 2472 2474 2475
f 2477 2475 2474
f 2478 2479 2475
f 2476 2475 2479
f 2478 2475 2477
f 2477 2480 2481
f 2482 2480 2477
f 2477 2481 2478
f 2477 2474 2482
f 2482 2483 2480
f 2484 2483 2482
f 2482 2485 2484
f 2482 2474 2485
f 2484 2486 2483
f 2484 2487 2488
f 2484 2485 2487
f 2488 2486 2484
f 2486 2489 2490
f 2491 2489 2486
f 2486 2490 2483
f 2488 2491 2486
f 2491 2492 2489
f 2493 2494 2491
f 2494 2492 2491
f 2493 2491 2488
f 2493 2495 2496
f 2493 2497 2495
f 2488 2497 2493
f 2496 2494 2493
f 2496 2495 2498
f 2496 2498 2499
f 2499 2500 2496
f 2496 2500 2494
f 2501 2498 2495
f 2502 2498 2501
f 2499 2498 2503
f 2502 2503 2498
f 2504 2502 2501
f 2505 2502 2504
f 2506 2503 2502
f 2505 2506 2502
f 2507 2505 2504
f 2508 2505 2507
f 2509 2506 2505
f 2508 2509 2505
f 2510 2508 2507
f 2511 2508 2510
f 2512 2509 2508
f 2511 2512 2508
f 2513 2511 2510
f 2514 2511 2513
f 2515 2512 2511
f 2514 2515 2511
f 2516 2514 2513
f 2517 2514 2516
f 2518 2515 2514
f 2517 2518 2514
f 2519 2517 2516
f 2520 2517 2519
f 2521 2518 2517
f 2520 2521 2517
f 2522 2520 2519
f 2523 2520 2522
f 2524 2521 2520
f 2523 2524 2520
f 2525 2523 2522
f 2526 2523 2525
f 2527 2524 2523
f 2526 2527 2523
f 2528 2526 2525
f 2529 2526 2528
f 2530 2527 2526
f 2529 2530 2526
f 2419 2529 2531
f 2419 2532 2529
f 2531 2529 2528
f 2532 2530 2529
f 2417 2532 2419
f 2533 2534 2532
f 2417 2533 2532
f 2532 2534 2530
f 2535 2536 2534
f 2533 2535 2534
f 2534 2537 2530
f 2534 2536 2537
f 2536 2538 2537
f 2537 2539 2527
f 2530 2537 2527
f 2537 2538 2539
f 2538 2540 2539
f 2539 2541 2524
f 2527 2539 2524
f 2539 2540 2541
f 2540 2542 2541
f 2541 2543 2521
f 2524 2541 2521
f 2541 2542 2543
f 2542 2544 2543
f 2543 2545 2518
f 2521 2543 2518
f 2543 2544 2545
f 2544 2546 2545
f 2545 2547 2515
f 2518 2545 2515
f 2545 2546 2547
f 2546 2548 2547
f 2547 2549 2512
f 2515 2547 2512
f 2547 2548 2549
f 2548 2550 2549
f 2549 2551 2509
f 2512 2549 2509
f 2549 2550 2551
f 2550 2552 2551
f 2551 2553 2506
f 2509 2551 2506
f 2551 2552 2553
f 2553 2552 2554
f 2555 2503 2553
f 2506 2553 2503
f 2555 2553 2554
f 2499 2503 2555
f 2555 2556 2499
f 2555 2557 2556
f 2554 2557 2555
f 2554 2558 2557
f 2557 2558 2559
f 2557 2559 2560
f 2557 2560 2556
f 2560 2561 2562
f 2560 2559 2561
f 2556 2560 2562
f 2562 2561 2563
f 2562 2563 2564
f 2500 2562 2564
f 2556 2562 2500
f 2564 2563 2565
f 2564 2565 2492
f 2494 2564 2492
f 2500 2564 2494
f 2563 2566 2565
f 2492 2565 2567
f 2565 2568 2567
f 2565 2566 2568
f 2566 2569 2568
f 2568 2570 2571
f 2567 2568 2571
f 2568 2569 2570
f 2572 2573 2570
f 2571 2570 2573
f 2572 2570 2574
f 2574 2570 2569
f 2574 2569 2575
f 2575 2576 2574
f 2574 2576 2577
f 2574 2577 2572
f 2576 2578 2577
f 2577 2578 2579
f 2577 2579 2580
f 2572 2577 2580
f 2580 2579 2581
f 2580 2581 2582
f 2583 2580 2582
f 2572 2580 2583
f 2583 2582 2584
f 2583 2573 2572
f 2583 2585 2573
f 2584 2585 2583
f 2584 2582 2586
f 2584 2586 2587
f 2584 2588 2585
f 2587 2588 2584
f 2587 2586 2589
f 2587 2590 2588
f 2587 2589 2591
f 2591 2590 2587
f 2592 2593 2591
f 2591 2594 2592
f 2591 2589 2594
f 2591 2593 2590
f 2589 2595 2594
f 2594 2595 2596
f 2594 2596 2597
f 2592 2594 2597
f 2597 2598 2599
f 2597 2596 2598
f 2600 2597 2599
f 2592 2597 2600
f 2600 2601 2592
f 2600 2599 2602
f 2602 2603 2600
f 2600 2603 2601
f 2604 2603 2605
f 2604 2601 2603
f 2605 2603 2606
f 2602 2606 2603
f 2607 2608 2606
f 2609 2606 2608
f 2607 2606 2602
f 2605 2606 2609
f 2610 2609 2611
f 2612 2609 2610
f 2612 2605 2609
f 2609 2608 2611
f 2613 2605 2612
f 2614 2613 2612
f 2614 2612 2615
f 2615 2612 2610
f 2615 2610 2616
f 2617 2615 2616
f 2618 2615 2617
f 2618 2614 2615
f 2617 2616 2619
f 2620 2618 2617
f 2621 2617 2619
f 2620 2617 2621
f 2621 2619 2622
f 2621 2623 2620
f 2621 2624 2623
f 2622 2624 2621
f 2622 2619 2625
f 2622 2625 2626
f 2622 2627 2624
f 2626 2627 2622
f 2626 2625 2628
f 2626 2628 2629
f 2626 2630 2627
f 2629 2630 2626
f 2631 2632 2629
f 2629 2633 2631
f 2629 2628 2633
f 2629 2632 2630
f 2634 2630 2632
f 2634 2632 2635
f 2631 2636 2632
f 2635 2632 2636
f 2637 2635 2638
f 2639 2635 2637
f 2639 2634 2635
f 2635 2636 2638
f 2637 2638 2640
f 2638 2641 2642
f 2640 2638 2642
f 2638 2636 2641
f 2643 2637 2640
f 2643 2640 2644
f 2640 2642 2645
f 2644 2640 2645
f 2646 2643 2644
f 2646 2644 2647
f 2644 2645 2648
f 2647 2644 2648
f 2649 2646 2647
f 2649 2647 2650
f 2647 2648 2651
f 2650 2647 2651
f 2652 2649 2650
f 2652 2650 2653
f 2650 2651 2654
f 2653 2650 2654
f 2655 2652 2653
f 2655 2653 642
f 2653 2654 645
f 642 2653 645
f 2656 2652 2655
f 2657 2656 2655
f 2657 2655 639
f 639 2655 642
f 2658 2656 2657
f 2659 2658 2657
f 2659 2657 636
f 636 2657 639
f 2660 2658 2659
f 2661 2660 2659
f 2661 2659 634
f 634 2659 636
f 2662 2661 630
f 2662 2663 2661
f 2663 2660 2661
f 630 2661 634
f 600 2663 2662
f 600 2664 2663
f 2664 2665 2663
f 2663 2665 2660
f 2666 2667 2665
f 2664 2666 2665
f 2665 2668 2660
f 2665 2667 2668
f 2667 2669 2668
f 2668 2670 2658
f 2660 2668 2658
f 2668 2669 2670
f 2669 2671 2670
f 2670 2672 2656
f 2658 2670 2656
f 2670 2671 2672
f 2671 2673 2672
f 2672 2649 2652
f 2656 2672 2652
f 2672 2673 2649
f 2674 2675 2673
f 2671 2674 2673
f 2673 2646 2649
f 2673 2675 2646
f 2676 2677 2675
f 2674 2676 2675
f 2675 2643 2646
f 2675 2677 2643
f 2676 2678 2677
f 2677 2637 2643
f 2677 2639 2637
f 2678 2639 2677
f 2679 2678 2676
f 2680 2681 2678
f 2679 2680 2678
f 2678 2681 2639
f 2682 2683 2681
f 2680 2682 2681
f 2681 2634 2639
f 2681 2683 2634
f 2684 2627 2683
f 2682 2684 2683
f 2683 2630 2634
f 2683 2627 2630
f 2685 2624 2684
f 2686 2685 2684
f 2686 2684 2682
f 2684 2624 2627
f 2687 2685 2686
f 2688 2687 2686
f 2688 2686 2689
f 2689 2686 2682
f 2690 2688 2689
f 2690 2689 2691
f 2689 2682 2680
f 2691 2689 2680
f 2692 2690 2691
f 2692 2691 2693
f 2691 2680 2679
f 2693 2691 2679
f 2694 2693 2695
f 2696 2693 2694
f 2696 2692 2693
f 2693 2679 2695
f 2694 2695 2697
f 2695 2676 2674
f 2697 2695 2674
f 2695 2679 2676
f 2698 2694 2697
f 2698 2697 2669
f 2697 2674 2671
f 2669 2697 2671
f 2699 2694 2698
f 2700 2699 2698
f 2700 2698 2667
f 2667 2698 2669
f 2701 2699 2700
f 2702 2701 2700
f 2702 2700 2666
f 2666 2700 2667
f 2703 2701 2702
f 2704 2703 2702
f 2704 2702 2705
f 2705 2702 2666
f 598 2705 2664
f 597 2705 598
f 597 2704 2705
f 2705 2666 2664
f 2706 2703 2704
f 2707 2706 2704
f 2707 2704 597
f 582 2706 2707
f 583 582 2707
f 583 2707 596
f 596 2707 597
f 2706 2708 2703
f 2709 2708 2706
f 582 2709 2706
f 580 2709 582
f 580 2710 2709
f 2710 2711 2709
f 2709 2711 2708
f 2712 2713 2711
f 2710 2712 2711
f 2711 2714 2708
f 2711 2713 2714
f 2713 2715 2714
f 2714 2716 2717
f 2708 2714 2717
f 2714 2715 2716
f 2715 2718 2716
f 2716 2719 2720
f 2717 2716 2720
f 2716 2718 2719
f 2718 2721 2719
f 2719 2692 2696
f 2720 2719 2696
f 2719 2721 2692
f 2722 2723 2721
f 2718 2722 2721
f 2721 2690 2692
f 2721 2723 2690
f 2724 2725 2723
f 2722 2724 2723
f 2723 2688 2690
f 2723 2725 2688
f 2726 2727 2725
f 2724 2726 2725
f 2725 2687 2688
f 2725 2727 2687
f 2728 2729 2727
f 2726 2728 2727
f 2727 2730 2687
f 2727 2729 2730
f 2729 2731 2730
f 2730 2623 2685
f 2687 2730 2685
f 2730 2731 2623
f 2732 2731 2733
f 2729 2733 2731
f 2620 2623 2731
f 2620 2731 2732
f 2732 2733 2734
f 2734 2735 2732
f 2732 2618 2620
f 2732 2735 2618
f 2734 2736 2735
f 2736 2737 2735
f 2735 2737 2614
f 2735 2614 2618
f 2736 2738 2737
f 2738 2739 2737
f 2737 2739 2613
f 2737 2613 2614
f 2740 2741 2739
f 2738 2740 2739
f 2739 2604 2613
f 2739 2741 2604
f 2740 2742 2741
f 2742 2593 2741
f 2741 2601 2604
f 2741 2593 2601
f 2743 2590 2742
f 2744 2743 2742
f 2744 2742 2740
f 2742 2590 2593
f 2745 2743 2744
f 2746 2745 2744
f 2746 2744 2747
f 2747 2744 2740
f 2747 2740 2738
f 2748 2747 2738
f 2481 2747 2748
f 2481 2746 2747
f 2478 2481 2748
f 2748 2738 2736
f 2749 2748 2736
f 2478 2748 2749
f 2749 2479 2478
f 2734 2750 2749
f 2749 2736 2734
f 2749 2750 2479
f 2751 2750 2733
f 2752 2750 2751
f 2752 2479 2750
f 2734 2733 2750
f 2753 2752 2751
f 2754 2752 2753
f 2476 2479 2752
f 2754 2476 2752
f 2755 2754 2753
f 2756 2754 2755
f 2473 2476 2754
f 2756 2473 2754
f 2757 2756 2755
f 2758 2756 2757
f 2470 2473 2756
f 2758 2470 2756
f 2759 2758 2757
f 2760 2758 2759
f 2467 2470 2758
f 2760 2467 2758
f 2761 2760 2759
f 2762 2760 2761
f 2464 2467 2760
f 2762 2464 2760
f 2763 2762 2761
f 2764 2762 2763
f 2461 2464 2762
f 2764 2461 2762
f 2765 2764 2763
f 2766 2764 2765
f 2458 2461 2764
f 2766 2458 2764
f 2767 2766 2765
f 2768 2766 2767
f 2455 2458 2766
f 2768 2455 2766
f 2769 2768 2767
f 2770 2768 2769
f 2452 2455 2768
f 2770 2452 2768
f 558 2770 560
f 558 2449 2770
f 560 2770 2769
f 2449 2452 2770
f 2769 2767 2771
f 563 2769 2771
f 560 2769 563
f 2771 2772 2773
f 565 2771 2773
f 2771 2767 2772
f 563 2771 565
f 2767 2765 2772
f 2772 2774 2775
f 2773 2772 2775
f 2772 2765 2774
f 2765 2763 2774
f 2774 2776 2777
f 2775 2774 2777
f 2774 2763 2776
f 2763 2761 2776
f 2776 2778 2779
f 2777 2776 2779
f 2776 2761 2778
f 2761 2759 2778
f 2778 2780 2781
f 2779 2778 2781
f 2778 2759 2780
f 2759 2757 2780
f 2780 2782 2783
f 2781 2780 2783
f 2780 2757 2782
f 2757 2755 2782
f 2782 2784 2785
f 2783 2782 2785
f 2782 2755 2784
f 2755 2753 2784
f 2784 2728 2726
f 2785 2784 2726
f 2784 2753 2728
f 2783 2785 2786
f 2785 2726 2724
f 2786 2785 2724
f 2787 2783 2786
f 2787 2786 2788
f 2786 2724 2722
f 2788 2786 2722
f 2789 2787 2788
f 2789 2788 2715
f 2788 2722 2718
f 2715 2788 2718
f 2790 2787 2789
f 2791 2790 2789
f 2791 2789 2713
f 2713 2789 2715
f 2792 2790 2791
f 2793 2792 2791
f 2793 2791 2712
f 2712 2791 2713
f 2794 2792 2793
f 2795 2794 2793
f 2795 2793 2796
f 2796 2793 2712
f 571 2796 579
f 571 2795 2796
f 2796 2712 2710
f 579 2796 2710
f 569 2795 571
f 569 2797 2795
f 2797 2794 2795
f 567 2797 569
f 567 2773 2797
f 2773 2775 2797
f 2797 2775 2794
f 2775 2777 2794
f 2794 2777 2792
f 2777 2779 2792
f 2792 2779 2790
f 2779 2781 2790
f 2790 2781 2787
f 2781 2783 2787
f 565 2773 567
f 2753 2751 2728
f 2751 2733 2729
f 2728 2751 2729
f 2480 2798 2746
f 2798 2745 2746
f 2480 2746 2481
f 2483 2490 2798
f 2490 2799 2798
f 2798 2799 2745
f 2483 2798 2480
f 2800 2801 2799
f 2490 2800 2799
f 2799 2802 2745
f 2799 2801 2802
f 2745 2802 2743
f 2801 2585 2802
f 2802 2588 2743
f 2802 2585 2588
f 2800 2571 2801
f 2571 2573 2801
f 2801 2573 2585
f 2489 2800 2490
f 2489 2567 2800
f 2567 2571 2800
f 2743 2588 2590
f 2701 2720 2699
f 2717 2720 2701
f 2720 2696 2699
f 2703 2717 2701
f 2708 2717 2703
f 579 2710 580
f 2699 2696 2694
f 2685 2623 2624
f 598 2664 600
f 601 600 2662
f 601 2662 629
f 629 2662 630
f 2654 2803 648
f 645 2654 648
f 2654 2651 2803
f 2651 2804 2803
f 2803 2805 651
f 648 2803 651
f 2803 2804 2805
f 2804 2806 2805
f 2805 2807 654
f 651 2805 654
f 2805 2806 2807
f 2806 2808 2807
f 2807 2809 657
f 654 2807 657
f 2807 2808 2809
f 2808 2810 2809
f 2809 2811 660
f 657 2809 660
f 2809 2810 2811
f 2812 2811 2810
f 668 663 2811
f 660 2811 663
f 668 2811 2812
f 2812 2813 2814
f 2815 2813 2812
f 2812 2814 668
f 2812 2810 2815
f 2815 2816 2813
f 2817 2816 2815
f 2815 2818 2817
f 2815 2810 2818
f 2817 2819 2816
f 2817 2820 2821
f 2817 2818 2820
f 2821 2819 2817
f 2819 2822 2823
f 2824 2822 2819
f 2819 2823 2816
f 2821 2824 2819
f 2824 2825 2822
f 2826 2827 2824
f 2827 2825 2824
f 2826 2824 2821
f 2826 2641 2828
f 2826 2829 2641
f 2821 2829 2826
f 2828 2827 2826
f 2828 2641 2636
f 2828 2636 2631
f 2631 2830 2828
f 2828 2830 2827
f 2830 2831 2832
f 2633 2831 2830
f 2631 2633 2830
f 2830 2832 2827
f 2831 2833 2832
f 2832 2833 2834
f 2832 2834 2825
f 2827 2832 2825
f 2833 2835 2834
f 2825 2834 2836
f 2834 2837 2836
f 2834 2835 2837
f 2835 2838 2837
f 2837 2839 2840
f 2836 2837 2840
f 2837 2838 2839
f 2841 2842 2839
f 2840 2839 2842
f 2841 2839 2843
f 2843 2839 2838
f 2843 2838 2844
f 2844 2845 2843
f 2843 2845 2846
f 2843 2846 2841
f 2845 2847 2846
f 2846 2847 2848
f 2846 2848 2849
f 2841 2846 2849
f 2849 2848 2850
f 2849 2850 2851
f 2852 2849 2851
f 2841 2849 2852
f 2852 2851 2853
f 2852 2842 2841
f 2852 2854 2842
f 2853 2854 2852
f 2853 2851 2855
f 2853 2855 2856
f 2853 2857 2854
f 2856 2857 2853
f 2856 2855 2858
f 2856 2859 2857
f 2856 2858 2860
f 2860 2859 2856
f 2861 2862 2860
f 2860 2863 2861
f 2860 2858 2863
f 2860 2862 2859
f 2858 2864 2863
f 2863 2864 2865
f 2863 2865 2866
f 2861 2863 2866
f 2866 2867 2868
f 2866 2865 2867
f 2869 2866 2868
f 2861 2866 2869
f 2869 2870 2861
f 2869 2868 2871
f 2871 2872 2869
f 2869 2872 2870
f 2873 2872 2874
f 2873 2870 2872
f 2874 2872 2875
f 2871 2875 2872
f 2876 2877 2875
f 2878 2875 2877
f 2876 2875 2871
f 2874 2875 2878
f 680 2878 2879
f 678 2878 680
f 678 2874 2878
f 2878 2877 2879
f 680 2879 2880
f 2880 2879 2881
f 2879 2882 2881
f 2879 2877 2882
f 2883 2882 2877
f 2884 2885 2882
f 2881 2882 2885
f 2884 2882 2883
f 2883 2886 2884
f 2883 2887 2886
f 2883 2877 2876
f 2876 2887 2883
f 2876 2888 2887
f 2888 2889 2887
f 2887 2889 2890
f 2887 2890 2886
f 2889 2891 2890
f 2886 2890 2892
f 2890 2893 2892
f 2890 2891 2893
f 2892 2893 2894
f 2891 2895 2893
f 2893 2896 2894
f 2893 2895 2896
f 2897 2896 2895
f 2898 2899 2896
f 2894 2896 2899
f 2898 2896 2897
f 2897 2900 2898
f 2897 2901 2900
f 2902 2901 2897
f 2897 2895 2902
f 2902 2903 2901
f 2904 2903 2902
f 2902 2905 2904
f 2902 2895 2905
f 2904 2906 2903
f 2907 2906 2904
f 2904 2908 2907
f 2904 2905 2908
f 2907 2909 2906
f 2907 2908 2910
f 2907 2910 2911
f 2911 2909 2907
f 2912 2910 2913
f 2912 2914 2910
f 2913 2910 2908
f 2911 2910 2914
f 2915 2914 2912
f 2916 2914 2917
f 2915 2917 2914
f 2911 2914 2916
f 2864 2915 2865
f 2864 2918 2915
f 2918 2917 2915
f 2865 2915 2912
f 2919 2918 2864
f 2919 2920 2918
f 2920 2921 2918
f 2918 2921 2917
f 2922 2921 2923
f 2920 2923 2921
f 2924 2917 2921
f 2924 2921 2922
f 2922 2923 2925
f 2925 2926 2922
f 2922 2927 2924
f 2922 2926 2927
f 2926 2928 2927
f 2927 2928 2929
f 2924 2927 2929
f 2929 2928 2930
f 2916 2929 2930
f 2924 2929 2916
f 2930 2928 2909
f 2911 2930 2909
f 2916 2930 2911
f 2931 2928 2932
f 2931 2933 2928
f 2934 2928 2933
f 2935 2928 2936
f 2935 2937 2928
f 2928 2937 2938
f 2939 2928 2938
f 2936 2928 2940
f 2940 2928 2941
f 2941 2928 2942
f 2942 2928 2943
f 2943 2928 2944
f 2944 2928 2945
f 2945 2928 2946
f 2946 2928 2947
f 2947 2928 2948
f 2948 2928 2949
f 2949 2928 2950
f 2950 2928 2951
f 2951 2928 2952
f 2952 2928 2953
f 2953 2928 2954
f 2954 2928 2926
f 2909 2928 2906
f 2906 2928 2903
f 2903 2928 2901
f 2901 2928 2900
f 2900 2928 2955
f 2955 2928 2956
f 2956 2928 2957
f 2957 2928 2958
f 2958 2928 2959
f 2959 2928 2960
f 2960 2928 2961
f 2961 2928 2962
f 2962 2928 2963
f 2963 2928 2964
f 2964 2928 2965
f 2965 2928 2966
f 2966 2928 2967
f 2967 2928 2968
f 2968 2928 2969
f 2969 2928 2970
f 2970 2928 2971
f 2971 2928 2972
f 2972 2928 2973
f 2973 2928 2974
f 2974 2928 2975
f 2975 2928 2976
f 2976 2928 2977
f 2977 2928 2978
f 2978 2928 2979
f 2979 2928 2980
f 2980 2928 2981
f 2981 2928 2982
f 2982 2928 2983
f 2983 2928 2984
f 2984 2928 2985
f 2985 2928 2986
f 2986 2928 2934
f 2932 2928 2987
f 2987 2928 2988
f 2988 2928 2989
f 2989 2928 2990
f 2990 2928 2991
f 2991 2928 2992
f 2992 2928 2993
f 2993 2928 2994
f 2994 2928 2995
f 2995 2928 2939
f 2939 2938 2996
f 2997 2939 2996
f 2995 2939 2997
f 2996 2998 2997
f 2995 2997 2999
f 2997 3000 2999
f 2997 2998 3000
f 2998 3001 3000
f 3000 3001 3002
f 3000 3002 3003
f 2999 3000 3003
f 3003 3004 3005
f 3003 3002 3004
f 3006 3003 3005
f 2999 3003 3006
f 3006 3005 3007
f 2994 2999 3006
f 2993 3006 3007
f 2994 3006 2993
f 3007 3005 3008
f 2992 3007 3009
f 2993 3007 2992
f 3007 3008 3009
f 2991 3009 3010
f 2992 3009 2991
f 3009 3008 3011
f 3009 3011 3010
f 3010 3012 3013
f 3010 3011 3012
f 2990 3010 3013
f 2991 3010 2990
f 3013 3012 3014
f 2989 3013 3015
f 2990 3013 2989
f 3013 3014 3015
f 3012 3016 3014
f 3014 3016 3017
f 3014 3017 3018
f 3015 3014 3018
f 3018 3017 3019
f 3018 3019 3020
f 3021 3018 3020
f 3015 3018 3021
f 2988 3015 3021
f 2987 3021 3022
f 3021 3020 3022
f 2988 3021 2987
f 3022 3023 3024
f 3022 3020 3023
f 2932 3022 3024
f 2987 3022 2932
f 3023 3025 3024
f 3024 3025 3026
f 3024 3026 2931
f 2932 3024 2931
f 2931 3026 2933
f 3027 2933 3026
f 3027 3026 3028
f 3028 3026 3025
f 3027 3028 3029
f 3030 3029 3028
f 3030 3028 3031
f 3031 3028 3025
f 3031 3025 3032
f 3033 3031 3032
f 3034 3031 3033
f 3034 3030 3031
f 3033 3032 3035
f 3036 3033 3035
f 3037 3034 3033
f 3037 3033 3036
f 3038 3036 3039
f 3036 3035 3039
f 3040 3036 3038
f 3040 3037 3036
f 3038 3039 3041
f 3040 3038 3042
f 3038 3041 3043
f 3038 3043 3042
f 3044 3043 3045
f 3044 3042 3043
f 3045 3043 3046
f 3043 3041 3046
f 3045 3046 3047
f 3048 3047 3046
f 3048 3046 3049
f 3049 3046 3041
f 3050 3048 3049
f 3049 3041 3051
f 3052 3049 3051
f 3052 3050 3049
f 3053 3050 3052
f 3054 3053 3052
f 3054 3052 3055
f 3055 3052 3051
f 3055 3051 3056
f 3019 3055 3056
f 3017 3055 3019
f 3017 3054 3055
f 3056 3039 3035
f 3051 3039 3056
f 3056 3035 3057
f 3019 3056 3057
f 3057 3035 3032
f 3057 3032 3023
f 3020 3057 3023
f 3020 3019 3057
f 3016 3054 3017
f 3016 3058 3054
f 3058 3053 3054
f 3059 3058 3016
f 3060 3061 3058
f 3059 3060 3058
f 3058 3061 3053
f 3062 3060 3059
f 3011 3062 3059
f 3011 3059 3012
f 3012 3059 3016
f 3063 3064 3062
f 3008 3063 3062
f 3008 3062 3011
f 3062 3064 3060
f 3065 3066 3064
f 3063 3065 3064
f 3064 3067 3060
f 3064 3066 3067
f 3066 3068 3067
f 3067 3069 3061
f 3060 3067 3061
f 3067 3068 3069
f 3061 3069 3070
f 3069 3071 3070
f 3069 3072 3071
f 3068 3072 3069
f 3072 3073 3071
f 3071 3073 3074
f 3071 3074 3075
f 3070 3071 3075
f 3075 3076 3048
f 3075 3074 3076
f 3050 3075 3048
f 3070 3075 3050
f 3076 3077 3047
f 3078 3077 3076
f 3076 3047 3048
f 3074 3078 3076
f 3079 3080 3078
f 3080 3081 3078
f 3078 3081 3077
f 3074 3079 3078
f 3082 3083 3079
f 3073 3082 3079
f 3079 3083 3080
f 3073 3079 3074
f 3082 3084 3083
f 3083 3084 3085
f 3080 3083 3086
f 3083 3085 3086
f 3086 3085 3087
f 3085 2558 3087
f 3084 2559 3085
f 3085 2559 2558
f 3087 3088 3089
f 3090 3088 3087
f 3087 3089 3086
f 3087 2558 3090
f 3091 3090 2550
f 3091 3092 3090
f 3090 3092 3088
f 2550 3090 2552
f 2552 3090 2554
f 2554 3090 2558
f 3093 3094 3092
f 3091 3093 3092
f 3092 3095 3088
f 3094 3095 3092
f 3089 3088 3095
f 3096 3095 3097
f 3094 3097 3095
f 3096 3089 3095
f 3096 3098 3089
f 3096 3097 3099
f 3099 3100 3096
f 3096 3100 3098
f 3100 3101 3081
f 3102 3101 3100
f 3100 3081 3098
f 3099 3102 3100
f 3102 3103 3101
f 3104 3105 3102
f 3105 3103 3102
f 3104 3102 3099
f 3104 3106 3107
f 3104 3108 3106
f 3099 3108 3104
f 3107 3105 3104
f 3107 3106 3109
f 3107 3109 3110
f 3110 3111 3107
f 3107 3111 3105
f 3112 3109 3106
f 3113 3109 3112
f 3110 3109 3114
f 3113 3114 3109
f 3115 3113 3112
f 3116 3113 3115
f 3117 3114 3113
f 3116 3117 3113
f 3118 3116 3115
f 3119 3116 3118
f 3120 3117 3116
f 3119 3120 3116
f 3121 3119 3118
f 3122 3119 3121
f 3123 3120 3119
f 3122 3123 3119
f 3124 3122 3121
f 3125 3122 3124
f 3126 3123 3122
f 3125 3126 3122
f 3127 3125 3124
f 3128 3125 3127
f 3129 3126 3125
f 3128 3129 3125
f 3130 3128 3127
f 3131 3128 3130
f 3132 3129 3128
f 3131 3132 3128
f 3133 3131 3130
f 3134 3131 3133
f 3135 3132 3131
f 3134 3135 3131
f 3136 3134 3133
f 3137 3134 3136
f 3138 3135 3134
f 3137 3138 3134
f 3139 3137 3136
f 3140 3137 3139
f 3141 3138 3137
f 3140 3141 3137
f 2378 3140 2380
f 2378 3142 3140
f 2380 3140 3139
f 3142 3141 3140
f 2377 3142 2378
f 3143 3144 3142
f 2377 3143 3142
f 3142 3144 3141
f 3145 3146 3144
f 3143 3145 3144
f 3144 3147 3141
f 3144 3146 3147
f 3146 3148 3147
f 3147 3149 3138
f 3141 3147 3138
f 3147 3148 3149
f 3148 3150 3149
f 3149 3151 3135
f 3138 3149 3135
f 3149 3150 3151
f 3150 3152 3151
f 3151 3153 3132
f 3135 3151 3132
f 3151 3152 3153
f 3152 3154 3153
f 3153 3155 3129
f 3132 3153 3129
f 3153 3154 3155
f 3154 3156 3155
f 3155 3157 3126
f 3129 3155 3126
f 3155 3156 3157
f 3156 3158 3157
f 3157 3159 3123
f 3126 3157 3123
f 3157 3158 3159
f 3158 3160 3159
f 3159 3161 3120
f 3123 3159 3120
f 3159 3160 3161
f 3160 3162 3161
f 3161 3163 3117
f 3120 3161 3117
f 3161 3162 3163
f 3164 3163 3162
f 3165 3114 3163
f 3117 3163 3114
f 3165 3163 3164
f 3164 3166 3167
f 3168 3166 3164
f 3164 3167 3165
f 3164 3162 3168
f 3168 3169 3166
f 3170 3169 3168
f 3168 3171 3170
f 3168 3162 3171
f 3170 3172 3169
f 3170 3173 3174
f 3170 3171 3173
f 3174 3172 3170
f 3172 3175 3176
f 3177 3175 3172
f 3172 3176 3169
f 3174 3177 3172
f 3177 3178 3175
f 3179 3180 3177
f 3180 3178 3177
f 3179 3177 3174
f 3179 3181 3182
f 3179 3183 3181
f 3174 3183 3179
f 3182 3180 3179
f 3182 3181 3184
f 3182 3184 3185
f 3185 3186 3182
f 3182 3186 3180
f 3187 3184 3181
f 3188 3184 3187
f 3185 3184 3189
f 3188 3189 3184
f 3190 3188 3187
f 3191 3188 3190
f 3192 3189 3188
f 3191 3192 3188
f 3193 3191 3190
f 3194 3191 3193
f 3195 3192 3191
f 3194 3195 3191
f 3196 3194 3193
f 3197 3194 3196
f 3198 3195 3194
f 3197 3198 3194
f 3199 3197 3196
f 3200 3197 3199
f 3201 3198 3197
f 3200 3201 3197
f 3202 3200 3199
f 3203 3200 3202
f 3204 3201 3200
f 3203 3204 3200
f 3205 3203 3202
f 3206 3203 3205
f 3207 3204 3203
f 3206 3207 3203
f 3208 3206 3205
f 3209 3206 3208
f 3210 3207 3206
f 3209 3210 3206
f 3211 3209 3208
f 3212 3209 3211
f 3213 3210 3209
f 3212 3213 3209
f 3214 3212 3211
f 3215 3212 3214
f 3216 3213 3212
f 3215 3216 3212
f 2348 3215 2350
f 2348 3217 3215
f 2350 3215 3214
f 3217 3216 3215
f 2347 3217 2348
f 3218 3219 3217
f 2347 3218 3217
f 3217 3219 3216
f 3220 3221 3219
f 3218 3220 3219
f 3219 3222 3216
f 3219 3221 3222
f 3221 3223 3222
f 3222 3224 3213
f 3216 3222 3213
f 3222 3223 3224
f 3223 3225 3224
f 3224 3226 3210
f 3213 3224 3210
f 3224 3225 3226
f 3225 3227 3226
f 3226 3228 3207
f 3210 3226 3207
f 3226 3227 3228
f 3227 3229 3228
f 3228 3230 3204
f 3207 3228 3204
f 3228 3229 3230
f 3229 3231 3230
f 3230 3232 3201
f 3204 3230 3201
f 3230 3231 3232
f 3231 3233 3232
f 3232 3234 3198
f 3201 3232 3198
f 3232 3233 3234
f 3233 3235 3234
f 3234 3236 3195
f 3198 3234 3195
f 3234 3235 3236
f 3235 3237 3236
f 3236 3238 3192
f 3195 3236 3192
f 3236 3237 3238
f 3239 3238 3237
f 3240 3189 3238
f 3192 3238 3189
f 3240 3238 3239
f 3239 3241 3242
f 3243 3241 3239
f 3239 3242 3240
f 3239 3237 3243
f 3243 3244 3241
f 3245 3244 3243
f 3243 3246 3245
f 3243 3237 3246
f 3245 3247 3244
f 3245 3248 3249
f 3245 3246 3248
f 3249 3247 3245
f 3247 3250 3251
f 3252 3250 3247
f 3247 3251 3244
f 3249 3252 3247
f 3252 3253 3250
f 3254 3255 3252
f 3255 3253 3252
f 3254 3252 3249
f 3254 3256 3257
f 3254 3258 3256
f 3249 3258 3254
f 3257 3255 3254
f 3257 3256 3259
f 3257 3259 3260
f 3260 3261 3257
f 3257 3261 3255
f 3262 3259 3256
f 3263 3259 3262
f 3260 3259 3264
f 3263 3264 3259
f 3265 3263 3262
f 3266 3263 3265
f 3267 3264 3263
f 3266 3267 3263
f 3268 3266 3265
f 3269 3266 3268
f 3270 3267 3266
f 3269 3270 3266
f 3271 3269 3268
f 3272 3269 3271
f 3273 3270 3269
f 3272 3273 3269
f 3274 3272 3271
f 3275 3272 3274
f 3276 3273 3272
f 3275 3276 3272
f 3277 3275 3274
f 3278 3275 3277
f 3279 3276 3275
f 3278 3279 3275
f 3280 3278 3277
f 3281 3278 3280
f 3282 3279 3278
f 3281 3282 3278
f 3283 3281 3280
f 3284 3281 3283
f 3285 3282 3281
f 3284 3285 3281
f 3286 3284 3283
f 3287 3284 3286
f 3288 3285 3284
f 3287 3288 3284
f 3289 3287 3286
f 3290 3287 3289
f 3291 3288 3287
f 3290 3291 3287
f 922 3290 3292
f 922 3293 3290
f 3292 3290 3289
f 3293 3291 3290
f 920 3293 922
f 3294 3295 3293
f 920 3294 3293
f 3293 3295 3291
f 3296 3297 3295
f 3294 3296 3295
f 3295 3298 3291
f 3295 3297 3298
f 3297 3299 3298
f 3298 3300 3288
f 3291 3298 3288
f 3298 3299 3300
f 3299 3301 3300
f 3300 3302 3285
f 3288 3300 3285
f 3300 3301 3302
f 3301 3303 3302
f 3302 3304 3282
f 3285 3302 3282
f 3302 3303 3304
f 3303 3305 3304
f 3304 3306 3279
f 3282 3304 3279
f 3304 3305 3306
f 3305 3307 3306
f 3306 3308 3276
f 3279 3306 3276
f 3306 3307 3308
f 3307 3309 3308
f 3308 3310 3273
f 3276 3308 3273
f 3308 3309 3310
f 3309 3311 3310
f 3310 3312 3270
f 3273 3310 3270
f 3310 3311 3312
f 3311 3313 3312
f 3312 3314 3267
f 3270 3312 3267
f 3312 3313 3314
f 3315 3314 3313
f 3316 3264 3314
f 3267 3314 3264
f 3316 3314 3315
f 3315 3317 3318
f 3319 3317 3315
f 3315 3318 3316
f 3315 3313 3319
f 3319 3320 3317
f 3321 3320 3319
f 3319 3322 3321
f 3319 3313 3322
f 3321 3323 3320
f 3321 3324 3325
f 3321 3322 3324
f 3325 3323 3321
f 3323 3326 3327
f 3328 3326 3323
f 3323 3327 3320
f 3325 3328 3323
f 3328 3329 3326
f 3330 3331 3328
f 3331 3329 3328
f 3330 3328 3325
f 3330 3332 3333
f 3330 3334 3332
f 3325 3334 3330
f 3333 3331 3330
f 3333 3332 3335
f 3333 3335 3336
f 3336 3337 3333
f 3333 3337 3331
f 3338 3335 3332
f 3339 3335 3338
f 3336 3335 3340
f 3339 3340 3335
f 3341 3339 3338
f 3342 3339 3341
f 3343 3340 3339
f 3342 3343 3339
f 3344 3342 3341
f 3345 3342 3344
f 3346 3343 3342
f 3345 3346 3342
f 3347 3345 3344
f 3348 3345 3347
f 3349 3346 3345
f 3348 3349 3345
f 3350 3348 3347
f 3351 3348 3350
f 3352 3349 3348
f 3351 3352 3348
f 3353 3351 3350
f 3354 3351 3353
f 3355 3352 3351
f 3354 3355 3351
f 729 3354 3353
f 724 3354 729
f 721 3355 3354
f 724 721 3354
f 718 3356 3355
f 721 718 3355
f 3355 3356 3352
f 715 3357 3356
f 718 715 3356
f 3356 3358 3352
f 3356 3357 3358
f 3357 3359 3358
f 3358 3360 3349
f 3352 3358 3349
f 3358 3359 3360
f 3359 3361 3360
f 3360 3362 3346
f 3349 3360 3346
f 3360 3361 3362
f 3361 3363 3362
f 3362 3364 3343
f 3346 3362 3343
f 3362 3363 3364
f 3365 3364 3363
f 3366 3340 3364
f 3343 3364 3340
f 3366 3364 3365
f 3365 3367 3368
f 3369 3367 3365
f 3365 3368 3366
f 3365 3363 3369
f 3369 3370 3367
f 3371 3370 3369
f 3369 3372 3371
f 3369 3363 3372
f 3371 3373 3370
f 3371 3374 3375
f 3371 3372 3374
f 3375 3373 3371
f 3373 3376 3377
f 3378 3376 3373
f 3373 3377 3370
f 3375 3378 3373
f 3378 3379 3376
f 3380 3381 3378
f 3381 3379 3378
f 3380 3378 3375
f 3380 705 3382
f 3380 3383 705
f 3375 3383 3380
f 3382 3381 3380
f 3382 705 700
f 3382 700 695
f 695 3384 3382
f 3382 3384 3381
f 3384 3385 3386
f 697 3385 3384
f 695 697 3384
f 3384 3386 3381
f 3385 3387 3386
f 3386 3387 3388
f 3386 3388 3379
f 3381 3386 3379
f 3387 3389 3388
f 3379 3388 3390
f 3388 3391 3390
f 3388 3389 3391
f 3389 3392 3391
f 3391 3393 3394
f 3390 3391 3394
f 3391 3392 3393
f 3395 3396 3393
f 3394 3393 3396
f 3395 3393 3397
f 3397 3393 3392
f 3397 3392 3398
f 3398 3399 3397
f 3397 3399 3400
f 3397 3400 3395
f 3399 3401 3400
f 3400 3401 3402
f 3400 3402 3403
f 3395 3400 3403
f 3403 3402 3404
f 3403 3404 3405
f 3406 3403 3405
f 3395 3403 3406
f 3406 3405 3407
f 3406 3396 3395
f 3406 3408 3396
f 3407 3408 3406
f 3407 3405 3409
f 3407 3409 3410
f 3407 3411 3408
f 3410 3411 3407
f 3410 3409 3412
f 3410 3413 3411
f 3410 3412 3414
f 3414 3413 3410
f 3415 3416 3414
f 3414 3417 3415
f 3414 3412 3417
f 3414 3416 3413
f 3412 3418 3417
f 3417 3418 3419
f 3417 3419 3420
f 3415 3417 3420
f 3420 3421 3422
f 3420 3419 3421
f 3423 3420 3422
f 3415 3420 3423
f 3423 3424 3415
f 3423 3422 3425
f 3425 3426 3423
f 3423 3426 3424
f 3427 3426 3428
f 3427 3424 3426
f 3428 3426 3429
f 3425 3429 3426
f 3430 3431 3429
f 3432 3429 3431
f 3430 3429 3425
f 3428 3429 3432
f 3433 3432 3434
f 3435 3432 3433
f 3435 3428 3432
f 3432 3431 3434
f 3436 3428 3435
f 3329 3436 3435
f 3329 3435 3326
f 3326 3435 3433
f 3437 3427 3436
f 3438 3437 3436
f 3438 3436 3329
f 3436 3427 3428
f 3337 3439 3438
f 3439 3437 3438
f 3331 3438 3329
f 3337 3438 3331
f 3440 3441 3439
f 3441 3442 3439
f 3439 3442 3437
f 3440 3439 3337
f 3368 3441 3440
f 3366 3368 3440
f 3336 3440 3337
f 3366 3440 3336
f 3441 3443 3442
f 3442 3444 3437
f 3442 3445 3444
f 3443 3445 3442
f 3446 3447 3443
f 3448 3446 3443
f 3448 3443 3441
f 3443 3447 3445
f 3447 3413 3445
f 3447 3411 3413
f 3449 3411 3447
f 3446 3449 3447
f 3450 3449 3446
f 3450 3451 3449
f 3451 3408 3449
f 3449 3408 3411
f 3452 3451 3450
f 3452 3394 3451
f 3394 3396 3451
f 3451 3396 3408
f 3376 3452 3377
f 3376 3390 3452
f 3377 3452 3450
f 3390 3394 3452
f 3377 3450 3453
f 3453 3450 3446
f 3370 3377 3453
f 3453 3446 3448
f 3367 3453 3448
f 3370 3453 3367
f 3368 3448 3441
f 3367 3448 3368
f 3445 3416 3444
f 3444 3424 3427
f 3437 3444 3427
f 3444 3416 3424
f 3445 3413 3416
f 3433 3434 3454
f 3454 3434 3455
f 3434 3456 3455
f 3434 3431 3456
f 3457 3456 3431
f 3458 3459 3456
f 3455 3456 3459
f 3458 3456 3457
f 3457 3460 3458
f 3457 3461 3460
f 3457 3431 3430
f 3430 3461 3457
f 3430 3462 3461
f 3462 3463 3461
f 3461 3463 3464
f 3461 3464 3460
f 3463 3465 3464
f 3460 3464 3466
f 3464 3467 3466
f 3464 3465 3467
f 3466 3467 3468
f 3465 3469 3467
f 3467 3470 3468
f 3467 3469 3470
f 3471 3470 3469
f 3472 3473 3470
f 3468 3470 3473
f 3472 3470 3471
f 3471 2970 3472
f 3471 2969 2970
f 3474 2969 3471
f 3471 3469 3474
f 3474 2968 2969
f 3475 2968 3474
f 3474 3476 3475
f 3474 3469 3476
f 3475 2967 2968
f 3477 2967 3475
f 3475 3478 3477
f 3475 3476 3478
f 3477 2966 2967
f 3477 3478 3479
f 3477 3479 3480
f 3480 2966 3477
f 3481 3479 3482
f 3481 3483 3479
f 3482 3479 3478
f 3480 3479 3483
f 3484 3483 3481
f 3485 3483 3486
f 3484 3486 3483
f 3480 3483 3485
f 3418 3484 3419
f 3418 3487 3484
f 3487 3486 3484
f 3419 3484 3481
f 3488 3487 3418
f 3488 3489 3487
f 3489 3490 3487
f 3487 3490 3486
f 3491 3490 3492
f 3489 3492 3490
f 3493 3486 3490
f 3493 3490 3491
f 3491 3492 3494
f 3494 2962 3491
f 3491 2963 3493
f 3491 2962 2963
f 3494 2961 2962
f 3495 2961 3494
f 3494 3496 3495
f 3494 3492 3496
f 3495 2960 2961
f 3497 2960 3495
f 3495 3498 3497
f 3495 3496 3498
f 3497 2959 2960
f 3499 2959 3497
f 3497 3500 3499
f 3497 3498 3500
f 3499 2958 2959
f 3499 3500 3501
f 3499 3501 3502
f 3502 2958 3499
f 3503 3501 3504
f 3503 3505 3501
f 3504 3501 3500
f 3502 3501 3505
f 3506 3505 3503
f 3507 3505 3508
f 3506 3508 3505
f 3502 3505 3507
f 3509 3506 3510
f 3509 3511 3506
f 3511 3508 3506
f 3510 3506 3503
f 3512 3509 3510
f 3512 3510 3513
f 3513 3510 3514
f 3510 3503 3514
f 3513 3514 3399
f 3399 3514 3401
f 3514 3504 3401
f 3514 3503 3504
f 3398 3513 3399
f 3515 3513 3398
f 3515 3512 3513
f 3515 3516 3517
f 3517 3512 3515
f 3398 3518 3515
f 3515 3518 3516
f 3519 3518 3389
f 3519 3516 3518
f 3389 3518 3392
f 3398 3392 3518
f 3520 3519 3387
f 3520 3521 3519
f 3521 3516 3519
f 3387 3519 3389
f 3522 3523 3521
f 3524 3522 3521
f 3524 3521 3520
f 3521 3523 3516
f 3525 3522 3524
f 3526 3525 3524
f 3526 3524 3527
f 3527 3524 3520
f 3527 3520 3385
f 697 3527 3385
f 692 3527 697
f 692 3526 3527
f 689 3528 3526
f 3528 3525 3526
f 689 3526 692
f 683 681 3528
f 681 2880 3528
f 3528 2880 3525
f 683 3528 689
f 2880 2881 3525
f 3525 2881 3522
f 3522 2885 3523
f 3529 3523 2885
f 3517 3516 3523
f 3517 3523 3529
f 3529 3530 3531
f 2884 3530 3529
f 3529 2885 2884
f 3529 3531 3517
f 3530 3532 3531
f 3531 3532 3509
f 3531 3509 3512
f 3517 3531 3512
f 2892 2894 3532
f 3530 2892 3532
f 3532 3511 3509
f 3532 2894 3511
f 2884 2886 3530
f 2886 2892 3530
f 2881 2885 3522
f 3385 3520 3387
f 2894 2899 3511
f 3511 2899 3508
f 3507 3508 3533
f 3533 2956 3507
f 3507 2957 3502
f 3507 2956 2957
f 3533 2899 2898
f 2898 2955 3533
f 3533 2955 2956
f 3533 3508 2899
f 3504 3500 3534
f 3401 3504 3534
f 3534 3498 3535
f 3402 3534 3535
f 3534 3500 3498
f 3401 3534 3402
f 3535 3496 3536
f 3404 3535 3536
f 3535 3498 3496
f 3402 3535 3404
f 3537 3536 3489
f 3404 3536 3537
f 3536 3492 3489
f 3536 3496 3492
f 3405 3537 3409
f 3405 3404 3537
f 3409 3537 3488
f 3537 3489 3488
f 3502 2957 2958
f 3485 3486 3493
f 3493 2964 3485
f 3493 2963 2964
f 3409 3488 3412
f 3412 3488 3418
f 3485 2965 3480
f 3485 2964 2965
f 3421 3481 3482
f 3421 3482 3538
f 3482 3478 3539
f 3538 3482 3539
f 3422 3421 3538
f 3422 3538 3462
f 3462 3538 3463
f 3538 3539 3463
f 3539 3476 3465
f 3463 3539 3465
f 3539 3478 3476
f 3419 3481 3421
f 3480 2965 2966
f 3465 3476 3469
f 3540 3473 3472
f 3472 2971 3540
f 3472 2970 2971
f 3541 3542 3540
f 3540 2972 3541
f 3540 2971 2972
f 3540 3542 3473
f 3543 3473 3542
f 3541 3544 3542
f 3545 3542 3544
f 3543 3542 3545
f 3546 3545 3547
f 3546 3543 3545
f 3547 3545 3548
f 3545 3544 3548
f 3548 3549 3550
f 3551 3548 3550
f 3548 3544 3549
f 3547 3548 3551
f 3552 3551 3553
f 3552 3547 3551
f 3553 3551 3554
f 3551 3550 3554
f 3553 3554 3555
f 3555 3554 3556
f 3554 3557 3556
f 3554 3550 3557
f 3550 3558 3557
f 3557 3559 3560
f 3556 3557 3560
f 3557 3558 3559
f 3561 3559 3558
f 3562 3563 3559
f 3560 3559 3563
f 3562 3559 3561
f 3561 2975 2976
f 3564 2975 3561
f 3561 3558 3564
f 3561 2976 3562
f 3564 2974 2975
f 3564 3558 3549
f 3564 3549 3565
f 3565 2974 3564
f 3565 3544 3541
f 3541 2973 3565
f 3565 2973 2974
f 3565 3549 3544
f 3562 2976 2977
f 3562 2977 3566
f 3566 3563 3562
f 3567 3568 3566
f 3566 2978 3567
f 3566 2977 2978
f 3566 3568 3563
f 3569 3563 3568
f 3567 3570 3568
f 3571 3568 3570
f 3569 3568 3571
f 3572 3571 3573
f 3572 3569 3571
f 3573 3571 3574
f 3571 3570 3574
f 3573 3574 3575
f 3575 3574 3576
f 3574 3577 3576
f 3574 3570 3577
f 3578 3577 3570
f 3579 3580 3577
f 3576 3577 3580
f 3579 3577 3578
f 3578 3570 3567
f 3567 2979 3578
f 3578 2980 3579
f 3578 2979 2980
f 3581 3580 3579
f 3579 2981 3581
f 3579 2980 2981
f 3582 3583 3581
f 3581 2982 3582
f 3581 2981 2982
f 3581 3583 3580
f 3584 3583 3585
f 3584 3580 3583
f 3585 3583 3586
f 3582 3586 3583
f 3587 3588 3586
f 3589 3586 3588
f 3587 3586 3582
f 3585 3586 3589
f 3590 3585 3589
f 3589 3588 3591
f 3592 3589 3591
f 3590 3589 3592
f 3593 3590 3592
f 3593 3592 3594
f 3594 3592 3595
f 3592 3591 3595
f 3594 3595 3596
f 3596 3595 3597
f 3595 3598 3597
f 3595 3591 3598
f 3597 3598 3599
f 3591 3600 3598
f 3598 3601 3599
f 3598 3600 3601
f 3602 3601 3600
f 3603 3029 3601
f 3599 3601 3029
f 3603 3601 3602
f 3602 2986 3603
f 3602 2985 2986
f 3604 2985 3602
f 3602 3600 3604
f 3604 2984 2985
f 3587 2984 3604
f 3604 3588 3587
f 3604 3600 3588
f 3027 3029 3603
f 3603 2934 3027
f 3603 2986 2934
f 3591 3588 3600
f 3597 3599 3605
f 3605 3599 3030
f 3599 3029 3030
f 3606 3597 3605
f 3606 3605 3607
f 3607 3605 3034
f 3605 3030 3034
f 3608 3606 3607
f 3607 3034 3037
f 3609 3607 3037
f 3608 3607 3609
f 3040 3610 3609
f 3609 3037 3040
f 3609 3611 3608
f 3609 3610 3611
f 3612 3610 3613
f 3612 3611 3610
f 3613 3610 3042
f 3040 3042 3610
f 3614 3613 3615
f 3614 3612 3613
f 3613 3042 3044
f 3615 3613 3044
f 3616 3614 3615
f 3616 3615 3617
f 3617 3615 3618
f 3615 3044 3618
f 3617 3618 3103
f 3103 3618 3619
f 3618 3045 3619
f 3618 3044 3045
f 3619 3047 3077
f 3101 3619 3077
f 3619 3045 3047
f 3103 3619 3101
f 3111 3616 3617
f 3105 3617 3103
f 3111 3617 3105
f 3620 3621 3616
f 3621 3614 3616
f 3620 3616 3111
f 3167 3621 3620
f 3165 3167 3620
f 3110 3620 3111
f 3165 3620 3110
f 3621 3622 3614
f 3167 3623 3621
f 3623 3622 3621
f 3624 3625 3622
f 3623 3624 3622
f 3622 3612 3614
f 3622 3625 3612
f 3625 3611 3612
f 3625 3626 3611
f 3627 3626 3625
f 3624 3627 3625
f 3628 3627 3624
f 3628 3629 3627
f 3629 3630 3627
f 3627 3630 3626
f 3631 3630 3632
f 3629 3632 3630
f 3633 3626 3630
f 3633 3630 3631
f 3631 3596 3633
f 3631 3594 3596
f 3631 3632 3634
f 3634 3594 3631
f 3634 3635 3636
f 3634 3632 3635
f 3636 3593 3634
f 3634 3593 3594
f 3636 3635 3637
f 3636 3637 3638
f 3638 3639 3636
f 3636 3639 3593
f 3640 3637 3641
f 3640 3642 3637
f 3641 3637 3635
f 3638 3637 3642
f 3643 3642 3640
f 3643 3644 3642
f 3645 3642 3644
f 3638 3642 3645
f 3645 3644 3646
f 3646 3647 3645
f 3645 3648 3638
f 3645 3647 3648
f 3646 3649 3647
f 3649 3575 3647
f 3647 3575 3650
f 3647 3650 3648
f 3575 3576 3650
f 3648 3650 3651
f 3650 3584 3651
f 3650 3576 3584
f 3648 3651 3639
f 3639 3651 3590
f 3651 3585 3590
f 3651 3584 3585
f 3652 3653 3649
f 3653 3573 3649
f 3649 3573 3575
f 3652 3649 3646
f 3654 3653 3652
f 3652 3655 3654
f 3652 3656 3655
f 3646 3656 3652
f 3654 3657 3653
f 3658 3657 3654
f 3654 3659 3658
f 3654 3655 3659
f 3658 3660 3657
f 3658 3661 3662
f 3658 3659 3661
f 3662 3660 3658
f 3662 3555 3660
f 3555 3556 3660
f 3660 3556 3663
f 3660 3663 3657
f 3556 3560 3663
f 3657 3663 3572
f 3663 3569 3572
f 3663 3560 3569
f 3662 3664 3665
f 3662 3661 3664
f 3665 3555 3662
f 3665 3664 3666
f 3665 3666 3667
f 3667 3553 3665
f 3665 3553 3555
f 3668 3666 3669
f 3668 3670 3666
f 3669 3666 3664
f 3667 3666 3670
f 3671 3670 3668
f 3671 3672 3670
f 3673 3670 3672
f 3667 3670 3673
f 3673 3672 3674
f 3674 3675 3673
f 3673 3552 3667
f 3673 3675 3552
f 3674 3676 3675
f 3676 3546 3675
f 3675 3546 3547
f 3675 3547 3552
f 3677 3678 3676
f 3678 3679 3676
f 3676 3679 3546
f 3677 3676 3674
f 3458 3678 3677
f 3677 3459 3458
f 3677 3680 3459
f 3674 3680 3677
f 3681 3680 3682
f 3681 3459 3680
f 3682 3680 3672
f 3674 3672 3680
f 3683 3681 3682
f 3684 3682 3671
f 3683 3682 3684
f 3682 3672 3671
f 3685 3681 3683
f 3686 3685 3683
f 3686 3683 3687
f 3687 3683 3684
f 3687 3684 3688
f 3689 3687 3688
f 3318 3687 3689
f 3318 3686 3687
f 3316 3318 3689
f 3689 3688 3261
f 3260 3689 3261
f 3316 3689 3260
f 3688 3684 3690
f 3688 3690 3691
f 3261 3688 3691
f 3691 3690 3692
f 3691 3692 3253
f 3255 3691 3253
f 3261 3691 3255
f 3690 3668 3692
f 3253 3692 3693
f 3692 3669 3693
f 3692 3668 3669
f 3253 3693 3250
f 3250 3693 3694
f 3693 3695 3694
f 3693 3669 3695
f 3694 3695 3696
f 3669 3664 3695
f 3695 3661 3696
f 3695 3664 3661
f 3694 3696 3697
f 3697 3696 3698
f 3696 3659 3698
f 3696 3661 3659
f 3697 3698 3699
f 3699 3698 3700
f 3698 3655 3700
f 3698 3659 3655
f 3700 3656 3701
f 3702 3700 3701
f 3700 3655 3656
f 3699 3700 3702
f 3703 3699 3702
f 3703 3702 3704
f 3704 3702 3705
f 3702 3701 3705
f 3704 3705 3706
f 3706 3705 3707
f 3705 3643 3707
f 3705 3701 3643
f 3706 3707 3708
f 3708 3707 3709
f 3707 3640 3709
f 3707 3643 3640
f 3708 3709 3178
f 3178 3709 3710
f 3709 3641 3710
f 3709 3640 3641
f 3178 3710 3175
f 3175 3710 3711
f 3710 3712 3711
f 3710 3641 3712
f 3711 3712 3629
f 3641 3635 3712
f 3712 3632 3629
f 3712 3635 3632
f 3175 3711 3176
f 3176 3711 3628
f 3711 3629 3628
f 3186 3706 3708
f 3180 3708 3178
f 3186 3708 3180
f 3713 3704 3706
f 3713 3706 3186
f 3242 3704 3713
f 3240 3242 3713
f 3185 3713 3186
f 3240 3713 3185
f 3242 3703 3704
f 3241 3714 3703
f 3714 3699 3703
f 3241 3703 3242
f 3244 3251 3714
f 3251 3697 3714
f 3714 3697 3699
f 3244 3714 3241
f 3701 3644 3643
f 3701 3656 3644
f 3251 3694 3697
f 3250 3694 3251
f 3684 3671 3690
f 3690 3671 3668
f 3317 3715 3686
f 3715 3685 3686
f 3317 3686 3318
f 3320 3327 3715
f 3327 3454 3715
f 3715 3454 3685
f 3320 3715 3317
f 3454 3455 3685
f 3685 3455 3681
f 3455 3459 3681
f 3466 3468 3679
f 3678 3466 3679
f 3679 3543 3546
f 3679 3468 3543
f 3458 3460 3678
f 3460 3466 3678
f 3667 3552 3553
f 3657 3572 3653
f 3646 3644 3656
f 3653 3572 3573
f 3638 3648 3639
f 3639 3590 3593
f 3633 3596 3606
f 3633 3606 3608
f 3608 3626 3633
f 3176 3628 3716
f 3716 3628 3624
f 3169 3176 3716
f 3716 3624 3623
f 3166 3716 3623
f 3169 3716 3166
f 3608 3611 3626
f 3166 3623 3167
f 3596 3597 3606
f 3587 2983 2984
f 3582 2983 3587
f 3576 3580 3584
f 3582 2982 2983
f 3560 3563 3569
f 3567 2978 2979
f 3550 3549 3558
f 3468 3473 3543
f 3541 2972 2973
f 3425 3422 3462
f 3425 3462 3430
f 3327 3433 3454
f 3326 3433 3327
f 3415 3424 3416
f 3379 3390 3376
f 706 705 3383
f 706 3383 3717
f 3375 3374 3383
f 3717 3383 3374
f 709 706 3717
f 709 3717 3718
f 3717 3374 3719
f 3718 3717 3719
f 712 709 3718
f 712 3718 3357
f 3718 3719 3359
f 3357 3718 3359
f 3719 3372 3361
f 3359 3719 3361
f 3719 3374 3372
f 3361 3372 3363
f 3336 3340 3366
f 715 712 3357
f 729 3353 3720
f 3353 3350 3721
f 3720 3353 3721
f 730 729 3720
f 730 3720 3722
f 3720 3721 3723
f 3722 3720 3723
f 733 730 3722
f 733 3722 3724
f 3722 3723 3725
f 3724 3722 3725
f 735 733 3724
f 735 3724 3726
f 3724 3725 3296
f 3726 3724 3296
f 3727 3726 919
f 3727 735 3726
f 919 3726 3294
f 3726 3296 3294
f 734 735 3727
f 741 734 3727
f 741 3727 914
f 914 3727 919
f 3725 3728 3297
f 3296 3725 3297
f 3725 3723 3728
f 3723 3729 3728
f 3728 3730 3299
f 3297 3728 3299
f 3728 3729 3730
f 3729 3731 3730
f 3730 3732 3301
f 3299 3730 3301
f 3730 3731 3732
f 3731 3733 3732
f 3732 3734 3303
f 3301 3732 3303
f 3732 3733 3734
f 3733 3735 3734
f 3734 3736 3305
f 3303 3734 3305
f 3734 3735 3736
f 3735 3737 3736
f 3736 3738 3307
f 3305 3736 3307
f 3736 3737 3738
f 3737 3739 3738
f 3738 3740 3309
f 3307 3738 3309
f 3738 3739 3740
f 3739 3324 3740
f 3740 3322 3311
f 3309 3740 3311
f 3740 3324 3322
f 3741 3334 3739
f 3737 3741 3739
f 3739 3334 3324
f 3338 3332 3741
f 3742 3338 3741
f 3742 3741 3737
f 3741 3332 3334
f 3341 3338 3742
f 3743 3341 3742
f 3743 3742 3735
f 3735 3742 3737
f 3344 3341 3743
f 3744 3344 3743
f 3744 3743 3733
f 3733 3743 3735
f 3347 3344 3744
f 3745 3347 3744
f 3745 3744 3731
f 3731 3744 3733
f 3350 3347 3745
f 3721 3350 3745
f 3721 3745 3729
f 3729 3745 3731
f 3723 3721 3729
f 3325 3324 3334
f 3311 3322 3313
f 3260 3264 3316
f 919 3294 920
f 923 922 3292
f 923 3292 936
f 936 3292 937
f 3292 3289 937
f 3289 3286 3746
f 937 3289 3746
f 3746 3747 3748
f 938 3746 3748
f 3746 3286 3747
f 937 3746 938
f 3286 3283 3747
f 3747 3749 3750
f 3748 3747 3750
f 3747 3283 3749
f 3283 3280 3749
f 3749 3751 3752
f 3750 3749 3752
f 3749 3280 3751
f 3280 3277 3751
f 3751 3753 3754
f 3752 3751 3754
f 3751 3277 3753
f 3277 3274 3753
f 3753 3755 3756
f 3754 3753 3756
f 3753 3274 3755
f 3274 3271 3755
f 3755 3757 3758
f 3756 3755 3758
f 3755 3271 3757
f 3271 3268 3757
f 3757 3759 3760
f 3758 3757 3760
f 3757 3268 3759
f 3268 3265 3759
f 3759 3761 3762
f 3760 3759 3762
f 3759 3265 3761
f 3265 3262 3761
f 3761 3763 3764
f 3762 3761 3764
f 3761 3262 3763
f 3262 3256 3763
f 3763 3258 3765
f 3764 3763 3765
f 3763 3256 3258
f 3764 3765 3766
f 3765 3248 3767
f 3766 3765 3767
f 3765 3258 3248
f 3768 3764 3766
f 3768 3766 3231
f 3766 3767 3233
f 3231 3766 3233
f 3762 3764 3768
f 3769 3762 3768
f 3769 3768 3229
f 3229 3768 3231
f 3760 3762 3769
f 3770 3760 3769
f 3770 3769 3227
f 3227 3769 3229
f 3758 3760 3770
f 3771 3758 3770
f 3771 3770 3225
f 3225 3770 3227
f 3756 3758 3771
f 3772 3756 3771
f 3772 3771 3223
f 3223 3771 3225
f 3754 3756 3772
f 3773 3754 3772
f 3773 3772 3221
f 3221 3772 3223
f 3752 3754 3773
f 3774 3752 3773
f 3774 3773 3220
f 3220 3773 3221
f 3750 3752 3774
f 3775 3750 3774
f 3775 3774 3776
f 3776 3774 3220
f 3777 3776 3778
f 3777 3775 3776
f 3778 3776 3218
f 3776 3220 3218
f 3779 3777 3778
f 3779 3778 2346
f 2346 3778 2347
f 3778 3218 2347
f 3779 945 941
f 941 3777 3779
f 2346 2345 3779
f 2345 945 3779
f 940 3775 3777
f 941 940 3777
f 940 3748 3775
f 3748 3750 3775
f 3767 3246 3235
f 3233 3767 3235
f 3767 3248 3246
f 938 3748 940
f 3249 3248 3258
f 3235 3246 3237
f 3185 3189 3240
f 3214 3211 3780
f 3781 3214 3780
f 2350 3214 3781
f 2351 2350 3781
f 2351 3781 2360
f 2360 3781 2362
f 3781 3780 2362
f 3780 3782 3783
f 2362 3780 3783
f 3780 3211 3782
f 3211 3208 3782
f 3782 3784 3785
f 3783 3782 3785
f 3782 3208 3784
f 3208 3205 3784
f 3784 3786 3787
f 3785 3784 3787
f 3784 3205 3786
f 3205 3202 3786
f 3786 3788 3789
f 3787 3786 3789
f 3786 3202 3788
f 3202 3199 3788
f 3788 3790 3791
f 3789 3788 3791
f 3788 3199 3790
f 3199 3196 3790
f 3790 3792 3793
f 3791 3790 3793
f 3790 3196 3792
f 3196 3193 3792
f 3792 3794 3795
f 3793 3792 3795
f 3792 3193 3794
f 3193 3190 3794
f 3794 3796 3797
f 3795 3794 3797
f 3794 3190 3796
f 3190 3187 3796
f 3796 3798 3799
f 3797 3796 3799
f 3796 3187 3798
f 3187 3181 3798
f 3798 3183 3800
f 3799 3798 3800
f 3798 3181 3183
f 3799 3800 3801
f 3800 3173 3802
f 3801 3800 3802
f 3800 3183 3173
f 3803 3799 3801
f 3803 3801 3156
f 3801 3802 3158
f 3156 3801 3158
f 3797 3799 3803
f 3804 3797 3803
f 3804 3803 3154
f 3154 3803 3156
f 3795 3797 3804
f 3805 3795 3804
f 3805 3804 3152
f 3152 3804 3154
f 3793 3795 3805
f 3806 3793 3805
f 3806 3805 3150
f 3150 3805 3152
f 3791 3793 3806
f 3807 3791 3806
f 3807 3806 3148
f 3148 3806 3150
f 3789 3791 3807
f 3808 3789 3807
f 3808 3807 3146
f 3146 3807 3148
f 3787 3789 3808
f 3809 3787 3808
f 3809 3808 3145
f 3145 3808 3146
f 3785 3787 3809
f 3810 3785 3809
f 3810 3809 3811
f 3811 3809 3145
f 2365 3811 3812
f 2365 3810 3811
f 3812 3811 3143
f 3811 3145 3143
f 2366 2365 3812
f 2366 3812 2371
f 2371 3812 2377
f 3812 3143 2377
f 2363 3810 2365
f 2363 3783 3810
f 3783 3785 3810
f 3802 3171 3160
f 3158 3802 3160
f 3802 3173 3171
f 2362 3783 2363
f 3174 3173 3183
f 3160 3171 3162
f 3110 3114 3165
f 3139 3136 3813
f 2389 3139 3813
f 2380 3139 2389
f 3813 3814 3815
f 2390 3813 3815
f 3813 3136 3814
f 2389 3813 2390
f 3136 3133 3814
f 3814 3816 3817
f 3815 3814 3817
f 3814 3133 3816
f 3133 3130 3816
f 3816 3818 3819
f 3817 3816 3819
f 3816 3130 3818
f 3130 3127 3818
f 3818 3820 3821
f 3819 3818 3821
f 3818 3127 3820
f 3127 3124 3820
f 3820 3822 3823
f 3821 3820 3823
f 3820 3124 3822
f 3124 3121 3822
f 3822 3824 3825
f 3823 3822 3825
f 3822 3121 3824
f 3121 3118 3824
f 3824 3826 3827
f 3825 3824 3827
f 3824 3118 3826
f 3118 3115 3826
f 3826 3828 3829
f 3827 3826 3829
f 3826 3115 3828
f 3115 3112 3828
f 3828 3830 3831
f 3829 3828 3831
f 3828 3112 3830
f 3112 3106 3830
f 3830 3108 3832
f 3831 3830 3832
f 3830 3106 3108
f 3831 3832 3833
f 3832 3097 3094
f 3833 3832 3094
f 3832 3108 3097
f 3834 3831 3833
f 3835 3833 3093
f 3834 3833 3835
f 3833 3094 3093
f 3836 3834 3835
f 3837 3834 3836
f 3829 3831 3834
f 3837 3829 3834
f 3838 3837 3836
f 3827 3829 3837
f 3839 3827 3837
f 3839 3837 3838
f 3840 3839 3838
f 3841 3840 3838
f 3841 3838 3842
f 3842 3838 3836
f 3841 3842 2542
f 3842 3836 3843
f 3842 3843 2544
f 2542 3842 2544
f 3843 3836 3835
f 3843 3835 3844
f 3843 3844 2546
f 2544 3843 2546
f 3844 3835 3093
f 3844 3093 3091
f 3844 3091 2548
f 2546 3844 2548
f 3845 3841 2540
f 3845 3840 3841
f 2540 3841 2542
f 3846 3845 2538
f 3846 3847 3845
f 3845 3847 3840
f 2538 3845 2540
f 3848 3849 3847
f 3846 3848 3847
f 3847 3850 3840
f 3849 3850 3847
f 3823 3825 3850
f 3849 3823 3850
f 3850 3825 3839
f 3850 3839 3840
f 3851 3849 3848
f 3821 3823 3849
f 3851 3821 3849
f 3852 3851 3848
f 3819 3821 3851
f 3853 3819 3851
f 3853 3851 3852
f 3854 3853 3852
f 3855 3854 3852
f 3855 3852 3856
f 3856 3852 3848
f 3855 3856 2535
f 3856 3848 3846
f 3856 3846 2536
f 2535 3856 2536
f 3857 3855 3858
f 3857 3854 3855
f 3858 3855 2535
f 3859 3858 2416
f 3859 3857 3858
f 2416 3858 2533
f 3858 2535 2533
f 2395 3857 3859
f 3860 2395 3859
f 3860 3859 2413
f 2413 3859 2416
f 2407 2395 3860
f 2413 2408 3860
f 2408 2407 3860
f 2395 3861 3857
f 3857 3861 3854
f 2392 3862 3861
f 2393 2392 3861
f 2393 3861 2395
f 3861 3862 3854
f 2392 3815 3862
f 3815 3817 3862
f 3862 3817 3853
f 3862 3853 3854
f 3817 3819 3853
f 2536 3846 2538
f 3825 3827 3839
f 2390 3815 2392
f 3099 3097 3108
f 3101 3077 3081
f 3086 3089 3098
f 3086 3098 3080
f 3080 3098 3081
f 2548 3091 2550
f 3863 3084 3082
f 3863 2559 3084
f 3864 3863 3865
f 3864 3866 3863
f 3865 3863 3082
f 3866 2559 3863
f 3867 3864 3865
f 3867 3865 3072
f 3072 3865 3073
f 3865 3082 3073
f 3868 3864 3867
f 3068 3867 3072
f 3869 3867 3068
f 3869 3868 3867
f 3868 3870 3864
f 3871 3870 3868
f 3871 3868 3869
f 3869 3872 3871
f 3872 3873 3871
f 3871 3874 3870
f 3873 3874 3871
f 3875 3873 3872
f 3876 3873 3875
f 3876 3874 3873
f 3877 3874 3876
f 3001 3877 3876
f 3001 3876 3002
f 3002 3876 3875
f 3874 3877 2578
f 3877 3878 3879
f 2578 3877 3879
f 3878 3877 3001
f 3880 3878 3881
f 3879 3878 3880
f 3881 3878 3882
f 2996 3882 3878
f 2996 3878 2998
f 2998 3878 3001
f 3881 3882 2935
f 2935 3882 2937
f 2938 2937 3882
f 2938 3882 2996
f 3883 3880 3881
f 3884 3883 3881
f 3881 2935 3884
f 3884 2935 2936
f 3885 3886 3884
f 3884 2936 3885
f 3884 3886 3883
f 3887 3883 3886
f 3885 3888 3886
f 3889 3886 3888
f 3887 3886 3889
f 3890 3889 3891
f 3890 3887 3889
f 3891 3889 3892
f 3889 3888 3892
f 3891 3892 2595
f 2595 3892 3893
f 3892 3894 3893
f 3892 3888 3894
f 3895 3894 3888
f 3896 3897 3894
f 3893 3894 3897
f 3896 3894 3895
f 3895 3888 3885
f 3885 2940 3895
f 3895 2941 3896
f 3895 2940 2941
f 3898 3897 3896
f 3896 2942 3898
f 3896 2941 2942
f 3899 3900 3898
f 3898 2943 3899
f 3898 2942 2943
f 3898 3900 3897
f 3901 3900 3902
f 3901 3897 3900
f 3902 3900 3903
f 3899 3903 3900
f 3904 3905 3903
f 3906 3903 3905
f 3904 3903 3899
f 3902 3903 3906
f 3907 3902 3906
f 3906 3905 3908
f 3909 3906 3908
f 3907 3906 3909
f 3910 3907 3909
f 3910 3909 3911
f 3911 3909 3912
f 3909 3908 3912
f 3911 3912 3913
f 3913 3912 3914
f 3912 3915 3914
f 3912 3908 3915
f 3914 3915 3916
f 3908 3917 3915
f 3915 3918 3916
f 3915 3917 3918
f 3919 3918 3917
f 3920 3921 3918
f 3916 3918 3921
f 3920 3918 3919
f 3919 2947 3920
f 3919 2946 2947
f 3922 2946 3919
f 3919 3917 3922
f 3922 2945 2946
f 3904 2945 3922
f 3922 3905 3904
f 3922 3917 3905
f 3923 3921 3920
f 3920 2948 3923
f 3920 2947 2948
f 3924 3925 3923
f 3923 2949 3924
f 3923 2948 2949
f 3923 3925 3921
f 3926 3921 3925
f 3924 3927 3925
f 3928 3925 3927
f 3926 3925 3928
f 3929 3928 3930
f 3929 3926 3928
f 3930 3928 3931
f 3928 3927 3931
f 3931 3932 3933
f 3934 3931 3933
f 3931 3927 3932
f 3930 3931 3934
f 3935 3934 2845
f 3935 3930 3934
f 2845 3934 2847
f 3934 3933 2847
f 2844 3935 2845
f 3936 3935 2844
f 3936 3937 3935
f 3937 3930 3935
f 3938 3939 3937
f 3939 3929 3937
f 3937 3929 3930
f 3938 3937 3936
f 3936 3940 3938
f 3941 3939 3938
f 3938 3942 3941
f 3938 3940 3942
f 3941 3943 3939
f 3944 3943 3941
f 3941 3945 3944
f 3941 3942 3945
f 3944 3913 3943
f 3946 3913 3944
f 3944 3947 3946
f 3944 3945 3947
f 3946 3911 3913
f 3946 2608 2607
f 3946 3947 2608
f 2607 3911 3946
f 2611 2608 3947
f 3948 3947 3945
f 2611 3947 3948
f 3949 3948 3950
f 3949 2611 3948
f 3950 3948 3951
f 3948 3945 3951
f 3951 3942 3952
f 3953 3951 3952
f 3951 3945 3942
f 3950 3951 3953
f 3954 3950 3953
f 3954 3953 3955
f 3955 3953 3956
f 3953 3952 3956
f 3955 3956 2831
f 2831 3956 2833
f 3956 3957 2833
f 3956 3952 3957
f 3952 3940 3957
f 3957 3958 2835
f 2833 3957 2835
f 3957 3940 3958
f 2835 3958 2838
f 3936 3958 3940
f 2844 2838 3958
f 2844 3958 3936
f 2633 3955 2831
f 2628 3955 2633
f 2628 3954 3955
f 2625 3959 3954
f 3959 3950 3954
f 2625 3954 2628
f 2619 2616 3959
f 2616 3949 3959
f 3959 3949 3950
f 2619 3959 2625
f 3952 3942 3940
f 2610 2611 3949
f 2616 2610 3949
f 3913 3914 3943
f 3943 3914 3960
f 3943 3960 3939
f 3914 3916 3960
f 3939 3960 3929
f 3960 3926 3929
f 3960 3916 3926
f 3933 3932 3961
f 3962 3932 3927
f 3963 3961 3932
f 3963 3932 3962
f 3962 3927 3924
f 3924 2950 3962
f 3962 2951 3963
f 3962 2950 2951
f 3963 2952 3964
f 3963 2951 2952
f 3964 3961 3963
f 3964 2952 2953
f 3964 3965 3961
f 3964 2953 3966
f 3966 3965 3964
f 3966 2953 2954
f 3966 3967 3965
f 3966 2954 2925
f 2925 3967 3966
f 3968 3965 3967
f 2925 2923 3967
f 3969 3967 2923
f 3968 3967 3969
f 3970 3969 2920
f 2850 3969 3970
f 2850 3968 3969
f 3969 2923 2920
f 2851 3970 2855
f 2851 2850 3970
f 2855 3970 2919
f 3970 2920 2919
f 3971 3965 3968
f 2848 3971 3968
f 2848 3968 2850
f 3933 3961 3971
f 2847 3933 3971
f 3971 3961 3965
f 2847 3971 2848
f 3916 3921 3926
f 3924 2949 2950
f 3908 3905 3917
f 2607 3910 3911
f 2602 2599 3910
f 2599 3907 3910
f 2602 3910 2607
f 2598 3902 3907
f 2599 2598 3907
f 3904 2944 2945
f 3899 2944 3904
f 2598 3901 3902
f 3893 3897 3901
f 2596 3901 2598
f 2596 3893 3901
f 3899 2943 2944
f 2595 3893 2596
f 2586 3890 3891
f 2586 3891 2589
f 2589 3891 2595
f 2582 3890 2586
f 2582 2581 3890
f 2581 3887 3890
f 3972 3883 3887
f 2581 3972 3887
f 3879 3880 3972
f 2579 3879 3972
f 3972 3880 3883
f 2579 3972 2581
f 3885 2936 2940
f 2578 3879 2579
f 3875 3872 3065
f 3004 3875 3065
f 3002 3875 3004
f 2575 3874 2576
f 2575 3870 3874
f 2576 3874 2578
f 3066 3872 3869
f 3065 3872 3066
f 3870 3866 3864
f 3866 3870 3973
f 3973 3870 3974
f 3974 3870 2575
f 3973 3974 2566
f 2566 3974 2569
f 2569 3974 2575
f 2561 3973 2563
f 2561 3866 3973
f 2563 3973 2566
f 3066 3869 3068
f 2559 3866 2561
f 3053 3070 3050
f 3061 3070 3053
f 3004 3065 3063
f 3005 3004 3063
f 3005 3063 3008
f 3051 3041 3039
f 3023 3032 3025
f 3027 2934 2933
f 2989 3015 2988
f 2995 2999 2994
f 2898 2900 2955
f 2925 2954 2926
f 2916 2917 2924
f 2855 2919 2858
f 2858 2919 2864
f 2867 2912 2913
f 2867 2913 3975
f 2913 2908 3976
f 3975 2913 3976
f 2868 2867 3975
f 2868 3975 2888
f 2888 3975 2889
f 3975 3976 2889
f 3976 2905 2891
f 2889 3976 2891
f 3976 2908 2905
f 2865 2912 2867
f 2891 2905 2895
f 2871 2868 2888
f 2871 2888 2876
f 681 680 2880
f 677 2873 2874
f 677 2874 678
f 3977 2870 2873
f 3978 3977 2873
f 3978 2873 677
f 3979 3977 3978
f 671 3979 3978
f 671 3978 672
f 672 3978 677
f 3980 3979 671
f 3980 3981 3979
f 3979 3982 3977
f 3981 3982 3979
f 3983 3984 3981
f 3985 3983 3981
f 3985 3981 3980
f 3981 3984 3982
f 3984 2859 3982
f 3984 2857 2859
f 3986 2857 3984
f 3983 3986 3984
f 3987 3986 3983
f 3987 3988 3986
f 3988 2854 3986
f 3986 2854 2857
f 3989 3988 3987
f 3989 2840 3988
f 2840 2842 3988
f 3988 2842 2854
f 2822 3989 2823
f 2822 2836 3989
f 2823 3989 3987
f 2836 2840 3989
f 2823 3987 3990
f 3990 3987 3983
f 2816 2823 3990
f 3990 3983 3985
f 2813 3990 3985
f 2816 3990 2813
f 2814 3985 3980
f 2813 3985 2814
f 3982 2862 3977
f 3982 2859 2862
f 669 3980 671
f 2814 3980 669
f 3977 2862 2870
f 2861 2870 2862
f 2825 2836 2822
f 2642 2641 2829
f 2642 2829 3991
f 2821 2820 2829
f 3991 2829 2820
f 2645 2642 3991
f 2645 3991 3992
f 3991 2820 3993
f 3992 3991 3993
f 2648 2645 3992
f 2648 3992 2804
f 3992 3993 2806
f 2804 3992 2806
f 3993 2818 2808
f 2806 3993 2808
f 3993 2820 2818
f 2808 2818 2810
f 668 2814 669
f 2651 2648 2804
f 2613 2604 2605
f 2592 2601 2593
f 2492 2567 2489
f 2499 2556 2500
f 2416 2533 2417
f 2420 2419 2531
f 2420 2531 3994
f 3994 2531 3995
f 2531 2528 3995
f 3994 3995 2432
f 2432 3995 2435
f 3995 3996 2435
f 3995 2528 3996
f 2528 2525 3996
f 3996 3997 3998
f 2435 3996 3998
f 3996 2525 3997
f 2525 2522 3997
f 3997 3999 4000
f 3998 3997 4000
f 3997 2522 3999
f 2522 2519 3999
f 3999 4001 4002
f 4000 3999 4002
f 3999 2519 4001
f 2519 2516 4001
f 4001 4003 4004
f 4002 4001 4004
f 4001 2516 4003
f 2516 2513 4003
f 4003 4005 4006
f 4004 4003 4006
f 4003 2513 4005
f 2513 2510 4005
f 4005 4007 4008
f 4006 4005 4008
f 4005 2510 4007
f 2510 2507 4007
f 4007 4009 4010
f 4008 4007 4010
f 4007 2507 4009
f 2507 2504 4009
f 4009 4011 4012
f 4010 4009 4012
f 4009 2504 4011
f 2504 2501 4011
f 4011 4013 4014
f 4012 4011 4014
f 4011 2501 4013
f 2501 2495 4013
f 4013 2497 4015
f 4014 4013 4015
f 4013 2495 2497
f 4014 4015 4016
f 4015 2487 4017
f 4016 4015 4017
f 4015 2497 2487
f 4018 4014 4016
f 4018 4016 2465
f 4016 4017 2468
f 2465 4016 2468
f 4012 4014 4018
f 4019 4012 4018
f 4019 4018 2462
f 2462 4018 2465
f 4010 4012 4019
f 4020 4010 4019
f 4020 4019 2459
f 2459 4019 2462
f 4008 4010 4020
f 4021 4008 4020
f 4021 4020 2456
f 2456 4020 2459
f 4006 4008 4021
f 4022 4006 4021
f 4022 4021 2453
f 2453 4021 2456
f 4004 4006 4022
f 4023 4004 4022
f 4023 4022 2450
f 2450 4022 2453
f 4002 4004 4023
f 4024 4002 4023
f 4024 4023 2447
f 2447 4023 2450
f 4000 4002 4024
f 4025 4000 4024
f 4025 4024 2445
f 2445 4024 2447
f 2436 4025 2438
f 2436 3998 4025
f 3998 4000 4025
f 2438 4025 2445
f 4017 2485 2471
f 2468 4017 2471
f 4017 2487 2485
f 2435 3998 2436
f 3994 2422 2420
f 2432 2428 3994
f 2428 2422 3994
f 2488 2487 2497
f 2471 2485 2474
f 557 2449 558
f 2426 30 32
f 2410 37 38
f 2410 38 2405
f 2407 2396 2395
f 2405 38 4026
f 2405 4026 2403
f 38 39 4026
f 4026 39 2285
f 4026 2285 2287
f 2403 4026 2287
f 2381 2380 2389
f 2374 2384 2375
f 2369 2356 2357
f 2369 2357 2359
f 2360 2354 2351
f 2356 2302 2337
f 2343 946 2345
f 2345 946 945
f 2343 950 946
f 2290 2291 2298
f 2273 2295 2293
f 2273 2293 2274
f 2274 2293 2279
f 39 43 2285
f 2274 2279 2276
f 2270 2186 2187
f 2188 2270 2187
f 997 993 2258
f 2200 2191 2192
f 2198 2184 2183
f 52 2178 48
f 2178 46 48
f 2178 45 46
f 1113 1111 2151
f 126 2152 123
f 1101 1102 1109
f 1085 1084 1095
f 1075 1082 1076
f 1062 1058 1071
f 1008 1006 1021
f 1014 1008 1021
f 989 992 1010
f 974 972 982
f 965 966 975
f 289 290 958
f 948 295 296
f 930 948 296
f 943 932 934
f 943 930 932
f 936 925 923
f 916 910 912
f 910 299 307
f 616 619 897
f 895 897 4027
f 619 620 897
f 897 620 4027
f 4027 620 4028
f 4028 4029 4027
f 4027 4029 4030
f 4027 4030 895
f 895 4030 891
f 4030 889 891
f 4030 4031 889
f 4029 4031 4030
f 4032 4033 4031
f 4029 4032 4031
f 4031 887 889
f 4031 4033 887
f 638 641 4033
f 4032 638 4033
f 4033 885 887
f 4033 641 885
f 635 638 4032
f 4034 635 4032
f 4034 4032 4029
f 632 635 4034
f 626 632 4034
f 626 4034 4028
f 4028 4034 4029
f 4028 621 626
f 620 621 4028
f 869 896 870
f 641 644 885
f 814 863 815
f 859 856 854
f 653 656 842
f 754 808 755
f 782 687 688
f 761 725 731
f 737 761 731
f 761 727 725
f 758 761 737
f 750 758 748
f 748 758 737
f 748 737 738
f 675 676 684
f 675 665 667
f 625 632 626
f 629 603 601
f 627 603 629
f 612 606 627
f 627 606 603
f 617 332 333
f 596 587 583
f 572 571 579
f 576 534 574
f 574 534 536
f 548 21 29
f 541 13 15
f 535 13 541
f 535 12 13
f 526 527 531
f 4035 529 4036
f 4035 7 529
f 4036 529 4037
f 4037 529 512
f 7 11 529
f 4036 4037 505
f 4037 512 514
f 4037 514 506
f 505 4037 506
f 505 4035 4036
f 505 4038 4035
f 4038 8 4035
f 8 7 4035
f 502 4038 505
f 502 4039 4038
f 4038 4040 8
f 4039 4040 4038
f 4041 4042 4039
f 504 4041 4039
f 504 4039 502
f 4039 4042 4040
f 4041 4043 4042
f 4042 4043 4044
f 4040 4042 4045
f 4042 4044 4045
f 4045 4 4040
f 4045 4044 4046
f 4046 4047 4045
f 4045 4047 4
f 1 4 4047
f 1 4047 4048
f 4046 4048 4047
f 4048 23 1
f 4049 4048 4046
f 4049 23 4048
f 69 4049 72
f 69 23 4049
f 72 4049 4046
f 73 4046 4044
f 72 4046 73
f 4050 4044 4043
f 73 4044 4050
f 86 4050 89
f 75 4050 86
f 4050 4043 89
f 75 73 4050
f 4051 4043 4041
f 4051 89 4043
f 88 89 4051
f 94 88 4051
f 94 4051 4052
f 4052 4051 4041
f 98 94 4052
f 4052 4041 504
f 501 4052 504
f 98 4052 501
f 4040 5 8
f 4040 4 5
f 421 521 338
f 423 521 421
f 506 514 509
f 100 98 501
f 492 435 437
f 465 479 464
f 112 477 142
f 142 477 145
f 177 467 4053
f 467 461 4053
f 177 4053 178
f 178 4053 183
f 4053 457 183
f 4053 461 457
f 459 442 443
f 4054 411 450
f 449 4054 450
f 450 411 407
f 418 417 4054
f 427 418 4054
f 427 4054 449
f 4054 417 411
f 430 427 449
f 440 430 449
f 432 423 424
f 421 338 336
f 417 413 410
f 417 410 411
f 207 405 400
f 208 400 213
f 207 400 208
f 346 348 397
f 343 327 324
f 322 323 330
f 299 300 307
f 284 283 289
f 269 264 277
f 253 254 262
f 233 228 241
f 217 218 226
f 197 192 205
f 181 182 190
f 161 156 169
f 147 139 141
f 113 112 142
f 134 116 115
f 134 121 116
f 118 124 101
f 124 99 101
f 118 101 103
f 86 76 75
f 79 59 78
f 78 59 60
f 78 60 71
f 67 24 69
f 69 24 23
f 71 60 62
f 67 26 24
f 4055 33 65
f 55 4055 65
f 55 65 64
f 65 27 26
f 65 33 27
f 41 35 4055
f 51 41 4055
f 51 4055 55
f 4055 35 33
f 58 55 64
f 49 41 51
f 21 22 29
f 23 17 1
f 1 17 2
# </faces>
